Country,City,Unnamed: 2,Unnamed: 3,Unnamed: 4,Unnamed: 5,Unnamed: 6,Unnamed: 7
United States of America,Lewiston,,,,,,
France,Lomme,,,,,,
Poland,Lubaczow,,,,,,
Egypt,Luxor,,,,,,
Finland,Aanekoski,,,,,,
Nigeria,Abakaliki,,,,,,
Portugal,Agueda,,,,,,
Australia,Albury,,,,,,
Russian Federation,Alekseyevka,,,,,,
India,Alipur Duar,,,,,,
Germany,Altdorf,,,,,,
Mozambique,Angoche,,,,,,
Belgium,Arlon,,,,,,
India,Attur,,,,,,
China,Dezhou,,,,,,
Niger,Dogondoutchi,,,,,,
Netherlands,Eibergen,,,,,,
Afghanistan,Eskasem,,,,,,
Sweden,Eslov,,,,,,
France,Evry,,,,,,
United States of America,Flower Mound,,,,,,
United States of America,Fort Madison,,,,,,
Argentina,General Roca,,,,,,
France,Cluses,,,,,,
United States of America,Collierville,,,,,,
France,Colomiers,,,,,,
France,Cran Gevrier,,,,,,
Brazil,Cravinhos,,,,,,
United States of America,Culpeper,,,,,,
Pakistan,Mankera,,,,,,
France,Marcq En Baroeul,,,,,,
South Africa,Graaff Reinet,,,,,,
United States of America,Hagerstown,,,,,,
China,Handan,,,,,,
Australia,Hervey Bay,,,,,,
India,Jamtara,,,,,,
Indonesia,Jeluko,,,,,,
Indonesia,Kadipaten,,,,,,
India,Kalyani,,,,,,
Slovenia,Kamnik,,,,,,
United States of America,Hillcrest Heights,,,,,,
Finland,Hollola,,,,,,
Democratic Republic of the Congo,Ilebo,,,,,,
Germany,Schleiden,,,,,,
Switzerland,Schwyz,,,,,,
Germany,Sendenhorst,,,,,,
Pakistan,Sanghar,,,,,,
Brazil,Santa Maria,,,,,,
Brazil,Santa Rosa De Viterbo,,,,,,
India,Someshwar,,,,,,
Netherlands,Son En Breugel,,,,,,
France,Stains,,,,,,
United States of America,Sturgis,,,,,,
Poland,Sulejowek,,,,,,
Uganda,Kiboga,,,,,,
Hungary,Kormend,,,,,,
Russian Federation,Koryazhma,,,,,,
Turkey,Kozan,,,,,,
Unknown,Kramat,,,,,,
Netherlands,Langedijk,,,,,,
United States of America,Lathrop,,,,,,
Germany,Aalen,,,,,,
Yemen,Aden,,,,,,
Ecuador,Alausi,,,,,,
United States of America,Amherst,,,,,,
Netherlands,Apeldoorn,,,,,,
Russian Federation,Davlekanovo,,,,,,
United States of America,Dearborn,,,,,,
India,Dharangaon,,,,,,
India,Dondaicha,,,,,,
Netherlands,Epe,,,,,,
United States of America,Federal Way,,,,,,
Democratic Republic of the Congo,Kikwit,,,,,,
Sweden,Koping,,,,,,
Spain,Lalin,,,,,,
France,Les Lilas,,,,,,
Germany,Lilienthal,,,,,,
Chile,Loncoche,,,,,,
China,Lotung,,,,,,
China,Lushunkou,,,,,,
Chile,La Ligua,,,,,,
United Republic of Tanzania,Magugu,,,,,,
India,Maham,,,,,,
Brazil,Neropolis,,,,,,
United States of America,New Bedford,,,,,,
United States of America,New Britain,,,,,,
United States of America,New Castle,,,,,,
United States of America,North Merrick,,,,,,
Italy,Novellara,,,,,,
United Republic of Tanzania,Nshamba,,,,,,
Mexico,Ocotlan,,,,,,
Venezuela (Bolivarian Republic of),Goaigoaza,,,,,,
Brazil,Goiana,,,,,,
Brazil,Guapimirim,,,,,,
Italy,Guspini,,,,,,
United Republic of Tanzania,Hedaru,,,,,,
China,Hefei,,,,,,
Denmark,Hillerod,,,,,,
Brazil,Ibatiba,,,,,,
Germany,Ibbenburen,,,,,,
Brazil,Igarape,,,,,,
Indonesia,Indramayu,,,,,,
Germany,Itzehoe,,,,,,
China,Jingdezhen,,,,,,
India,Kantabanji,,,,,,
Pakistan,Karak,,,,,,
India,Karnal,,,,,,
Russian Federation,Marks,,,,,,
Pakistan,Mehrabpur,,,,,,
United States of America,Morgantown,,,,,,
Switzerland,Munsingen,,,,,,
Cameroon,Ngaoundere,,,,,,
United States of America,North Miami,,,,,,
United States of America,North New Hyde Park,,,,,,
United States of America,Northview,,,,,,
Pakistan,Okara,,,,,,
Portugal,Oliveira De Azemeis,,,,,,
Nigeria,Oyan,,,,,,
Russian Federation,Polazna,,,,,,
Guatemala,Poptun,,,,,,
United States of America,Prior Lake,,,,,,
India,Rajapur,,,,,,
India,Rambha,,,,,,
India,Yellamanchili,,,,,,
Russian Federation,Yemanzhelinsk,,,,,,
Mexico,Zacualtipan,,,,,,
United Kingdom of Great Britain and Northern Ireland,Farnborough,,,,,,
United States of America,Fayetteville,,,,,,
Romania,Basarabi,,,,,,
South Africa,Colesberg,,,,,,
United States of America,Marinette,,,,,,
Germany,Mayen,,,,,,
United States of America,Metuchen,,,,,,
United States of America,Mountain Home,,,,,,
United Republic of Tanzania,Mtwango,,,,,,
Saudi Arabia,Najran,,,,,,
Thailand,Nakhon Ratchasima,,,,,,
China,Nanchang,,,,,,
India,Milak,,,,,,
Brazil,Mombaca,,,,,,
Italy,Monopoli,,,,,,
Italy,Montignoso,,,,,,
Japan,Aioi,,,,,,
Brazil,Alagoinhas,,,,,,
Venezuela (Bolivarian Republic of),Altagracia De Orituco,,,,,,
Brazil,Altos,,,,,,
Romania,Arad,,,,,,
Brazil,Assis,,,,,,
Mexico,Atlixco,,,,,,
France,Auchel,,,,,,
Italy,Avezzano,,,,,,
Italy,Azzano Decimo,,,,,,
China,Bamiantong,,,,,,
Brazil,Barbalha,,,,,,
Thailand,Bang Mun Nak,,,,,,
Philippines,Bantay,,,,,,
Brazil,Barrinha,,,,,,
Benin,Bassila,,,,,,
Central African Republic,Batangafo,,,,,,
Libya,Benghazi,,,,,,
Germany,Bergheim,,,,,,
India,Bihar,,,,,,
India,Bobbili,,,,,,
Brazil,Brumado,,,,,,
Germany,Buchloe,,,,,,
Italy,Cornaredo,,,,,,
France,Creteil,,,,,,
United States of America,Camden,,,,,,
United States of America,Castro Valley,,,,,,
United States of America,Cayey,,,,,,
India,Chandur Bazar,,,,,,
Germany,Birsfelden,,,,,,
Russian Federation,Blagoveshchenka,,,,,,
Romania,Botosani,,,,,,
Bosnia and Herzegovina,Brcko,,,,,,
India,Chiknayakanhalli,,,,,,
Pakistan,Daur,,,,,,
China,Dengzhou,,,,,,
Belgium,Diepenbeek,,,,,,
Madagascar,Beloha,,,,,,
India,Bhadasar,,,,,,
India,Bilkha,,,,,,
United States of America,Overland Park,,,,,,
Brazil,Pastos Bons,,,,,,
Russian Federation,Petrovsk Zabaykalskiy,,,,,,
Brazil,Piracuruca,,,,,,
Australia,Port Pirie,,,,,,
Colombia,Puerto Boyaca,,,,,,
China,Qidong,,,,,,
Bangladesh,Raypur,,,,,,
South Africa,Reitz,,,,,,
United States of America,Roanoke,,,,,,
Brazil,Rondonopolis,,,,,,
United States of America,Rosemount,,,,,,
Syrian Arab Republic,Salamiyah,,,,,,
Spain,San Pedro Del Pinatar,,,,,,
Germany,Sandhausen,,,,,,
Benin,Athieme,,,,,,
Brazil,Auriflama,,,,,,
Russian Federation,Bachi Yurt,,,,,,
Spain,Bailen,,,,,,
Bangladesh,Bajitpur,,,,,,
Indonesia,Bandar,,,,,,
Russian Federation,Belaya Kalitva,,,,,,
United States of America,Bessemer,,,,,,
Pakistan,Bhag,,,,,,
Brazil,Afogados Da Ingazeira,,,,,,
Spain,Almendralejo,,,,,,
Italy,Alpignano,,,,,,
India,Sayalgudi,,,,,,
Pakistan,Shahpur City,,,,,,
Japan,Shiroishi,,,,,,
Malaysia,Simpang Rengam,,,,,,
Germany,Sinsheim,,,,,,
United States of America,Phillipsburg,,,,,,
United States of America,Pomona,,,,,,
Angola,Soyo,,,,,,
Russian Federation,Starovelichkovskaya,,,,,,
United States of America,Sulphur Springs,,,,,,
Nigeria,Port Harcourt,,,,,,
Serbia,Prijepolje,,,,,,
Tunisia,Qafsah,,,,,,
United Republic of Tanzania,Sikonge,,,,,,
Denmark,Slagelse,,,,,,
Philippines,Solano,,,,,,
Italy,Scafati,,,,,,
Indonesia,Serpong,,,,,,
Germany,Salzkotten,,,,,,
India,Samdari,,,,,,
United States of America,Red Bluff,,,,,,
United States of America,Rockwall,,,,,,
Italy,Orbassano,,,,,,
Czechia,Pardubice,,,,,,
United States of America,Kannapolis,,,,,,
Indonesia,Kedungwaru,,,,,,
Malaysia,Kelapa Sawit,,,,,,
Azerbaijan,Kesla,,,,,,
India,Khadki,,,,,,
China,Yatou,,,,,,
Uzbekistan,Yaypan,,,,,,
Peru,Barranca,,,,,,
Kuwait,Bayan,,,,,,
Uzbekistan,Bekobod,,,,,,
Spain,Berja,,,,,,
India,Bhanjanagar,,,,,,
India,Bharwari,,,,,,
Republic of Moldova,Briceni,,,,,,
Costa Rica,Calle Blancos,,,,,,
Spain,Camargo,,,,,,
Brazil,Campanha,,,,,,
Italy,Casatenovo,,,,,,
United States of America,Chambersburg,,,,,,
India,Chengannur,,,,,,
Chile,Chiguayante,,,,,,
Mexico,Chilac,,,,,,
India,Chitapur,,,,,,
Colombia,Cajica,,,,,,
Czechia,Cesky Krumlov,,,,,,
France,Clichy,,,,,,
United States of America,Cortland,,,,,,
Canada,Cranbrook,,,,,,
Colombia,Dabeiba,,,,,,
Germany,Buren,,,,,,
Australia,Busselton,,,,,,
Philippines,Dasmarinas,,,,,,
Republic of North Macedonia,Delcevo,,,,,,
Pakistan,Dokri,,,,,,
United States of America,East Greenwich,,,,,,
Mexico,El Arenal,,,,,,
Germany,Eningen,,,,,,
Brazil,Espirito Santo Do Pinhal,,,,,,
Germany,Esslingen,,,,,,
Brazil,Faxinal,,,,,,
Bangladesh,Maulvi Bazar,,,,,,
India,Mehkar,,,,,,
Belgium,Merchtem,,,,,,
Brazil,Milagres,,,,,,
Gabon,Mouila,,,,,,
Germany,Munster,,,,,,
United States of America,West Plains,,,,,,
Australia,Whyalla,,,,,,
China,Wuhu,,,,,,
China,Yinchuan,,,,,,
Japan,Yomitan,,,,,,
Brazil,Toritama,,,,,,
Russian Federation,Troitsk,,,,,,
Philippines,Tuguegarao,,,,,,
Unknown,Turiacu,,,,,,
Romania,Turnu Magurele,,,,,,
United States of America,Vandalia,,,,,,
Croatia,Varazdin,,,,,,
Ukraine,Vysokyy,,,,,,
Japan,Waki,,,,,,
United States of America,Warrenville,,,,,,
France,Wattignies,,,,,,
Rwanda,Gitarama,,,,,,
United States of America,Goose Creek,,,,,,
United States of America,Gorham,,,,,,
France,Gros Morne,,,,,,
Peru,Ilo,,,,,,
United States of America,Hopkinton,,,,,,
India,Hosur,,,,,,
Peru,Huanuco,,,,,,
United States of America,Idaho Falls,,,,,,
Japan,Fussa,,,,,,
Ethiopia,Gewane,,,,,,
Germany,Havixbeck,,,,,,
Unknown,Otaru,,,,,,
Unknown,Tawau,,,,,,
United States of America,Taylorsville,,,,,,
Italy,Tempio Pausania,,,,,,
South Africa,Thohoyandou,,,,,,
Guinea,Tondon,,,,,,
Madagascar,Tsaratanana,,,,,,
Japan,Tsuyama,,,,,,
Indonesia,Tulangan,,,,,,
Bangladesh,Tungi,,,,,,
Japan,Ueno,,,,,,
India,Utran,,,,,,
Italy,Vedelago,,,,,,
Brazil,Santos,,,,,,
Brazil,Sao Bento,,,,,,
Brazil,Sao Joaquim Do Monte,,,,,,
Colombia,Malambo,,,,,,
Russian Federation,Maloyaroslavets,,,,,,
United States of America,Westbury,,,,,,
United States of America,Whittier,,,,,,
Netherlands,Wierden,,,,,,
United Kingdom of Great Britain and Northern Ireland,Wilmslow,,,,,,
Germany,Wilnsdorf,,,,,,
China,Xiangxiang,,,,,,
Mexico,Xoxocotlan,,,,,,
Japan,Yachimata,,,,,,
Colombia,Saravena,,,,,,
United States of America,Sauk Rapids,,,,,,
United States of America,Seagoville,,,,,,
Turkey,Seydisehir,,,,,,
Serbia,Sid,,,,,,
India,Sidhpura,,,,,,
United Kingdom of Great Britain and Northern Ireland,Airdrie,,,,,,
Costa Rica,Alajuelita,,,,,,
China,Changping,,,,,,
Cuba,Cifuentes,,,,,,
Poland,Czeladz,,,,,,
China,Yuli,,,,,,
India,Zaidpur,,,,,,
Germany,Zeven,,,,,,
Germany,Zwiesel,,,,,,
Italy,Castelfiorentino,,,,,,
United States of America,Brownsville,,,,,,
Russian Federation,Bryansk,,,,,,
Colombia,Calarca,,,,,,
India,Bansi,,,,,,
Slovakia,Banska Stiavnica,,,,,,
Spain,Olot,,,,,,
Japan,Oyabe,,,,,,
India,Pithapuram,,,,,,
Czechia,Plzen,,,,,,
Brazil,Pompeu,,,,,,
India,Pratapgarh,,,,,,
Finland,Raahe,,,,,,
Mexico,Coyuca,,,,,,
Colombia,Curumani,,,,,,
Malaysia,Pasir Gudang,,,,,,
Myanmar,Pathein,,,,,,
Brazil,Pau Dos Ferros,,,,,,
Italy,Pescantina,,,,,,
United States of America,Romulus,,,,,,
Germany,Steinheim,,,,,,
Zambia,Kaoma,,,,,,
China,Taikang,,,,,,
Brazil,Tamandare,,,,,,
China,Tancheng,,,,,,
Spain,Tarragona,,,,,,
United Kingdom of Great Britain and Northern Ireland,Walsall,,,,,,
Australia,Dubbo,,,,,,
Pakistan,Dunyapur,,,,,,
Brazil,Duque De Caxias,,,,,,
United States of America,Elk Plain,,,,,,
China,Dongli,,,,,,
Sweden,Falkoping,,,,,,
Turkmenistan,Farap,,,,,,
Mexico,Berriozabal,,,,,,
Senegal,Bignona,,,,,,
Unknown,Bodo,,,,,,
India,Along,,,,,,
India,Ambah,,,,,,
Indonesia,Arjawinangun,,,,,,
Brazil,Abreu E Lima,,,,,,
Mexico,Acaponeta,,,,,,
Israel,Ashdod,,,,,,
Italy,Asti,,,,,,
Mexico,Atenco,,,,,,
United States of America,Auburndale,,,,,,
Germany,Bad Durkheim,,,,,,
India,Tenkasi,,,,,,
Brazil,Terra Rica,,,,,,
United Kingdom of Great Britain and Northern Ireland,Thatcham,,,,,,
United States of America,The Crossings,,,,,,
New Zealand,Tokoroa,,,,,,
France,Tourcoing,,,,,,
Brazil,Ubatuba,,,,,,
United Kingdom of Great Britain and Northern Ireland,Kingsteignton,,,,,,
Japan,Koganei,,,,,,
Russian Federation,Krasnogorskiy,,,,,,
Russian Federation,Krasnousolskiy,,,,,,
Japan,Kudamatsu,,,,,,
Unknown,Labuan,,,,,,
United States of America,Lackawanna,,,,,,
Brazil,Lagoa Santa,,,,,,
China,Lingdong,,,,,,
India,Lonavale,,,,,,
Bulgaria,Lovec,,,,,,
Japan,Akabira,,,,,,
Greece,Amalias,,,,,,
Ethiopia,Metehara,,,,,,
Mexico,Motul,,,,,,
United States of America,Mustang,,,,,,
Japan,Nagayo,,,,,,
Kenya,Nakuru,,,,,,
Pakistan,Daultala,,,,,,
India,Diamond Harbour,,,,,,
India,Dighwara,,,,,,
United States of America,Elmont,,,,,,
Japan,Fukaya,,,,,,
Germany,Furstenfeldbruck,,,,,,
Pakistan,Garhi Khairo,,,,,,
United States of America,Hinesville,,,,,,
United States of America,Inkster,,,,,,
Poland,Jedrzejow,,,,,,
Greece,Kalamata,,,,,,
Mexico,Eldorado,,,,,,
Iran (Islamic Republic of),Esfahan,,,,,,
France,Etaples,,,,,,
Côte d'Ivoire,Ferkessedougou,,,,,,
United States of America,Kernersville,,,,,,
United States of America,Kennesaw,,,,,,
Germany,Unterhaching,,,,,,
Kazakhstan,Urdzhar,,,,,,
Turkey,Uzunkopru,,,,,,
Mexico,Valladolid,,,,,,
India,Vapi,,,,,,
Germany,Varel,,,,,,
United States of America,Vero Beach,,,,,,
United States of America,Thomasville,,,,,,
France,Thonon Les Bains,,,,,,
China,Tianmen,,,,,,
France,Troyes,,,,,,
Spain,Tudela,,,,,,
China,Tunghsiao,,,,,,
India,Viraganur,,,,,,
Russian Federation,Vostryakovo,,,,,,
Russian Federation,Vyazemskiy,,,,,,
Japan,Kushikino,,,,,,
Unknown,La Condamine,,,,,,
United States of America,Laguna Woods,,,,,,
United States of America,Las Cruces,,,,,,
United States of America,Levelland,,,,,,
China,Lianzhou,,,,,,
Democratic Republic of the Congo,Likasi,,,,,,
Uganda,Lira,,,,,,
Russian Federation,Lokot,,,,,,
New Zealand,Lower Hutt,,,,,,
Poland,Lubsko,,,,,,
Brazil,Macaubas,,,,,,
United Kingdom of Great Britain and Northern Ireland,Macclesfield,,,,,,
Indonesia,Magetan,,,,,,
Russian Federation,Makhachkala,,,,,,
Japan,Chigasaki,,,,,,
Spain,Coria Del Rio,,,,,,
Serbia,Cuprija,,,,,,
Russian Federation,Bolshevo,,,,,,
Côte d'Ivoire,Bongouanou,,,,,,
Ukraine,Boyarka,,,,,,
United States of America,Branford,,,,,,
Saudi Arabia,Buraydah,,,,,,
Uganda,Busembatia,,,,,,
Brazil,Cardoso,,,,,,
United States of America,Centereach,,,,,,
Costa Rica,Chacarita,,,,,,
Philippines,Kiamba,,,,,,
Russian Federation,Klintsy,,,,,,
India,Kopargaon,,,,,,
India,Koraput,,,,,,
Germany,Korb,,,,,,
United Republic of Tanzania,Kandete,,,,,,
Mali,Kangaba,,,,,,
India,Kankipadu,,,,,,
Thailand,Kantang,,,,,,
India,Kesabpur,,,,,,
Russian Federation,Krasnozavodsk,,,,,,
Czechia,Kadan,,,,,,
Japan,Kaminokawa,,,,,,
United States of America,Fond Du Lac,,,,,,
Liberia,Gbarnga,,,,,,
United States of America,Encinitas,,,,,,
United States of America,Euclid,,,,,,
France,Firminy,,,,,,
United States of America,Eloy,,,,,,
United States of America,Gahanna,,,,,,
Brazil,Guaraciaba Do Norte,,,,,,
United States of America,Haines City,,,,,,
Norway,Halden,,,,,,
Philippines,Hermosa,,,,,,
United States of America,Hillsdale,,,,,,
Russian Federation,Ilskiy,,,,,,
India,Indi,,,,,,
Spain,Jaca,,,,,,
India,Jhajjar,,,,,,
Pakistan,Jhawarian,,,,,,
Sierra Leone,Kailahun,,,,,,
Italy,Frattamaggiore,,,,,,
United Kingdom of Great Britain and Northern Ireland,George Town,,,,,,
China,Nanding,,,,,,
Guinea,Nzerekore,,,,,,
Nigeria,Obosi,,,,,,
Iran (Islamic Republic of),Shirvan,,,,,,
Tunisia,Silyanah,,,,,,
Indonesia,Singaparna,,,,,,
Ukraine,Slavutych,,,,,,
Pakistan,Khangarh,,,,,,
India,Talegaon Dabhade,,,,,,
India,Jhunjhunun,,,,,,
China,Jiancheng,,,,,,
China,Jinsha,,,,,,
Ukraine,Solonytsivka,,,,,,
Poland,Srem,,,,,,
Germany,Stollberg,,,,,,
United States of America,Lawrenceburg,,,,,,
China,Lengshuitan,,,,,,
Germany,Lotte,,,,,,
Argentina,Lujan,,,,,,
Colombia,Maicao,,,,,,
Philippines,Manaoag,,,,,,
Brazil,Mandaguacu,,,,,,
United Kingdom of Great Britain and Northern Ireland,Mangotsfield,,,,,,
Sweden,Mjolby,,,,,,
United States of America,Mauldin,,,,,,
China,Meilu,,,,,,
Germany,Meiningen,,,,,,
Ukraine,Kreminna,,,,,,
United Republic of Tanzania,Kyela,,,,,,
Chile,La Serena,,,,,,
Cuba,Marti,,,,,,
Uganda,Mbale,,,,,,
Philippines,Montevista,,,,,,
Spain,Novelda,,,,,,
United States of America,Morro Bay,,,,,,
Thailand,Na Wa,,,,,,
Serbia,Pristina,,,,,,
Malaysia,Pulau Sebang,,,,,,
India,Purnia,,,,,,
China,Qianjiang,,,,,,
Sudan,Rabak,,,,,,
Italy,Raffadali,,,,,,
Mauritius,Port Louis,,,,,,
Germany,Langelsheim,,,,,,
United States of America,Lansdowne,,,,,,
Unknown,Madang,,,,,,
Belgium,Marche En Famenne,,,,,,
Brazil,Mari,,,,,,
China,Liyang,,,,,,
Netherlands,Lopik,,,,,,
Netherlands,Losser,,,,,,
Brazil,Macau,,,,,,
Russian Federation,Kizel,,,,,,
United States of America,Palmetto Estates,,,,,,
Germany,Peiting,,,,,,
Germany,Wernau,,,,,,
United States of America,West Fargo,,,,,,
Germany,Wipperfurth,,,,,,
Netherlands,Wisch,,,,,,
China,Xiaoshi,,,,,,
China,Yanan,,,,,,
Mali,Nara,,,,,,
Tajikistan,Nau,,,,,,
Russian Federation,Nazarovo,,,,,,
India,Nimbahera,,,,,,
India,Nongstoin,,,,,,
United States of America,North Auburn,,,,,,
Germany,Nurtingen,,,,,,
Germany,Ohringen,,,,,,
Albania,Gjirokaster,,,,,,
Netherlands,Goes,,,,,,
India,Sadabad,,,,,,
United States of America,Saint George,,,,,,
France,Saint Amand Les Eaux,,,,,,
Slovakia,Samorin,,,,,,
Indonesia,Jati,,,,,,
Brazil,Juquitiba,,,,,,
India,Kaithal,,,,,,
Germany,Kall,,,,,,
Sri Lanka,Kalutara,,,,,,
Russian Federation,Irkutsk,,,,,,
South Africa,Glencoe,,,,,,
Gabon,Lambarene,,,,,,
Germany,Langenzenn,,,,,,
Austria,Leonding,,,,,,
Russian Federation,Luza,,,,,,
India,Maisuru,,,,,,
India,Meghraj,,,,,,
Somalia,Mogadishu,,,,,,
Japan,Muramatsu,,,,,,
Kenya,Mwingi,,,,,,
Colombia,Sahagun,,,,,,
Thailand,Sai Buri,,,,,,
Brazil,Raposa,,,,,,
Brazil,Rio Piracicaba,,,,,,
Italy,San Michele Al Tagliamento,,,,,,
Brazil,Santo Antonio Da Platina,,,,,,
Thailand,Satun,,,,,,
Brazil,Seara,,,,,,
China,Shanhetun,,,,,,
Belgium,Sint Gillis Waas,,,,,,
Iran (Islamic Republic of),Yazd,,,,,,
Viet Nam,Yen Bai,,,,,,
Finland,Ylojarvi,,,,,,
United States of America,Yuba City,,,,,,
United States of America,Zanesville,,,,,,
Senegal,Ziguinchor,,,,,,
Ukraine,Zolochiv,,,,,,
United States of America,Glenn Dale,,,,,,
Russian Federation,Goryachiy Klyuch,,,,,,
United States of America,Guilford,,,,,,
Nepal,Gulariya,,,,,,
Australia,Gympie,,,,,,
Japan,Hamada,,,,,,
United States of America,Haverstraw,,,,,,
Mexico,Hecelchakan,,,,,,
Germany,Heidenheim,,,,,,
Russian Federation,Inskoy,,,,,,
United States of America,Jasper,,,,,,
India,Jaunpur,,,,,,
China,Jining,,,,,,
Unknown,Kalamansig,,,,,,
India,Kamakhyanagar,,,,,,
Russian Federation,Kandry,,,,,,
Finland,Kauhajoki,,,,,,
Japan,Kawasaki,,,,,,
China,Dawukou,,,,,,
India,Disa,,,,,,
Brazil,Santa Rita Do Sapucai,,,,,,
Poland,Rzeszow,,,,,,
Japan,Kisogawa,,,,,,
Russian Federation,Kopeysk,,,,,,
Ukraine,Koryukivka,,,,,,
Slovakia,Kosice,,,,,,
Germany,Kothen,,,,,,
Colombia,La Calera,,,,,,
Hungary,Szentes,,,,,,
India,Unhel,,,,,,
Nigeria,Uyo,,,,,,
France,Valenton,,,,,,
Denmark,Viborg,,,,,,
Canada,Victoriaville,,,,,,
France,Villepinte,,,,,,
South Africa,Villiers,,,,,,
Bosnia and Herzegovina,Visoko,,,,,,
United States of America,Waterbury,,,,,,
United States of America,Webb City,,,,,,
United States of America,Summerville,,,,,,
India,Ausa,,,,,,
Japan,Ayase,,,,,,
Germany,Bad Gandersheim,,,,,,
Germany,Bergkamen,,,,,,
Indonesia,Bireun,,,,,,
Ukraine,Balakliya,,,,,,
Germany,Blankenburg,,,,,,
Central African Republic,Bossangoa,,,,,,
France,Agde,,,,,,
Tunisia,Akkudah,,,,,,
Poland,Aleksandrow Kujawski,,,,,,
South Africa,Aliwal North,,,,,,
Malaysia,Alor Gajah,,,,,,
India,Ambikapur,,,,,,
Brazil,Araraquara,,,,,,
India,Ashoknagar,,,,,,
Germany,Sigmaringen,,,,,,
India,Terdal,,,,,,
Germany,Tettnang,,,,,,
Mexico,Ticul,,,,,,
Peru,Tumbes,,,,,,
Lithuania,Ukmerge,,,,,,
Mongolia,Ulaanbaatar,,,,,,
Unknown,Valdez,,,,,,
United States of America,Spring,,,,,,
Russian Federation,Staryye Atagi,,,,,,
Germany,Stelle,,,,,,
United Kingdom of Great Britain and Northern Ireland,Stranraer,,,,,,
United States of America,Strongsville,,,,,,
Russian Federation,Surazh,,,,,,
Japan,Taketoyo,,,,,,
Philippines,Tanay,,,,,,
Argentina,Tandil,,,,,,
Brazil,Taquarituba,,,,,,
India,Saurikh,,,,,,
Germany,Schleswig,,,,,,
Japan,Shimonoseki,,,,,,
Thailand,Si Bun Ruang,,,,,,
Pakistan,Sita Road,,,,,,
Togo,Sokode,,,,,,
Senegal,Sokone,,,,,,
Spain,Sada,,,,,,
United Kingdom of Great Britain and Northern Ireland,Southend On Sea,,,,,,
Russian Federation,Sukhoy Log,,,,,,
Japan,Gose,,,,,,
Ecuador,Guano,,,,,,
India,Halisahar,,,,,,
Netherlands,Helden,,,,,,
United Kingdom of Great Britain and Northern Ireland,Helensburgh,,,,,,
Netherlands,Hilversum,,,,,,
Ukraine,Hrebinka,,,,,,
China,Huangyan,,,,,,
Pakistan,Hunza,,,,,,
Guinea-Bissau,Gabu,,,,,,
Brazil,Gandu,,,,,,
United Kingdom of Great Britain and Northern Ireland,Gibraltar,,,,,,
Brazil,Itatiba,,,,,,
Brazil,Janauba,,,,,,
Slovenia,Jesenice,,,,,,
India,Jhalu,,,,,,
Malaysia,Johor Bahru,,,,,,
Philippines,Kalilangan,,,,,,
Zambia,Kawambwa,,,,,,
United Kingdom of Great Britain and Northern Ireland,Motherwell,,,,,,
Australia,Mount Gambier,,,,,,
Papua New Guinea,Mount Hagen,,,,,,
Uganda,Namasuba,,,,,,
Brazil,Natal,,,,,,
India,Nawada,,,,,,
Nepal,Nepalganj,,,,,,
United Kingdom of Great Britain and Northern Ireland,Loughton,,,,,,
Philippines,Magarao,,,,,,
South Sudan,Malakal,,,,,,
Spain,Manresa,,,,,,
Guatemala,Mazatenango,,,,,,
France,Meudon,,,,,,
Hungary,Mezotur,,,,,,
Tajikistan,Leningradskiy,,,,,,
South Africa,Lichtenburg,,,,,,
Japan,Kumano,,,,,,
Uganda,Kyenjojo,,,,,,
Italy,Pianezza,,,,,,
Iran (Islamic Republic of),Piranshahr,,,,,,
Russian Federation,Priyutovo,,,,,,
Germany,Pulheim,,,,,,
Bangladesh,Ramgarh,,,,,,
Germany,Rheinfelden,,,,,,
United States of America,Paragould,,,,,,
Brazil,Penapolis,,,,,,
India,Petlad,,,,,,
Italy,Olbia,,,,,,
Sri Lanka,Kotte,,,,,,
Finland,Kuopio,,,,,,
France,Le Pecq,,,,,,
Russian Federation,Lebedyan,,,,,,
Philippines,Legaspi,,,,,,
United Republic of Tanzania,Mabama,,,,,,
Spain,Albox,,,,,,
United Kingdom of Great Britain and Northern Ireland,Aldershot,,,,,,
France,Allonnes,,,,,,
Uzbekistan,Asaka,,,,,,
China,Daxian,,,,,,
Ghana,Ejura,,,,,,
Spain,Estepona,,,,,,
United States of America,Fairbanks,,,,,,
United Kingdom of Great Britain and Northern Ireland,Fareham,,,,,,
Guatemala,Fraijanes,,,,,,
Belgium,Frameries,,,,,,
United States of America,Covington,,,,,,
United States of America,Cromwell,,,,,,
Mexico,Cuautitlan Izcalli,,,,,,
Thailand,Mae Ramat,,,,,,
India,Malavalli,,,,,,
Mozambique,Manjacaze,,,,,,
Pakistan,Daska,,,,,,
Japan,Date,,,,,,
United States of America,Desert Hot Springs,,,,,,
France,Dijon,,,,,,
India,Dwarka,,,,,,
United States of America,Gretna,,,,,,
China,Haibowan,,,,,,
United Kingdom of Great Britain and Northern Ireland,Herne Bay,,,,,,
Ukraine,Horlivka,,,,,,
India,Hoskote,,,,,,
United States of America,Huber Heights,,,,,,
United States of America,Hurricane,,,,,,
Democratic Republic of the Congo,Inongo,,,,,,
Honduras,Intibuca,,,,,,
Pakistan,Jalalpur Jattan,,,,,,
Mexico,Jiutepec,,,,,,
Hungary,Kalocsa,,,,,,
Belgium,Kampenhout,,,,,,
Hungary,Mateszalka,,,,,,
Russian Federation,Menzelinsk,,,,,,
Russian Federation,Nadym,,,,,,
Mexico,Nava,,,,,,
Greece,Nea Smirni,,,,,,
France,Noisy Le Sec,,,,,,
United States of America,North Smithfield,,,,,,
Kenya,Nyeri,,,,,,
Japan,Ogawara,,,,,,
United States of America,Rantoul,,,,,,
Portugal,Rio De Mouro,,,,,,
Germany,Rodgau,,,,,,
Russian Federation,Oyskhara,,,,,,
Spain,Palma Del Rio,,,,,,
Hungary,Paszto,,,,,,
Thailand,Pho Thong,,,,,,
Italy,Pisticci,,,,,,
Germany,Premnitz,,,,,,
Mexico,Puerto Penasco,,,,,,
India,Pulwama,,,,,,
United States of America,Radcliff,,,,,,
Italy,Benevento,,,,,,
Belgium,Beyne Heusay,,,,,,
Ukraine,Bolhrad,,,,,,
Democratic Republic of the Congo,Boma,,,,,,
Madagascar,Ankazoabo,,,,,,
India,Baharampur,,,,,,
Sudan,Barbar,,,,,,
Italy,Arzachena,,,,,,
Peru,Ascope,,,,,,
United States of America,Augusta,,,,,,
United States of America,Avon Lake,,,,,,
Viet Nam,Bac Lieu,,,,,,
Germany,Bad Waldsee,,,,,,
Cuba,Baguanos,,,,,,
Brazil,Ribeirao Do Pinhal,,,,,,
Japan,Onojo,,,,,,
Iran (Islamic Republic of),Oshnaviyeh,,,,,,
India,Pathardi,,,,,,
United States of America,Norwalk,,,,,,
Ukraine,Nova Odesa,,,,,,
United States of America,Oldsmar,,,,,,
Spain,Pontevedra,,,,,,
Greece,Yiannitsa,,,,,,
Ecuador,Zamora,,,,,,
Russian Federation,Zavolzhye,,,,,,
China,Wuchi,,,,,,
China,Yantongshan,,,,,,
United States of America,West Islip,,,,,,
Germany,Wetzlar,,,,,,
United States of America,White Settlement,,,,,,
United States of America,Wickliffe,,,,,,
Germany,Rottweil,,,,,,
France,Saint Andre,,,,,,
Benin,Sakete,,,,,,
Russian Federation,Sorsk,,,,,,
Armenia,Yeghvard,,,,,,
India,Yelbarga,,,,,,
China,Yichang,,,,,,
Nigeria,Zaria,,,,,,
Russian Federation,Zavodoukovsk,,,,,,
China,Zhangye,,,,,,
China,Zunyi,,,,,,
Russian Federation,Zvenigovo,,,,,,
India,Abhayapuri,,,,,,
Algeria,Aflu,,,,,,
United States of America,Shreveport,,,,,,
Romania,Sibiu,,,,,,
India,Sira,,,,,,
Italy,Sorso,,,,,,
Brazil,Sao Jose Da Coroa Grande,,,,,,
Netherlands,De Lier,,,,,,
Germany,Delitzsch,,,,,,
Côte d'Ivoire,Divo,,,,,,
Netherlands,Doesburg,,,,,,
India,Tikamgarh,,,,,,
Mexico,Tlaxcala,,,,,,
Spain,Tomelloso,,,,,,
Russian Federation,Tula,,,,,,
India,Umarga,,,,,,
India,Upleta,,,,,,
Netherlands,Vaals,,,,,,
India,Vartej,,,,,,
Ukraine,Vatutine,,,,,,
Belarus,Vawkavysk,,,,,,
Unknown,Victoria Point,,,,,,
United States of America,Waterford,,,,,,
United States of America,Waycross,,,,,,
China,Wencheng,,,,,,
United Kingdom of Great Britain and Northern Ireland,Weston Super Mare,,,,,,
Germany,Wolfratshausen,,,,,,
Poland,Wrzesnia,,,,,,
Russian Federation,Zadonsk,,,,,,
Iran (Islamic Republic of),Zanjan,,,,,,
Poland,Zdunska Wola,,,,,,
India,Bawana,,,,,,
United States of America,Bellevue,,,,,,
India,Bina Etawa,,,,,,
India,Bodh Gaya,,,,,,
Iran (Islamic Republic of),Bojnurd,,,,,,
Russian Federation,Botlikh,,,,,,
Philippines,Buru Un,,,,,,
Burundi,Bururi,,,,,,
Portugal,Amadora,,,,,,
Philippines,Angono,,,,,,
Brazil,Casa Nova,,,,,,
United States of America,Conway,,,,,,
United States of America,Cutler Ridge,,,,,,
Romania,Nasaud,,,,,,
Slovakia,Nitra,,,,,,
India,Shrigonda,,,,,,
Iraq,Sinjar,,,,,,
Armenia,Spitak,,,,,,
India,Thasra,,,,,,
Belgium,Tienen,,,,,,
Mexico,Tlacolula,,,,,,
United States of America,Sunnyside,,,,,,
Unknown,Sur,,,,,,
Russian Federation,Surgut,,,,,,
United States of America,Suwanee,,,,,,
Russian Federation,Svetogorsk,,,,,,
Mexico,Tampico,,,,,,
United States of America,Terrytown,,,,,,
Thailand,Thung Song,,,,,,
Brazil,Tobias Barreto,,,,,,
United States of America,Tracy,,,,,,
Japan,Ueki,,,,,,
Germany,Ulm,,,,,,
Germany,Dingolfing,,,,,,
Russian Federation,Dolgoprudnyy,,,,,,
Brazil,Maracacume,,,,,,
Russian Federation,Khotkovo,,,,,,
Germany,Kleinmachnow,,,,,,
Thailand,Kanchanaburi,,,,,,
Belgium,Kraainem,,,,,,
Pakistan,Kunri,,,,,,
Colombia,La Virginia,,,,,,
United States of America,Mattoon,,,,,,
United Republic of Tanzania,Mbekenyera,,,,,,
United States of America,Menasha,,,,,,
Hungary,Szigetvar,,,,,,
Indonesia,Tabanan,,,,,,
Peru,Tacna,,,,,,
India,Taloda,,,,,,
Indonesia,Tarub,,,,,,
Mexico,Tecamac,,,,,,
Mexico,Teloloapan,,,,,,
India,Tiptur,,,,,,
Spain,Torello,,,,,,
Italy,Trieste,,,,,,
Italy,Trinitapoli,,,,,,
Japan,Tsushima,,,,,,
Japan,Uji,,,,,,
India,Uravakonda,,,,,,
South Africa,Ventersburg,,,,,,
Russian Federation,Vladikavkaz,,,,,,
United States of America,Walnut Park,,,,,,
United States of America,Watsonville,,,,,,
Germany,Weeze,,,,,,
Brazil,Codo,,,,,,
Germany,Bad Neustadt,,,,,,
India,Barkhera,,,,,,
Netherlands,Bedum,,,,,,
Austria,Bischofshofen,,,,,,
Germany,Bonen,,,,,,
France,Bouguenais,,,,,,
Ukraine,Brovary,,,,,,
United States of America,Brownwood,,,,,,
Philippines,Calamba,,,,,,
Viet Nam,Cam Pha,,,,,,
Italy,Castel San Giovanni,,,,,,
Mexico,Pueblo Nuevo,,,,,,
India,Rajgarh,,,,,,
France,Saint Avertin,,,,,,
France,Saint Die,,,,,,
Japan,Matto,,,,,,
United States of America,Milford,,,,,,
United States of America,Mineola,,,,,,
Portugal,Moita,,,,,,
India,Mughal Sarai,,,,,,
United States of America,East Stroudsburg,,,,,,
Spain,Ecija,,,,,,
India,Daudnagar,,,,,,
Latvia,Daugavpils,,,,,,
Republic of North Macedonia,Dolneni,,,,,,
Mexico,Pochutla,,,,,,
Iran (Islamic Republic of),Ramshir,,,,,,
United States of America,Elkton,,,,,,
United States of America,Merrimack,,,,,,
Japan,Muika,,,,,,
Guyana,New Amsterdam,,,,,,
United States of America,Newburgh,,,,,,
India,Olpad,,,,,,
Indonesia,Pakisaji,,,,,,
United States of America,Paris,,,,,,
Poland,Paslek,,,,,,
Cabo Verde,Praia,,,,,,
China,Qianguo,,,,,,
Russian Federation,Shcherbinka,,,,,,
Russian Federation,Sokol,,,,,,
India,Surajgarh,,,,,,
Italy,Syracuse,,,,,,
Brazil,Taboao Da Serra,,,,,,
Egypt,Tanta,,,,,,
India,Tasgaon,,,,,,
Germany,Geesthacht,,,,,,
Russian Federation,Golyshmanovo,,,,,,
Brazil,Itupiranga,,,,,,
India,Jamai,,,,,,
Sierra Leone,Bo,,,,,,
United States of America,Brandon,,,,,,
Romania,Campulung,,,,,,
Italy,Castel Maggiore,,,,,,
Italy,Castelfranco Di Sotto,,,,,,
United States of America,Abbeville,,,,,,
France,Aix Les Bains,,,,,,
Italy,Arzano,,,,,,
Japan,Ashiya,,,,,,
Germany,Bad Urach,,,,,,
Germany,Bad Windsheim,,,,,,
Ukraine,Bakhchysaray,,,,,,
Indonesia,Bantul,,,,,,
Burkina Faso,Dano,,,,,,
Unknown,Diu,,,,,,
South Africa,Cullinan,,,,,,
India,Curchorem,,,,,,
Unknown,Formia,,,,,,
Italy,Chiavari,,,,,,
Viet Nam,Ha Noi,,,,,,
Finland,Hameenlinna,,,,,,
United Kingdom of Great Britain and Northern Ireland,Harlow,,,,,,
India,Khowai,,,,,,
United Republic of Tanzania,Kiomboi,,,,,,
India,Kollam,,,,,,
China,Kunming,,,,,,
United States of America,La Grange Park,,,,,,
Germany,Ladenburg,,,,,,
Spain,Las Palmas,,,,,,
Germany,Lindenberg,,,,,,
Italy,Magione,,,,,,
Colombia,Maria La Baja,,,,,,
Poland,Pulawy,,,,,,
Germany,Rietberg,,,,,,
Pakistan,Sanjwal,,,,,,
Brazil,Sao Joao De Meriti,,,,,,
Turkey,Mustafakemalpasa,,,,,,
Japan,Niigata,,,,,,
Italy,Nonantola,,,,,,
Russian Federation,Novovoronezh,,,,,,
Brazil,Agua Branca,,,,,,
United States of America,Allen Park,,,,,,
India,Amarwara,,,,,,
Brazil,Serro,,,,,,
Malaysia,Sibu,,,,,,
Portugal,Pinhal Novo,,,,,,
United Kingdom of Great Britain and Northern Ireland,Solihull,,,,,,
United States of America,Spanaway,,,,,,
Japan,Suibara,,,,,,
Japan,Shijonawate,,,,,,
Indonesia,Slawi,,,,,,
China,Dongtai,,,,,,
Brazil,Erechim,,,,,,
Turkey,Gediz,,,,,,
United States of America,El Cajon,,,,,,
United States of America,Alderwood Manor,,,,,,
Russian Federation,Anadyr,,,,,,
United States of America,Appleton,,,,,,
Russian Federation,Armavir,,,,,,
Brazil,Augusto Correa,,,,,,
New Zealand,Avarua,,,,,,
Italy,Avigliano,,,,,,
United Kingdom of Great Britain and Northern Ireland,Aylesbury,,,,,,
Unknown,Constanta,,,,,,
Brazil,Correntina,,,,,,
United States of America,Cottage Grove,,,,,,
United States of America,College Station,,,,,,
Indonesia,Curup,,,,,,
Indonesia,Gondang,,,,,,
Portugal,Gulpilhares,,,,,,
China,Hanyang,,,,,,
Germany,Herzogenaurach,,,,,,
United States of America,Hibbing,,,,,,
Germany,Hofgeismar,,,,,,
United Republic of Tanzania,Ikungi,,,,,,
Italy,Impruneta,,,,,,
Pakistan,Jhelum,,,,,,
Nicaragua,Jinotepe,,,,,,
Sri Lanka,Kalmunai,,,,,,
Russian Federation,Kaspiysk,,,,,,
Bulgaria,Kazanlak,,,,,,
Mexico,Delicias,,,,,,
Germany,Rotenburg,,,,,,
Mexico,Ruiz,,,,,,
Unknown,Safety Harbor,,,,,,
France,Courcouronnes,,,,,,
Brazil,Sao Jose Dos Campos,,,,,,
Ethiopia,Bedele,,,,,,
Russian Federation,Boksitogorsk,,,,,,
France,Bruges,,,,,,
Argentina,Campana,,,,,,
United States of America,Canandaigua,,,,,,
Portugal,Canidelo,,,,,,
Italy,Caravaggio,,,,,,
Ireland,Carlow,,,,,,
India,Chitradurga,,,,,,
India,Palladam,,,,,,
Brazil,Pedra Branca,,,,,,
Guatemala,Morales,,,,,,
Germany,Langgons,,,,,,
Kazakhstan,Makat,,,,,,
United States of America,Mandan,,,,,,
Romania,Husi,,,,,,
Belgium,Huy,,,,,,
Brazil,Ipua,,,,,,
Unknown,Ischia,,,,,,
Jordan,Jawa,,,,,,
China,Jiaohe,,,,,,
Japan,Joetsu,,,,,,
India,Kaliyaganj,,,,,,
Hungary,Karcag,,,,,,
Unknown,Key West,,,,,,
Brazil,Guacui,,,,,,
Italy,Gubbio,,,,,,
Unknown,Haimen,,,,,,
United States of America,Hempstead,,,,,,
Switzerland,Freienbach,,,,,,
France,Fresnes,,,,,,
Afghanistan,Gazni,,,,,,
Germany,Geretsried,,,,,,
Viet Nam,Hue,,,,,,
India,Hukeri,,,,,,
Czechia,Decin,,,,,,
Germany,Eilenburg,,,,,,
Spain,Ferrol,,,,,,
Germany,Frechen,,,,,,
Spain,Gandia,,,,,,
Colombia,Neiva,,,,,,
Japan,Niihama,,,,,,
Romania,Odorheiu Secuiesc,,,,,,
India,Sonepur,,,,,,
United Kingdom of Great Britain and Northern Ireland,South Shields,,,,,,
Serbia,Sremska Mitrovica,,,,,,
Libya,Suluq,,,,,,
Niger,Tera,,,,,,
Russian Federation,Teykovo,,,,,,
Japan,Tsukuba,,,,,,
United States of America,Turlock,,,,,,
Mexico,Tuxtla Gutierrez,,,,,,
Mexico,Tuxtla,,,,,,
Russian Federation,Tynda,,,,,,
Brazil,Uniao,,,,,,
Russian Federation,Tarki,,,,,,
Estonia,Tartu,,,,,,
India,Vandalur,,,,,,
Sweden,Vanersborg,,,,,,
France,Verrieres Le Buisson,,,,,,
United States of America,Kankakee,,,,,,
Albania,Kavaje,,,,,,
Estonia,Kohtla Jarve,,,,,,
Poland,Konstantynow Lodzki,,,,,,
United Republic of Tanzania,Kibondo,,,,,,
Uzbekistan,Kogon,,,,,,
United States of America,Kokomo,,,,,,
India,Kuttanallur,,,,,,
France,La Teste De Buch,,,,,,
China,Langxiang,,,,,,
France,Le Bourget,,,,,,
Russian Federation,Likhovskoy,,,,,,
Cameroon,Limbe,,,,,,
China,Linqu,,,,,,
China,Lujiang,,,,,,
Philippines,Lusacan,,,,,,
Brazil,Ipira,,,,,,
Indonesia,Jakarta,,,,,,
Indonesia,Kencong,,,,,,
Thailand,Pho Chai,,,,,,
Uzbekistan,Pop,,,,,,
India,Periyakulam,,,,,,
Greece,Paiania,,,,,,
Indonesia,Palu,,,,,,
India,Faizpur,,,,,,
India,Fatehpur Sikri,,,,,,
Malaysia,Jertih,,,,,,
Hungary,Hajdusamson,,,,,,
United States of America,Highview,,,,,,
Italy,Serravalle Pistoiese,,,,,,
France,Vigneux Sur Seine,,,,,,
Italy,Villacidro,,,,,,
Jordan,Wadi Musa,,,,,,
India,Warangal,,,,,,
India,Wazirganj,,,,,,
Germany,Weinheim,,,,,,
United States of America,Westland,,,,,,
Brazil,Bastos,,,,,,
Malaysia,Batu Berendam,,,,,,
Lebanon,Bayrut,,,,,,
United States of America,Buford,,,,,,
Austria,Burghausen,,,,,,
France,Caluire Et Cuire,,,,,,
Brazil,Canoinhas,,,,,,
Thailand,Ban Chang,,,,,,
Saint Kitts and Nevis,Basseterre,,,,,,
Netherlands,Best,,,,,,
Haiti,Cap Haitien,,,,,,
Brazil,Capela Do Alto,,,,,,
India,Changanacheri,,,,,,
Brazil,Aruja,,,,,,
France,Aubiere,,,,,,
Brazil,Braganca,,,,,,
Paraguay,Caacupe,,,,,,
Paraguay,Caaguazu,,,,,,
Chile,Cabrero,,,,,,
Brazil,Campo Verde,,,,,,
India,Arumuganeri,,,,,,
Unknown,Bagheria,,,,,,
Egypt,Akhmim,,,,,,
Romania,Moldova Noua,,,,,,
Spain,Monforte De Lemos,,,,,,
Belgium,Mouscron,,,,,,
India,Mursan,,,,,,
Japan,Nagai,,,,,,
United States of America,Nampa,,,,,,
India,Nimaparha,,,,,,
United States of America,Massapequa Park,,,,,,
Malaysia,Kuang,,,,,,
Malaysia,Kulim,,,,,,
Brazil,Lajedo,,,,,,
United States of America,Lakeville,,,,,,
Poland,Legnica,,,,,,
Mozambique,Manica,,,,,,
United States of America,Lombard,,,,,,
Italy,Lucca,,,,,,
Indonesia,Makasar,,,,,,
United Kingdom of Great Britain and Northern Ireland,Liverpool,,,,,,
Portugal,Lousa,,,,,,
Germany,Leipzig,,,,,,
Austria,Koflach,,,,,,
Russian Federation,Komsomolskiy,,,,,,
Belarus,Navahrudak,,,,,,
Italy,Negrar,,,,,,
Slovenia,Murska Sobota,,,,,,
Romania,Miercurea Ciuc,,,,,,
United States of America,Moline,,,,,,
Peru,Monsefu,,,,,,
Thailand,Phra Pradaeng,,,,,,
Sweden,Pitea,,,,,,
Albania,Pogradec,,,,,,
United States of America,Cottonwood Heights,,,,,,
Mexico,Cuernavaca,,,,,,
Japan,Chatan,,,,,,
France,Chilly Mazarin,,,,,,
Russian Federation,Chulman,,,,,,
Mexico,Cihuatlan,,,,,,
Germany,Glinde,,,,,,
Philippines,Guiguinto,,,,,,
Brazil,Itambacuri,,,,,,
Germany,Heubach,,,,,,
China,Yicheng,,,,,,
Japan,Yugawara,,,,,,
Netherlands,Zaltbommel,,,,,,
Netherlands,Zwolle,,,,,,
Germany,Wiesmoor,,,,,,
United States of America,Woodinville,,,,,,
India,Harpanahalli,,,,,,
Netherlands,Hellevoetsluis,,,,,,
United States of America,Highland Village,,,,,,
Brazil,Igaracu Do Tiete,,,,,,
Unknown,Ilheus,,,,,,
India,Karimnagar,,,,,,
Ethiopia,Kemise,,,,,,
United States of America,Kendale Lakes,,,,,,
Germany,Kerpen,,,,,,
Indonesia,Rancaekek,,,,,,
Germany,Reutlingen,,,,,,
Mexico,Poncitlan,,,,,,
United States of America,Puyallup,,,,,,
Japan,Ozu,,,,,,
Colombia,Pacho,,,,,,
Italy,Palma Campania,,,,,,
United States of America,Parker,,,,,,
Unknown,Teignmouth,,,,,,
Viet Nam,Thai Binh,,,,,,
Mexico,Tlalmanalco,,,,,,
United Kingdom of Great Britain and Northern Ireland,Tonbridge,,,,,,
Unknown,Torquay,,,,,,
Czechia,Trebic,,,,,,
Venezuela (Bolivarian Republic of),Turmero,,,,,,
Philippines,Urbiztondo,,,,,,
Romania,Vulcan,,,,,,
Poland,Walcz,,,,,,
United Kingdom of Great Britain and Northern Ireland,Sutton Coldfield,,,,,,
Japan,Tachikawa,,,,,,
Brazil,Bariri,,,,,,
United States of America,Bend,,,,,,
India,Bhilai,,,,,,
Spain,Bilbao,,,,,,
Brazil,Borda Da Mata,,,,,,
Brazil,Carira,,,,,,
Philippines,Castillejos,,,,,,
Colombia,Cerete,,,,,,
United States of America,Cincinnati,,,,,,
United States of America,Clermont,,,,,,
India,Kurud,,,,,,
United States of America,Kyle,,,,,,
India,Latehar,,,,,,
United States of America,Lauderhill,,,,,,
United States of America,Miami Springs,,,,,,
India,Moirang,,,,,,
Ecuador,Montecristi,,,,,,
Zimbabwe,Mount Darwin,,,,,,
Canada,Nanaimo,,,,,,
China,Nanfeng,,,,,,
Germany,Neufahrn,,,,,,
Poland,Nisko,,,,,,
France,Oignies,,,,,,
Qatar,Doha,,,,,,
Ethiopia,Addis Abeba,,,,,,
Germany,Altena,,,,,,
Turkmenistan,Annau,,,,,,
United Kingdom of Great Britain and Northern Ireland,Ashington,,,,,,
Russian Federation,Asino,,,,,,
Iran (Islamic Republic of),Astara,,,,,,
Burkina Faso,Dedougou,,,,,,
Kazakhstan,Derzhavinsk,,,,,,
United States of America,Desoto,,,,,,
Germany,Detmold,,,,,,
United States of America,El Cerrito,,,,,,
Mexico,Fortin,,,,,,
United States of America,Coalinga,,,,,,
Senegal,Sedhiou,,,,,,
Portugal,Selho,,,,,,
Iran (Islamic Republic of),Semnan,,,,,,
Italy,Senago,,,,,,
United States of America,Sevierville,,,,,,
Russian Federation,Shatura,,,,,,
Germany,Simmerath,,,,,,
United States of America,South Jordan,,,,,,
Slovakia,Sturovo,,,,,,
United States of America,Austintown,,,,,,
Mexico,Autlan,,,,,,
Brazil,Barra Do Bugres,,,,,,
India,Basavakalyan,,,,,,
India,Amarpatan,,,,,,
India,Amta,,,,,,
Chile,Arauco,,,,,,
China,Yingkou,,,,,,
Colombia,Yarumal,,,,,,
United States of America,Charlton,,,,,,
Russian Federation,Chebarkul,,,,,,
China,Chingshui,,,,,,
India,Biloli,,,,,,
China,Binzhou,,,,,,
United Kingdom of Great Britain and Northern Ireland,Carnoustie,,,,,,
United States of America,Brenham,,,,,,
Mexico,Lerma,,,,,,
Belgium,Lessines,,,,,,
India,Mahe,,,,,,
Italy,Medicina,,,,,,
Switzerland,Munchenbuchsee,,,,,,
India,Namagiripettai,,,,,,
India,Narnaul,,,,,,
Netherlands,Nieuwkoop,,,,,,
Belgium,Nivelles,,,,,,
Japan,Takikawa,,,,,,
Saudi Arabia,Tabuk,,,,,,
Chile,Talagante,,,,,,
Switzerland,Baar,,,,,,
Germany,Bad Neuenahr Ahrweiler,,,,,,
Germany,Bad Tolz,,,,,,
Pakistan,Baffa,,,,,,
India,Bagepalli,,,,,,
Russian Federation,Berdsk,,,,,,
Czechia,Prague,,,,,,
Pakistan,Raja Jang,,,,,,
India,Phuntsholing,,,,,,
Ukraine,Mospyne,,,,,,
United States of America,Northlake,,,,,,
Mexico,Nueva Italia De Ruiz,,,,,,
Russian Federation,Yelabuga,,,,,,
Malta,Zejtun,,,,,,
Belgium,Zelzate,,,,,,
United States of America,Groton,,,,,,
China,Urumqi,,,,,,
France,Vannes,,,,,,
Hungary,Varpalota,,,,,,
India,Velur,,,,,,
India,Tosham,,,,,,
Russian Federation,Tyumen,,,,,,
Belgium,Virton,,,,,,
China,Weihe,,,,,,
China,Xiaoshan,,,,,,
United States of America,Hugo,,,,,,
Brazil,Chapada Dos Guimaraes,,,,,,
United States of America,Cheshire,,,,,,
United States of America,Draper,,,,,,
India,Toda Raisingh,,,,,,
Russian Federation,Toguchin,,,,,,
India,Ariyalur,,,,,,
United States of America,Fort Washington,,,,,,
Romania,Mioveni,,,,,,
New Zealand,Masterton,,,,,,
Japan,Matsubase,,,,,,
India,Borsad,,,,,,
France,Bouc Bel Air,,,,,,
Germany,Ahaus,,,,,,
Unknown,Roquebrune Cap Martin,,,,,,
Cameroon,Douala,,,,,,
United States of America,East Hanover,,,,,,
United States of America,East Meadow,,,,,,
France,Elbeuf,,,,,,
Sri Lanka,Eravur,,,,,,
Indonesia,Katobu,,,,,,
Germany,Frankfurt,,,,,,
Philippines,Pasacao,,,,,,
India,Panna,,,,,,
United States of America,Savannah,,,,,,
India,Sendhwa,,,,,,
India,Punjai Puliyampatti,,,,,,
Unknown,Key Biscayne,,,,,,
Bosnia and Herzegovina,Kakanj,,,,,,
India,Kalna,,,,,,
India,Khekra,,,,,,
Russian Federation,Kirovsk,,,,,,
Unknown,Lulea,,,,,,
China,Suozhen,,,,,,
Poland,Szczecin,,,,,,
Italy,Taviano,,,,,,
Albania,Tepelene,,,,,,
France,Thiers,,,,,,
Kyrgyzstan,Toktogul,,,,,,
Poland,Chelmno,,,,,,
India,Chichli,,,,,,
France,Boissy Saint Leger,,,,,,
Poland,Szczytno,,,,,,
Spain,Tacoronte,,,,,,
India,Tandur,,,,,,
Colombia,Abrego,,,,,,
United States of America,Adelanto,,,,,,
Spain,Algeciras,,,,,,
Belgium,Balen,,,,,,
Romania,Barlad,,,,,,
Brazil,Caarapo,,,,,,
India,Ladwa,,,,,,
Democratic Republic of the Congo,Lubao,,,,,,
India,Mangrul Pir,,,,,,
China,Datong,,,,,,
Netherlands,Delfzijl,,,,,,
Indonesia,Demak,,,,,,
Indonesia,Klungkung,,,,,,
Malaysia,Kuching,,,,,,
India,Miranpur,,,,,,
Pakistan,Miro Khan,,,,,,
France,Montrouge,,,,,,
United States of America,West Odessa,,,,,,
United States of America,Wyoming,,,,,,
Mexico,Yurecuaro,,,,,,
Ukraine,Zhmerynka,,,,,,
Romania,Boldesti Scaeni,,,,,,
France,Cahors,,,,,,
Germany,Schkeuditz,,,,,,
Russian Federation,Seltso,,,,,,
Italy,Sesto San Giovanni,,,,,,
Central African Republic,Berberati,,,,,,
Brazil,Sume,,,,,,
India,Agartala,,,,,,
Brazil,Almenara,,,,,,
Colombia,Apartado,,,,,,
India,Bahjoi,,,,,,
Philippines,Balagtas,,,,,,
Czechia,Beroun,,,,,,
Côte d'Ivoire,Bondoukou,,,,,,
Iran (Islamic Republic of),Borazjan,,,,,,
United States of America,Centerville,,,,,,
Czechia,Roudnice,,,,,,
Spain,Santa Comba,,,,,,
Paraguay,Villa Elisa,,,,,,
Brazil,Vinhedo,,,,,,
United States of America,Webster,,,,,,
Ethiopia,Werota,,,,,,
Mexico,Xalapa,,,,,,
Russian Federation,Yartsevo,,,,,,
South Africa,Zastron,,,,,,
Russian Federation,Zima,,,,,,
United States of America,Cutler,,,,,,
Democratic Republic of the Congo,Bunia,,,,,,
Philippines,San Narciso,,,,,,
India,Proddatur,,,,,,
Russian Federation,Novominskaya,,,,,,
Romania,Sacueni,,,,,,
India,Salaya,,,,,,
India,Salur,,,,,,
Indonesia,Tayu,,,,,,
Indonesia,Teluknaga,,,,,,
China,Tongling,,,,,,
Mexico,Tuxtepec,,,,,,
United Republic of Tanzania,Ushirombo,,,,,,
Russian Federation,Verkhnyaya Sinyachikha,,,,,,
United States of America,Villas,,,,,,
South Africa,Virginia,,,,,,
South Africa,Vryheid,,,,,,
Russian Federation,Vyazma,,,,,,
Senegal,Waounde,,,,,,
Germany,Weinsberg,,,,,,
United States of America,Wekiva Springs,,,,,,
Italy,Francavilla Fontana,,,,,,
Botswana,Gaborone,,,,,,
Japan,Ginowan,,,,,,
China,Chenzhou,,,,,,
Chile,Laja,,,,,,
Angola,Luau,,,,,,
Cameroon,Mbalmayo,,,,,,
Germany,Alsdorf,,,,,,
Turkey,Bafra,,,,,,
Cameroon,Bali,,,,,,
Thailand,Ban Pong,,,,,,
India,Bargi,,,,,,
Switzerland,Binningen,,,,,,
United States of America,Bluefield,,,,,,
Ukraine,Boryslav,,,,,,
Italy,Martellago,,,,,,
India,Muri,,,,,,
United Republic of Tanzania,Mwandiga,,,,,,
Portugal,Samora Correia,,,,,,
Japan,Fujieda,,,,,,
France,Eragny,,,,,,
Brazil,Forquilhinha,,,,,,
India,Guruvayur,,,,,,
Germany,Haltern,,,,,,
United States of America,Holly Hill,,,,,,
India,Digras,,,,,,
United States of America,Enterprise,,,,,,
Greece,Florina,,,,,,
Hungary,Kapuvar,,,,,,
United States of America,Greenwich,,,,,,
Germany,Grunstadt,,,,,,
United Kingdom of Great Britain and Northern Ireland,Halifax,,,,,,
Pakistan,Chak,,,,,,
Brazil,Lucelia,,,,,,
Gambia,Lamin,,,,,,
France,La Motte Servolex,,,,,,
Indonesia,Krian,,,,,,
Russian Federation,Manturovo,,,,,,
Unknown,Peniche,,,,,,
Libya,Darnah,,,,,,
Nigeria,Wukari,,,,,,
China,Ximei,,,,,,
China,Yilan,,,,,,
Mexico,Zacoalco,,,,,,
Slovakia,Zvolen,,,,,,
Brazil,Lavras,,,,,,
France,Le Moule,,,,,,
France,Lievin,,,,,,
Bangladesh,Madaripur,,,,,,
Indonesia,Manggar,,,,,,
Japan,Tondabayashi,,,,,,
India,Turaiyur,,,,,,
Armenia,Vanadzor,,,,,,
France,Vandoeuvre Les Nancy,,,,,,
United States of America,Victorville,,,,,,
Cuba,Placetas,,,,,,
Japan,Shibetsu,,,,,,
Ghana,Suhum,,,,,,
Brazil,Poco Verde,,,,,,
Côte d'Ivoire,Tiassale,,,,,,
United States of America,Urbana,,,,,,
Sweden,Varberg,,,,,,
Russian Federation,Yurga,,,,,,
Mexico,Zaragoza,,,,,,
Uzbekistan,Zomin,,,,,,
Germany,Werdohl,,,,,,
Germany,Witten,,,,,,
China,Xingyi,,,,,,
China,Xuanzhou,,,,,,
Austria,Vocklabruck,,,,,,
United States of America,Waldorf,,,,,,
Namibia,Omaruru,,,,,,
Lithuania,Palanga,,,,,,
Cyprus,Paralimni,,,,,,
Germany,Lehrte,,,,,,
China,Licheng,,,,,,
United States of America,Snellville,,,,,,
India,Sojat,,,,,,
Philippines,Agoo,,,,,,
Germany,Alpen,,,,,,
Peru,Arequipa,,,,,,
Austria,Worgl,,,,,,
China,Yingzhong,,,,,,
China,Yunjinghong,,,,,,
Colombia,Zarzal,,,,,,
Germany,Trossingen,,,,,,
Ukraine,Vesele,,,,,,
Hungary,Veszprem,,,,,,
Russian Federation,Vyritsa,,,,,,
Unknown,Wajima,,,,,,
Netherlands,Lisse,,,,,,
Viet Nam,Long Xuyen,,,,,,
Germany,Kolkwitz,,,,,,
Kyrgyzstan,Kyzyl Suu,,,,,,
India,Sagauli,,,,,,
France,Sallanches,,,,,,
Brazil,Queimados,,,,,,
Brazil,Urussanga,,,,,,
Italy,Valenzano,,,,,,
Belgium,Tremelo,,,,,,
Bolivia (Plurinational State of),Villazon,,,,,,
Switzerland,Zollikon,,,,,,
Belgium,Zottegem,,,,,,
Nigeria,Pindiga,,,,,,
United States of America,Saint Petersburg,,,,,,
Guatemala,San Antonio Suchitepequez,,,,,,
Guatemala,San Cristobal Verapaz,,,,,,
Brazil,Sao Jose,,,,,,
Nepal,Siddharthanagar,,,,,,
Morocco,Sidi Qasim,,,,,,
Philippines,Surigao,,,,,,
Egypt,Tahta,,,,,,
Colombia,Tame,,,,,,
United States of America,Tampa,,,,,,
Russian Federation,Tashtagol,,,,,,
United States of America,Somers Point,,,,,,
Netherlands,Steenwijk,,,,,,
Poland,Kalisz,,,,,,
Brazil,Independencia,,,,,,
Norway,Honefoss,,,,,,
China,Hutang,,,,,,
Germany,Halberstadt,,,,,,
Peru,Nauta,,,,,,
Viet Nam,Nha Trang,,,,,,
United States of America,Oklahoma City,,,,,,
United States of America,Schererville,,,,,,
Belgium,Tervuren,,,,,,
Canada,Thetford Mines,,,,,,
India,Titagarh,,,,,,
Brazil,Simao Dias,,,,,,
United States of America,Smithtown,,,,,,
Malaysia,Sungai Besar,,,,,,
Unknown,Taolanaro,,,,,,
Russian Federation,Tarusa,,,,,,
Russian Federation,Bataysk,,,,,,
Monaco,Beausoleil,,,,,,
Spain,Berga,,,,,,
United States of America,Caldwell,,,,,,
Republic of North Macedonia,Cegrane,,,,,,
India,Chandigarh,,,,,,
Brazil,Embu Guacu,,,,,,
Brazil,Esplanada,,,,,,
Brazil,Angatuba,,,,,,
Italy,Bagno A Ripoli,,,,,,
Jordan,Madaba,,,,,,
Unknown,Manzanillo,,,,,,
Sri Lanka,Kilinochchi,,,,,,
Paraguay,San Estanislao,,,,,,
Italy,San Pietro In Casale,,,,,,
Italy,Treviso,,,,,,
Russian Federation,Ugleuralskiy,,,,,,
Ukraine,Ukrayinka,,,,,,
Spain,Teruel,,,,,,
United States of America,Texarkana,,,,,,
United States of America,Torrance,,,,,,
Russian Federation,Krasnoye Selo,,,,,,
Germany,Limburgerhof,,,,,,
Guatemala,Almolonga,,,,,,
Slovakia,Revuca,,,,,,
Sweden,Kristinehamn,,,,,,
Germany,Neu Ulm,,,,,,
United States of America,Newark,,,,,,
Germany,Oberndorf,,,,,,
Italy,Modica,,,,,,
Bosnia and Herzegovina,Mrkonjic Grad,,,,,,
India,Pudur,,,,,,
Mauritius,Rose Belle,,,,,,
Myanmar,Sagaing,,,,,,
Latvia,Rezekne,,,,,,
China,Pingtung,,,,,,
Russian Federation,Polyarnyye Zori,,,,,,
Germany,Eutin,,,,,,
India,Faridkot,,,,,,
United States of America,Fremont,,,,,,
France,Narbonne,,,,,,
India,Sonipat,,,,,,
Germany,Grevesmuhlen,,,,,,
India,Firozabad,,,,,,
Hungary,Dunakeszi,,,,,,
Brazil,Piuma,,,,,,
South Africa,Port Shepstone,,,,,,
France,Saint Gratien,,,,,,
Italy,San Bonifacio,,,,,,
Guatemala,Santa Catarina Ixtahuacan,,,,,,
United States of America,River Edge,,,,,,
United States of America,Roanoke Rapids,,,,,,
Kazakhstan,Petropavl,,,,,,
Mozambique,Chibuto,,,,,,
United States of America,Colorado Springs,,,,,,
United States of America,Copiague,,,,,,
Peru,Cutervo,,,,,,
Spain,Colmenar Viejo,,,,,,
Poland,Swinoujscie,,,,,,
India,Surat,,,,,,
Japan,Takaoka,,,,,,
Tunisia,Talah,,,,,,
United States of America,Hewitt,,,,,,
Nigeria,Ikot Ekpene,,,,,,
United States of America,Ithaca,,,,,,
Canada,Joliette,,,,,,
Russian Federation,Kansk,,,,,,
United Republic of Tanzania,Kasulu,,,,,,
Pakistan,Dijkot,,,,,,
India,Dumra,,,,,,
Germany,Eisenberg,,,,,,
Madagascar,Andevoranto,,,,,,
Slovakia,Bratislava,,,,,,
Canada,Calgary,,,,,,
Poland,Chodziez,,,,,,
India,Belaguntha,,,,,,
India,Bilari,,,,,,
Chile,Curico,,,,,,
Pakistan,Dadu,,,,,,
China,Dalian,,,,,,
Philippines,Dapitan,,,,,,
Unknown,Forio,,,,,,
Unknown,Tiverton,,,,,,
Japan,Tobetsu,,,,,,
Poland,Tychy,,,,,,
Thailand,Ubon Ratchathani,,,,,,
India,Umarkot,,,,,,
Brazil,Valente,,,,,,
Cuba,Colon,,,,,,
India,Rajakhera,,,,,,
Germany,Betzdorf,,,,,,
Brazil,Pirai Do Sul,,,,,,
Italy,Porto Empedocle,,,,,,
Croatia,Sibenik,,,,,,
India,Sikandarabad,,,,,,
France,Auray,,,,,,
Nigeria,Afikpo,,,,,,
Japan,Amagi,,,,,,
Russian Federation,Aprelevka,,,,,,
United States of America,Springboro,,,,,,
United States of America,Suamico,,,,,,
China,Shulin,,,,,,
United States of America,Colonial Heights,,,,,,
India,Mandawar,,,,,,
Unknown,Sorrento,,,,,,
Portugal,Parede,,,,,,
United States of America,Pittsburgh,,,,,,
Romania,Belcesti,,,,,,
Mexico,Boca Del Rio,,,,,,
Spain,Campo De Criptana,,,,,,
France,Vitre,,,,,,
Russian Federation,Volokonovka,,,,,,
Russian Federation,Vyborg,,,,,,
Germany,Worms,,,,,,
Germany,Xanten,,,,,,
Brazil,Francisco Beltrao,,,,,,
Ukraine,Illintsi,,,,,,
Russian Federation,Dubinino,,,,,,
Russian Federation,Enem,,,,,,
Côte d'Ivoire,Biankouma,,,,,,
Russian Federation,Bobrov,,,,,,
Italy,Bresso,,,,,,
Venezuela (Bolivarian Republic of),Chivacoa,,,,,,
Poland,Piekary Slaskie,,,,,,
India,Srikakulam,,,,,,
Cuba,San Antonio De Los Banos,,,,,,
Germany,Sankt Ingbert,,,,,,
Iran (Islamic Republic of),Sarab,,,,,,
Italy,Lauria,,,,,,
Brazil,Lavras Da Mangabeira,,,,,,
Cameroon,Idenao,,,,,,
Philippines,Iligan,,,,,,
Greece,Katerini,,,,,,
Russian Federation,Mariinsk,,,,,,
Ukraine,Mena,,,,,,
Brazil,Mirandopolis,,,,,,
Japan,Miyoshi,,,,,,
Brazil,Monte Azul Paulista,,,,,,
Japan,Hanno,,,,,,
India,Amethi,,,,,,
Brazil,Aparecida Do Taboado,,,,,,
India,Barka Kana,,,,,,
Brazil,Assare,,,,,,
Germany,Dorfen,,,,,,
France,Maromme,,,,,,
India,Narasingapuram,,,,,,
United Republic of Tanzania,Njombe,,,,,,
Bangladesh,Laksham,,,,,,
Sweden,Ludvika,,,,,,
India,Manawar,,,,,,
Japan,Suzaka,,,,,,
Viet Nam,Tan An,,,,,,
Hungary,Tata,,,,,,
Brazil,Bom Jesus Dos Perdoes,,,,,,
Uganda,Busia,,,,,,
Czechia,Cheb,,,,,,
Bolivia (Plurinational State of),Caranavi,,,,,,
India,Nalgonda,,,,,,
United Kingdom of Great Britain and Northern Ireland,Bebington,,,,,,
Peru,Chincha Alta,,,,,,
Romania,Ciurea,,,,,,
Brazil,Condado,,,,,,
Guatemala,Cuyotenango,,,,,,
Poland,Brzeg,,,,,,
United States of America,Mason City,,,,,,
United States of America,Medway,,,,,,
United States of America,Lynbrook,,,,,,
Chad,Abeche,,,,,,
Central African Republic,Alindao,,,,,,
Italy,Amantea,,,,,,
India,Ambarnath,,,,,,
Madagascar,Amboasary,,,,,,
Russian Federation,Yasnogorsk,,,,,,
China,Yunyang,,,,,,
India,Dhari,,,,,,
Brazil,Diamantino,,,,,,
India,Telhara,,,,,,
Iraq,Tikrit,,,,,,
India,Tirumala,,,,,,
Mexico,Tlaquepaque,,,,,,
India,Uniara,,,,,,
Brazil,Viradouro,,,,,,
Romania,Vladimirescu,,,,,,
Russian Federation,Vyselki,,,,,,
Germany,Wadgassen,,,,,,
Kenya,Wajir,,,,,,
India,Jevargi,,,,,,
Sweden,Uppsala,,,,,,
France,Vesoul,,,,,,
Russian Federation,Vuktyl,,,,,,
Sudan,Wagar,,,,,,
United States of America,West Mifflin,,,,,,
India,Guru Har Sahai,,,,,,
Brazil,Guaiuba,,,,,,
United States of America,Hutchinson,,,,,,
United States of America,Kalamazoo,,,,,,
Pakistan,Daro,,,,,,
United Kingdom of Great Britain and Northern Ireland,Failsworth,,,,,,
Venezuela (Bolivarian Republic of),Tinaquillo,,,,,,
Georgia,Tkvarcheli,,,,,,
Switzerland,Affoltern,,,,,,
United States of America,Citrus Heights,,,,,,
Zimbabwe,Bulawayo,,,,,,
Czechia,Vyskov,,,,,,
China,Zouxian,,,,,,
Russian Federation,Suoyarvi,,,,,,
Italy,Surbo,,,,,,
Poland,Szprotawa,,,,,,
Mexico,Tala,,,,,,
Sudan,Talawdi,,,,,,
France,Tinqueux,,,,,,
India,Udankudi,,,,,,
Czechia,Usti,,,,,,
Serbia,Uzice,,,,,,
France,Tourlaville,,,,,,
Poland,Pszczyna,,,,,,
Russian Federation,Pushchino,,,,,,
Hungary,Puspokladany,,,,,,
Azerbaijan,Quba,,,,,,
Netherlands,Vriezenveen,,,,,,
China,Wuzhou,,,,,,
Brazil,Divinopolis,,,,,,
Nicaragua,Masatepe,,,,,,
United States of America,Mechanicsville,,,,,,
Poland,Lobez,,,,,,
China,Luchou,,,,,,
Russian Federation,Kimovsk,,,,,,
France,Kingersheim,,,,,,
France,Lormont,,,,,,
Italy,Merate,,,,,,
Thailand,Kuchinarai,,,,,,
Unknown,Kyaikkami,,,,,,
France,La Valette Du Var,,,,,,
Mexico,Xochitepec,,,,,,
Greece,Papagos,,,,,,
Russian Federation,Norilsk,,,,,,
United States of America,Myrtle Beach,,,,,,
Indonesia,Mojokerto,,,,,,
Mexico,Tecalitlan,,,,,,
Malaysia,Temerloh,,,,,,
Spain,Totana,,,,,,
Hungary,Szarvas,,,,,,
India,Bagaha,,,,,,
United States of America,Jackson,,,,,,
Belgium,Kapellen,,,,,,
India,Hosdurga,,,,,,
Germany,Neuwied,,,,,,
Colombia,El Carmen De Bolivar,,,,,,
United States of America,Cottonwood,,,,,,
Brazil,Curitiba,,,,,,
Colombia,Barrancas,,,,,,
United States of America,Beaverton,,,,,,
India,Biswan,,,,,,
Italy,Boscotrecase,,,,,,
United States of America,Boston,,,,,,
Austria,Bruck An Der Mur,,,,,,
Chile,Calama,,,,,,
Guatemala,Cantel,,,,,,
France,Cestas,,,,,,
India,Chanderi,,,,,,
Peru,Chaupimarca,,,,,,
China,Yigou,,,,,,
Russian Federation,Zheleznogorsk Ilimskiy,,,,,,
India,Umrala,,,,,,
United States of America,Urbandale,,,,,,
China,Xiaolan,,,,,,
Iran (Islamic Republic of),Khoy,,,,,,
India,Kottayam,,,,,,
India,Lakshettipet,,,,,,
Philippines,Koronadal,,,,,,
Italy,Capaci,,,,,,
United Kingdom of Great Britain and Northern Ireland,Cardiff,,,,,,
Thailand,Bang Sai,,,,,,
Brazil,Baturite,,,,,,
Russian Federation,Bikin,,,,,,
South Africa,Scottsburgh,,,,,,
Germany,Norvenich,,,,,,
United States of America,Chicago Heights,,,,,,
Georgia,Gori,,,,,,
Venezuela (Bolivarian Republic of),Guacara,,,,,,
Venezuela (Bolivarian Republic of),Guanare,,,,,,
Netherlands,Heiloo,,,,,,
France,Epinay Sur Seine,,,,,,
Russian Federation,Kropotkin,,,,,,
Indonesia,Kualakapuas,,,,,,
United States of America,Lakeland Highlands,,,,,,
Ireland,Leixlip,,,,,,
United States of America,American Fork,,,,,,
China,Anshan,,,,,,
India,Attayyampatti,,,,,,
France,Cormeilles En Parisis,,,,,,
United States of America,Macomb,,,,,,
Slovakia,Malacky,,,,,,
United States of America,Maplewood,,,,,,
Chile,Lautaro,,,,,,
Germany,Lichtenfels,,,,,,
United States of America,Lutz,,,,,,
Japan,Kamaishi,,,,,,
Israel,Haifa,,,,,,
China,Homei,,,,,,
China,Honghu,,,,,,
Denmark,Koge,,,,,,
Pakistan,Kot Diji,,,,,,
United States of America,Uniondale,,,,,,
Hungary,Vac,,,,,,
Brazil,Lambari,,,,,,
Russian Federation,Lomonosov,,,,,,
Ecuador,Macara,,,,,,
Russian Federation,Kolomna,,,,,,
Italy,Montalto Uffugo,,,,,,
Zimbabwe,Beitbridge,,,,,,
Turkey,Biga,,,,,,
Russian Federation,Kaliningrad,,,,,,
Germany,Geisenheim,,,,,,
Russian Federation,Ekazhevo,,,,,,
United States of America,Berea,,,,,,
United States of America,Abilene,,,,,,
India,Mariahu,,,,,,
United States of America,Neosho,,,,,,
India,Jhanjharpur,,,,,,
China,Chengzihe,,,,,,
United States of America,Cuyahoga Falls,,,,,,
Germany,Prenzlau,,,,,,
Japan,Komoro,,,,,,
Germany,Darmstadt,,,,,,
India,Deori Khas,,,,,,
Indonesia,Boyolangu,,,,,,
Mexico,Zitacuaro,,,,,,
Brazil,Santa Quiteria Do Maranhao,,,,,,
India,Sapatgram,,,,,,
Germany,Balingen,,,,,,
Spain,Ingenio,,,,,,
India,Jagalur,,,,,,
Italy,Todi,,,,,,
Finland,Turku,,,,,,
United States of America,Vienna,,,,,,
United States of America,Worthington,,,,,,
Poland,Wroclaw,,,,,,
Chile,Talca,,,,,,
Indonesia,Tanete,,,,,,
United States of America,Wauconda,,,,,,
China,Xixiang,,,,,,
Indonesia,Ngunut,,,,,,
Honduras,Talanga,,,,,,
France,Talant,,,,,,
Senegal,Tambacounda,,,,,,
United Republic of Tanzania,Tarime,,,,,,
United States of America,Vega Baja,,,,,,
Germany,Sindelfingen,,,,,,
India,Surandai,,,,,,
Uzbekistan,Termiz,,,,,,
Italy,Tezze Sul Brenta,,,,,,
Russian Federation,Tikhoretsk,,,,,,
France,Saint Orens De Gameville,,,,,,
Thailand,Sam Roi Yot,,,,,,
Myanmar,Letpadan,,,,,,
Malaysia,Kudat,,,,,,
Spain,Villanueva De La Serena,,,,,,
Italy,Vimodrone,,,,,,
India,Wai,,,,,,
Germany,Wallenhorst,,,,,,
Brazil,Urbano Santos,,,,,,
United States of America,Tahlequah,,,,,,
Brazil,Tatui,,,,,,
United States of America,Aguadilla,,,,,,
India,Ajnala,,,,,,
Australia,Caloundra,,,,,,
Unknown,Bima,,,,,,
Sri Lanka,Beruwala,,,,,,
Kenya,Molo,,,,,,
South Africa,Mooi River,,,,,,
Ethiopia,Kembolcha,,,,,,
United States of America,Meridian,,,,,,
United States of America,Saint Marys,,,,,,
India,Rawatbhata,,,,,,
Brazil,Rio Real,,,,,,
Poland,Drawsko Pomorskie,,,,,,
China,Lichuan,,,,,,
Japan,Rifu,,,,,,
Spain,Siero,,,,,,
China,Yingcheng,,,,,,
Philippines,Trapiche,,,,,,
Germany,Trebur,,,,,,
Germany,Ubach Palenberg,,,,,,
France,Vence,,,,,,
United States of America,West Monroe,,,,,,
India,Gubbi,,,,,,
Dominican Republic,Fantino,,,,,,
Brazil,Guaramirim,,,,,,
Italy,Portogruaro,,,,,,
Germany,Mohnesee,,,,,,
Japan,Nagaoka,,,,,,
Russian Federation,Nizhniy Odes,,,,,,
India,Revadanda,,,,,,
Brazil,Santa Ines,,,,,,
Russian Federation,Labytnangi,,,,,,
Colombia,Manzanares,,,,,,
India,Siruguppa,,,,,,
Serbia,Sombor,,,,,,
United Kingdom of Great Britain and Northern Ireland,Hove,,,,,,
Belgium,Poperinge,,,,,,
India,Tenali,,,,,,
India,Tirukkoyilur,,,,,,
Hungary,Szigethalom,,,,,,
Albania,Kamze,,,,,,
India,Wokha,,,,,,
China,Xuchang,,,,,,
United States of America,Weatherford,,,,,,
Indonesia,Welahan,,,,,,
Ecuador,Zaruma,,,,,,
Croatia,Sisak,,,,,,
Russian Federation,Birobidzhan,,,,,,
Brazil,Braganca Paulista,,,,,,
Brazil,Cajueiro,,,,,,
Russian Federation,Degtyarsk,,,,,,
United States of America,Dudley,,,,,,
India,Gajendragarh,,,,,,
Italy,Finale Emilia,,,,,,
Pakistan,Mianwali,,,,,,
Indonesia,Muncar,,,,,,
United States of America,Lake Magdalene,,,,,,
Latvia,Ludza,,,,,,
Brazil,Surubim,,,,,,
United States of America,Brigham City,,,,,,
India,Alibag,,,,,,
Cameroon,Bogo,,,,,,
United States of America,Elkhart,,,,,,
Belgium,De Pinte,,,,,,
Germany,Erlenbach,,,,,,
Gambia,Farafenni,,,,,,
Poland,Garwolin,,,,,,
Germany,Gutersloh,,,,,,
Italy,Forli,,,,,,
India,Tharad,,,,,,
United Kingdom of Great Britain and Northern Ireland,Totton,,,,,,
Spain,Valdepenas,,,,,,
Italy,Sona,,,,,,
Malaysia,Taiping,,,,,,
Belgium,Vise,,,,,,
Thailand,Nong Phai,,,,,,
India,Phek,,,,,,
Portugal,Povoa De Santo Adriao,,,,,,
Russian Federation,Prokhorovka,,,,,,
Suriname,Paramaribo,,,,,,
United Kingdom of Great Britain and Northern Ireland,Portadown,,,,,,
Ecuador,Portoviejo,,,,,,
India,Rajauri,,,,,,
China,Shiyan,,,,,,
Poland,Strzelce Opolskie,,,,,,
Mexico,San Bartolo Del Llano,,,,,,
Italy,Rosa,,,,,,
Burundi,Rutana,,,,,,
India,Godhra,,,,,,
Mexico,Tlalancaleca,,,,,,
Belgium,Tubize,,,,,,
Italy,Urbino,,,,,,
Serbia,Veternik,,,,,,
Italy,Taggia,,,,,,
United States of America,South Houston,,,,,,
Germany,Sulzbach Rosenberg,,,,,,
South Africa,Zeerust,,,,,,
Germany,Maintal,,,,,,
Netherlands,Oud Beijerland,,,,,,
Peru,Salas,,,,,,
Italy,Santa Maria Di Sala,,,,,,
Burundi,Kayanza,,,,,,
China,Keelung,,,,,,
Netherlands,Kesteren,,,,,,
Belgium,Jabbeke,,,,,,
Azerbaijan,Imisli,,,,,,
Brazil,Ji Parana,,,,,,
United States of America,Kaneohe,,,,,,
Italy,San Giuliano Terme,,,,,,
China,Sanchazi,,,,,,
Sri Lanka,Matara,,,,,,
Netherlands,Meerssen,,,,,,
Serbia,Cacak,,,,,,
Italy,Darfo,,,,,,
Greece,Aiyion,,,,,,
Russian Federation,Odintsovo,,,,,,
Uganda,Bushenyi,,,,,,
Germany,Beckum,,,,,,
Pakistan,Faruka,,,,,,
Netherlands,Duiven,,,,,,
Belgium,Blegny,,,,,,
India,Hindupur,,,,,,
Thailand,Warin Chamrap,,,,,,
Portugal,Torres Vedras,,,,,,
Brazil,Tupancireta,,,,,,
United States of America,Westwood,,,,,,
United States of America,Woodland,,,,,,
Sierra Leone,Yengema,,,,,,
Sierra Leone,Koidu,,,,,,
Russian Federation,Kumertau,,,,,,
Canada,Lacombe,,,,,,
United States of America,Woonsocket,,,,,,
United States of America,Dalton,,,,,,
Germany,Dieburg,,,,,,
Ghana,Aburi,,,,,,
El Salvador,Gotera,,,,,,
Brazil,Ibirite,,,,,,
Italy,Barberino Di Mugello,,,,,,
France,Cugnaux,,,,,,
Poland,Rydultowy,,,,,,
Brazil,Bom Conselho,,,,,,
Spain,Torrox,,,,,,
Ghana,Techiman,,,,,,
Israel,Tel Aviv Yafo,,,,,,
Russian Federation,Gigant,,,,,,
Sweden,Trollhattan,,,,,,
United States of America,Truckee,,,,,,
Brazil,Umirim,,,,,,
United States of America,Weehawken,,,,,,
China,Linqing,,,,,,
Italy,Luino,,,,,,
United States of America,Garden Grove,,,,,,
Ethiopia,Gimbi,,,,,,
United Republic of Tanzania,Mlowo,,,,,,
Poland,Mosina,,,,,,
Mexico,San Jose Iturbide,,,,,,
Pakistan,Sarai Alamgir,,,,,,
Papua New Guinea,Tari,,,,,,
Russian Federation,Tulskiy,,,,,,
Russian Federation,Uglovoye,,,,,,
United States of America,Vermilion,,,,,,
Zimbabwe,Victoria Falls,,,,,,
United States of America,Superior,,,,,,
United States of America,Sparks,,,,,,
France,Oloron Sainte Marie,,,,,,
Bulgaria,Pernik,,,,,,
Germany,Weilheim,,,,,,
Cuba,Yaguajay,,,,,,
Italy,Riesi,,,,,,
United Republic of Tanzania,Magole,,,,,,
Indonesia,Margahayu,,,,,,
United Republic of Tanzania,Kigoma,,,,,,
United States of America,Bay Shore,,,,,,
Brazil,Guariba,,,,,,
Belgium,Zwevegem,,,,,,
United States of America,Wallington,,,,,,
Togo,Niamtougou,,,,,,
Russian Federation,Kirsanov,,,,,,
United Republic of Tanzania,Lushoto,,,,,,
Philippines,Maranding,,,,,,
Germany,Kamenz,,,,,,
India,Ramjibanpur,,,,,,
Croatia,Petrinja,,,,,,
Brazil,Guaratingueta,,,,,,
India,Banmankhi,,,,,,
Brazil,Arroio Grande,,,,,,
Germany,Weener,,,,,,
Netherlands,Woudrichem,,,,,,
Italy,Tavagnacco,,,,,,
Malaysia,Teluk Intan,,,,,,
Mexico,Tierra Colorada,,,,,,
United States of America,Venice,,,,,,
Russian Federation,Kantemirovka,,,,,,
India,Uttiramerur,,,,,,
Italy,Terzigno,,,,,,
United Kingdom of Great Britain and Northern Ireland,Tyldesley,,,,,,
United States of America,San Bernardino,,,,,,
Peru,Talara,,,,,,
Mexico,Tepoztlan,,,,,,
Unknown,Marapanim,,,,,,
France,Maubeuge,,,,,,
India,Palkonda,,,,,,
United States of America,Sault Sainte Marie,,,,,,
Sudan,Sinjah,,,,,,
Hungary,Gyula,,,,,,
France,Hericourt,,,,,,
Brazil,Jaboatao,,,,,,
Greece,Kallithea,,,,,,
India,Keshorai Patan,,,,,,
Azerbaijan,Qobustan,,,,,,
Malaysia,Rawang,,,,,,
Brazil,Viana,,,,,,
United States of America,Farmingville,,,,,,
United States of America,Fords,,,,,,
Zambia,Ndola,,,,,,
Italy,Ovada,,,,,,
India,Umarkhed,,,,,,
Russian Federation,Aleksin,,,,,,
Iran (Islamic Republic of),Azad Shahr,,,,,,
Poland,Staszow,,,,,,
United Kingdom of Great Britain and Northern Ireland,Stirling,,,,,,
Tunisia,Jammal,,,,,,
Myanmar,Taungdwingyi,,,,,,
Canada,Thompson,,,,,,
Brazil,Pinheiro Machado,,,,,,
Russian Federation,Surovikino,,,,,,
Japan,Iwaki,,,,,,
Argentina,La Rioja,,,,,,
India,Dhupgari,,,,,,
China,Suifenhe,,,,,,
France,Etampes,,,,,,
Russian Federation,Zhukovo,,,,,,
India,Vayalar,,,,,,
Unknown,Calbuco,,,,,,
Egypt,Cairo,,,,,,
Thailand,Chiang Mai,,,,,,
Pakistan,Dajal,,,,,,
Russian Federation,Belgorod,,,,,,
Ukraine,Ochakiv,,,,,,
Russian Federation,Poykovskiy,,,,,,
Japan,Miyata,,,,,,
United States of America,Rapid City,,,,,,
India,Sainthia,,,,,,
India,Kuppam,,,,,,
Spain,Lleida,,,,,,
United States of America,Girard,,,,,,
Belgium,Harelbeke,,,,,,
Russian Federation,Novokubansk,,,,,,
Indonesia,Prambanan,,,,,,
Germany,Rottenburg,,,,,,
Germany,Torgau,,,,,,
Sweden,Trelleborg,,,,,,
Poland,Wloszczowa,,,,,,
Germany,Ludwigshafen,,,,,,
Brazil,Macaiba,,,,,,
France,Creil,,,,,,
Brazil,Maracai,,,,,,
United Republic of Tanzania,Tanga,,,,,,
Spain,Vigo,,,,,,
Portugal,Viseu,,,,,,
Pakistan,Mian Channun,,,,,,
South Africa,Wesselsbron,,,,,,
United States of America,Willow Grove,,,,,,
United States of America,Wrentham,,,,,,
Poland,Gdynia,,,,,,
Bulgaria,Etropole,,,,,,
Russian Federation,Fokino,,,,,,
Mexico,Cocula,,,,,,
Kazakhstan,Arys,,,,,,
Mexico,Santa Catarina,,,,,,
United States of America,Salina,,,,,,
Japan,Mitsukaido,,,,,,
Japan,Umi,,,,,,
Latvia,Ventspils,,,,,,
France,Villeurbanne,,,,,,
Viet Nam,Vinh,,,,,,
United States of America,West Palm Beach,,,,,,
Germany,Hochheim,,,,,,
Mexico,Huetamo,,,,,,
Italy,Paullo,,,,,,
Myanmar,Paungde,,,,,,
Poland,Sokolow Podlaski,,,,,,
India,Chalakudi,,,,,,
Germany,Meschede,,,,,,
India,Hazaribag,,,,,,
United States of America,Brawley,,,,,,
France,Soyaux,,,,,,
India,Madhavaram,,,,,,
Italy,Mandello Del Lario,,,,,,
India,Tamluk,,,,,,
United States of America,Upland,,,,,,
El Salvador,Usulutan,,,,,,
Sweden,Vetlanda,,,,,,
Spain,Alhama De Murcia,,,,,,
United States of America,Converse,,,,,,
Niger,Abalak,,,,,,
Tajikistan,Gafurov,,,,,,
India,Ghatanji,,,,,,
Poland,Swidnik,,,,,,
United States of America,Benton Harbor,,,,,,
Somalia,Borama,,,,,,
Brazil,Caete,,,,,,
Yemen,Lahij,,,,,,
Thailand,Nakhon Si Thammarat,,,,,,
Sweden,Kiruna,,,,,,
Japan,Yukuhashi,,,,,,
Japan,Hita,,,,,,
Germany,Vellmar,,,,,,
Unknown,Sungairaya,,,,,,
Brazil,Barro,,,,,,
South Africa,Greytown,,,,,,
Spain,Mula,,,,,,
Indonesia,Kabanjahe,,,,,,
Ukraine,Tatarbunary,,,,,,
United States of America,Coldwater,,,,,,
Argentina,Nueve De Julio,,,,,,
United States of America,Union,,,,,,
Mexico,Tlaltelulco,,,,,,
Bangladesh,Bheramara,,,,,,
United States of America,Guaynabo,,,,,,
Germany,Rutesheim,,,,,,
Peru,Chiclayo,,,,,,
Germany,Eberswalde,,,,,,
Serbia,Lacarak,,,,,,
Nigeria,Hadejia,,,,,,
Philippines,Teresa,,,,,,
Tajikistan,Vakhsh,,,,,,
Venezuela (Bolivarian Republic of),Villa De Cura,,,,,,
United States of America,Reston,,,,,,
Brazil,Vitoria Da Conquista,,,,,,
Mexico,Tonala,,,,,,
Brazil,Tres Pontas,,,,,,
Japan,Takehara,,,,,,
United States of America,Sand Springs,,,,,,
Japan,Tatsuno,,,,,,
Canada,Haileybury,,,,,,
Colombia,Viterbo,,,,,,
China,Wangqing,,,,,,
United States of America,El Reno,,,,,,
Sri Lanka,Wattala,,,,,,
Pakistan,Havelian,,,,,,
United Kingdom of Great Britain and Northern Ireland,Urmston,,,,,,
India,Konnur,,,,,,
China,Shaoguan,,,,,,
United States of America,Highland Springs,,,,,,
Slovakia,Martin,,,,,,
India,Gursahaiganj,,,,,,
France,Sceaux,,,,,,
India,Mormugao,,,,,,
United States of America,Westerville,,,,,,
Malaysia,Marang,,,,,,
