Country,City,Unnamed: 2,Unnamed: 3,Unnamed: 4,Unnamed: 5,Unnamed: 6,Unnamed: 7
Kenya,Makueni,,,,,,
Uruguay,Maldonado,,,,,,
Philippines,Mandaue,,,,,,
Kenya,Mandera,,,,,,
India,Mandla,,,,,,
Mexico,Maneadero,,,,,,
Romania,Mangalia,,,,,,
India,Manihari,,,,,,
Spain,Manlleu,,,,,,
Brazil,Marataizes,,,,,,
Germany,Marburg,,,,,,
Peru,Marcona,,,,,,
Mexico,Marfil,,,,,,
Netherlands,Margraten,,,,,,
India,Khatra,,,,,,
Sweden,Kinna,,,,,,
Germany,Kirchhundem,,,,,,
United States of America,Kirksville,,,,,,
Japan,Kisarazu,,,,,,
United States of America,Kittery,,,,,,
Poland,Kluczbork,,,,,,
India,Kodumudi,,,,,,
Russian Federation,Kolpashevo,,,,,,
Russian Federation,Kolyvan,,,,,,
Japan,Komono,,,,,,
Japan,Konan,,,,,,
Germany,Konigstein,,,,,,
Germany,Korbach,,,,,,
Côte d'Ivoire,Korhogo,,,,,,
Thailand,Kosum Phisai,,,,,,
India,Kot Putli,,,,,,
Finland,Kouvola,,,,,,
Germany,Kreuztal,,,,,,
Poland,Krosno,,,,,,
Malaysia,Kuala Terengganu,,,,,,
Japan,Kumagaya,,,,,,
Sweden,Kungsbacka,,,,,,
Jordan,Kuraymah,,,,,,
Russian Federation,Kurganinsk,,,,,,
Switzerland,La Chaux De Fonds,,,,,,
Spain,La Roda,,,,,,
Dominican Republic,La Vega,,,,,,
United Republic of Tanzania,Laela,,,,,,
Finland,Ilmajoki,,,,,,
Turkey,Inegol,,,,,,
Brazil,Ipameri,,,,,,
Brazil,Ipaussu,,,,,,
Brazil,Itapema,,,,,,
Brazil,Itapetininga,,,,,,
Nigeria,Jalingo,,,,,,
India,Jambusar,,,,,,
India,Jha Jha,,,,,,
China,Jiaocheng,,,,,,
China,Jiaozuo,,,,,,
China,Jinchengjiang,,,,,,
Brazil,Jitauna,,,,,,
China,Jixi,,,,,,
United States of America,Joliet,,,,,,
Iran (Islamic Republic of),Juybar,,,,,,
Sudan,Kaduqli,,,,,,
Greece,Kaisariani,,,,,,
Unknown,Kaizuka,,,,,,
Japan,Kakamigahara,,,,,,
Russian Federation,Kalininskaya,,,,,,
Unknown,Kamal,,,,,,
Thailand,Kamalasai,,,,,,
India,Kanchipuram,,,,,,
India,Kankavli,,,,,,
India,Kanke,,,,,,
India,Karmala,,,,,,
India,Kasganj,,,,,,
Japan,Kashiwazaki,,,,,,
Iran (Islamic Republic of),Kazerun,,,,,,
Germany,Kehl,,,,,,
India,Kendrapara,,,,,,
United States of America,Kenmore,,,,,,
India,Khagaria,,,,,,
Philippines,Ramon,,,,,,
Brazil,Raul Soares,,,,,,
Israel,Reine,,,,,,
Ukraine,Reni,,,,,,
Germany,Rheine,,,,,,
Brazil,Riachao Das Neves,,,,,,
Czechia,Ricany,,,,,,
Senegal,Richard Toll,,,,,,
Netherlands,Rijnsburg,,,,,,
United States of America,Ringwood,,,,,,
Brazil,Rio Branco Do Sul,,,,,,
Colombia,Riosucio,,,,,,
United States of America,Ripon,,,,,,
United States of America,River Ridge,,,,,,
Cuba,Rodas,,,,,,
India,Rohtak,,,,,,
Thailand,Phun Phin,,,,,,
Italy,Pineto,,,,,,
Philippines,Pio,,,,,,
Brazil,Piraju,,,,,,
Brazil,Pirassununga,,,,,,
Chile,Pitrufquen,,,,,,
Mexico,Poanas,,,,,,
United States of America,Pocatello,,,,,,
Italy,Poggiomarino,,,,,,
Unknown,Ponnani,,,,,,
India,Porsa,,,,,,
South Africa,Port Alfred,,,,,,
Brazil,Porto Seguro,,,,,,
Russian Federation,Povorino,,,,,,
Czechia,Prerov,,,,,,
Brazil,Presidente Epitacio,,,,,,
Ghana,Prestea,,,,,,
United Kingdom of Great Britain and Northern Ireland,Preston,,,,,,
Brazil,Princesa Isabel,,,,,,
Venezuela (Bolivarian Republic of),Puerto Cabello,,,,,,
Colombia,Puerto Carreno,,,,,,
Spain,Puerto Lumbreras,,,,,,
India,Pujali,,,,,,
Myanmar,Pyinmana,,,,,,
China,Qinnan,,,,,,
China,Qiongshan,,,,,,
India,Radhanpur,,,,,,
Bulgaria,Radnevo,,,,,,
South Africa,Pietersburg,,,,,,
China,Pingliang,,,,,,
Brazil,Piripiri,,,,,,
India,Piriyapatna,,,,,,
Russian Federation,Pochinki,,,,,,
Montenegro,Podgorica,,,,,,
Serbia,Podujevo,,,,,,
Ukraine,Polonne,,,,,,
Russian Federation,Poltavskaya,,,,,,
Poland,Poniatowa,,,,,,
Unknown,Pontian Kecil,,,,,,
Brazil,Porto Belo,,,,,,
Brazil,Porto Calvo,,,,,,
Brazil,Porto Franco,,,,,,
Italy,Porto Recanati,,,,,,
Spain,Portugalete,,,,,,
Canada,Prince Albert,,,,,,
Russian Federation,Privolzhskiy,,,,,,
Russian Federation,Pudozh,,,,,,
Indonesia,Purworejo,,,,,,
India,Puttur,,,,,,
United Kingdom of Great Britain and Northern Ireland,Radcliffe,,,,,,
Israel,Ramat Hasharon,,,,,,
United States of America,Bryan,,,,,,
Russian Federation,Buguruslan,,,,,,
Albania,Bulqize,,,,,,
Indonesia,Bumiayu,,,,,,
Democratic Republic of the Congo,Businga,,,,,,
Brazil,Caconde,,,,,,
Brazil,Caiaponia,,,,,,
Italy,Caldogno,,,,,,
United States of America,California City,,,,,,
Italy,Calolziocorte,,,,,,
Bolivia (Plurinational State of),Camiri,,,,,,
Italy,Campobello Di Mazara,,,,,,
Hungary,Balatonfured,,,,,,
Hungary,Balmazujvaros,,,,,,
United Kingdom of Great Britain and Northern Ireland,Banbury,,,,,,
Cameroon,Banyo,,,,,,
Indonesia,Banyumas,,,,,,
Tunisia,Bardaw,,,,,,
Unknown,Barreiro,,,,,,
India,Barsi,,,,,,
Germany,Barsinghausen,,,,,,
Venezuela (Bolivarian Republic of),Baruta,,,,,,
Kyrgyzstan,Batken,,,,,,
Indonesia,Baturaden,,,,,,
India,Bayana,,,,,,
Russian Federation,Baykalsk,,,,,,
United States of America,Bayonet Point,,,,,,
Poland,Zabki,,,,,,
Japan,Zama,,,,,,
China,Zhaoqing,,,,,,
China,Zhaoyuan,,,,,,
China,Zhuozhou,,,,,,
Mexico,Canoa,,,,,,
Italy,Capoterra,,,,,,
Italy,Capurso,,,,,,
Italy,Castellanza,,,,,,
United States of America,Catano,,,,,,
United States of America,Cave Spring,,,,,,
United States of America,Cedar Mill,,,,,,
United States of America,Cedar Rapids,,,,,,
Italy,Celano,,,,,,
Slovenia,Celje,,,,,,
South Africa,Ceres,,,,,,
Brazil,Cerqueira Cesar,,,,,,
Czechia,Ceska Trebova,,,,,,
Russian Federation,Khasanya,,,,,,
Thailand,Khlong Luang,,,,,,
Greece,Kholargos,,,,,,
United Republic of Tanzania,Kidodi,,,,,,
Iraq,Kifri,,,,,,
United Republic of Tanzania,Kigonsera,,,,,,
United States of America,King City,,,,,,
United States of America,Kingsville,,,,,,
Belgium,Kinrooi,,,,,,
Germany,Kirchheim,,,,,,
United Republic of Tanzania,Kisanga,,,,,,
Belarus,Kobryn,,,,,,
Japan,Kokubu,,,,,,
Austria,Korneuburg,,,,,,
Greece,Kos,,,,,,
Guinea,Koundara,,,,,,
Poland,Krapkowice,,,,,,
Russian Federation,Krasnoturinsk,,,,,,
Russian Federation,Krasnoufimsk,,,,,,
Russian Federation,Kubinka,,,,,,
India,Kudal,,,,,,
Albania,Kukes,,,,,,
Latvia,Kuldiga,,,,,,
India,Kulu,,,,,,
Germany,Kummersbruck,,,,,,
Switzerland,Kussnacht,,,,,,
France,La Seyne Sur Mer,,,,,,
Belgium,Laarne,,,,,,
Russian Federation,Labinsk,,,,,,
Cameroon,Lagdo,,,,,,
Uganda,Kamwenge,,,,,,
China,Karamay,,,,,,
Indonesia,Karangsembung,,,,,,
India,Karanja,,,,,,
Germany,Karben,,,,,,
Russian Federation,Kataysk,,,,,,
Unknown,Kavieng,,,,,,
Japan,Kazuno,,,,,,
Israel,Kefar Sava,,,,,,
Finland,Kemi,,,,,,
Greece,Khalandrion,,,,,,
Pakistan,Kharan,,,,,,
Germany,Lampertheim,,,,,,
Unknown,Landskrona,,,,,,
Germany,Langenhagen,,,,,,
Netherlands,Laren,,,,,,
United States of America,Largo,,,,,,
Panama,Las Cumbres,,,,,,
Germany,Lauingen,,,,,,
France,Le Cannet,,,,,,
Spain,Leganes,,,,,,
Italy,Legnano,,,,,,
United States of America,Lenexa,,,,,,
Russian Federation,Leninsk,,,,,,
Russian Federation,Lesozavodsk,,,,,,
Canada,Lethbridge,,,,,,
China,Lianran,,,,,,
United States of America,Glen Allen,,,,,,
Indonesia,Gombong,,,,,,
Netherlands,Gorssel,,,,,,
Poland,Gostyn,,,,,,
Burkina Faso,Gourcy,,,,,,
Russian Federation,Gryazi,,,,,,
Pakistan,Gujar Khan,,,,,,
Russian Federation,Gus Khrustalnyy,,,,,,
Unknown,Gushikawa,,,,,,
Italy,Gussago,,,,,,
Viet Nam,Ha Tinh,,,,,,
United States of America,Hackensack,,,,,,
Iran (Islamic Republic of),Hadishahr,,,,,,
Ethiopia,Hagere Hiywet,,,,,,
United States of America,Ham Lake,,,,,,
Germany,Hamm,,,,,,
India,Harihar,,,,,,
United Kingdom of Great Britain and Northern Ireland,Harpenden,,,,,,
Germany,Haselunne,,,,,,
Iran (Islamic Republic of),Hashtgerd,,,,,,
Finland,Haukipudas,,,,,,
United States of America,Hazel Park,,,,,,
United Kingdom of Great Britain and Northern Ireland,Heanor,,,,,,
Germany,Hechingen,,,,,,
Spain,Hellin,,,,,,
United States of America,Highland,,,,,,
Japan,Hiji,,,,,,
Germany,Hilden,,,,,,
Japan,Hirara,,,,,,
India,Hirekerur,,,,,,
United Kingdom of Great Britain and Northern Ireland,Hitchin,,,,,,
Belgium,Hoogstraten,,,,,,
China,Houma,,,,,,
Poland,Hrubieszow,,,,,,
China,Hsinhua,,,,,,
Peru,Huanta,,,,,,
Sweden,Hudiksvall,,,,,,
Spain,Huesca,,,,,,
Unknown,Hull,,,,,,
China,Huwei,,,,,,
Finland,Iisalmi,,,,,,
China,Shenyang,,,,,,
Bangladesh,Sherpur,,,,,,
Kazakhstan,Shieli,,,,,,
India,Shiggaon,,,,,,
India,Shujalpur,,,,,,
China,Shulan,,,,,,
Iran (Islamic Republic of),Shush,,,,,,
Mexico,Silao,,,,,,
Indonesia,Singosari,,,,,,
Russian Federation,Skopin,,,,,,
Russian Federation,Smolensk,,,,,,
Russian Federation,Sobinka,,,,,,
Unknown,Danao,,,,,,
Syrian Arab Republic,Darayya,,,,,,
United States of America,Davis,,,,,,
Ethiopia,Debre Zeyit,,,,,,
United States of America,Dennis,,,,,,
Ukraine,Dergachi,,,,,,
India,Deshnok,,,,,,
Unknown,Dharmadam,,,,,,
Switzerland,Dietikon,,,,,,
Mali,Djenne,,,,,,
Germany,Dobeln,,,,,,
Slovakia,Dolny Kubin,,,,,,
Russian Federation,Donskoy,,,,,,
Germany,Duderstadt,,,,,,
Pakistan,Dunga Bunga,,,,,,
Belgium,Durbuy,,,,,,
India,Durgapur,,,,,,
Uzbekistan,Dustlik,,,,,,
United States of America,East Riverdale,,,,,,
Switzerland,Ecublens,,,,,,
Colombia,El Reten,,,,,,
United States of America,El Segundo,,,,,,
China,Linxi,,,,,,
United Kingdom of Great Britain and Northern Ireland,Lisburn,,,,,,
United States of America,Lisle,,,,,,
Kenya,Lodwar,,,,,,
Poland,Lomianki,,,,,,
United States of America,Lompoc,,,,,,
Colombia,Los Patios,,,,,,
Germany,Ludinghausen,,,,,,
Germany,Ludwigslust,,,,,,
Brazil,Macaparana,,,,,,
Romania,Macin,,,,,,
Italy,Macomer,,,,,,
India,Madhupur,,,,,,
Cuba,Madruga,,,,,,
Thailand,Mae Tha,,,,,,
Iran (Islamic Republic of),Mahabad,,,,,,
India,Mahabaleshwar,,,,,,
India,Mahudha,,,,,,
France,Maisons Alfort,,,,,,
India,Malegaon,,,,,,
Colombia,Manizales,,,,,,
United States of America,Manteca,,,,,,
Mozambique,Maputo,,,,,,
India,Marakkanam,,,,,,
Germany,Marbach,,,,,,
Germany,Markkleeberg,,,,,,
Spain,Marratxi,,,,,,
Italy,Marsala,,,,,,
Mexico,Maxcanu,,,,,,
Uganda,Mbarara,,,,,,
China,Meihekou,,,,,,
United States of America,Melrose,,,,,,
India,Memari,,,,,,
Mexico,Meoqui,,,,,,
France,Meru,,,,,,
Germany,Mettingen,,,,,,
France,Mougins,,,,,,
Uganda,Moyo,,,,,,
Chile,Mulchen,,,,,,
France,Mulhouse,,,,,,
Sri Lanka,Mulleriyawa,,,,,,
Ukraine,Nadvirna,,,,,,
Israel,Nahariyya,,,,,,
Thailand,Nang Rong,,,,,,
China,Nanning,,,,,,
India,Narayanpet,,,,,,
United States of America,Natick,,,,,,
Pakistan,Naudero,,,,,,
China,Neijiang,,,,,,
Ukraine,Nemyriv,,,,,,
Russian Federation,Nesterovskaya,,,,,,
United States of America,New Ulm,,,,,,
United Kingdom of Great Britain and Northern Ireland,Newton Abbot,,,,,,
Germany,Niederkassel,,,,,,
Belgium,Nieuwpoort,,,,,,
India,Nirmali,,,,,,
India,Nizamabad,,,,,,
Russian Federation,Nizhniy Tagil,,,,,,
Oman,Nizwa,,,,,,
Malawi,Nkhotakota,,,,,,
Canada,North Battleford,,,,,,
Germany,Northeim,,,,,,
Brazil,Nova Era,,,,,,
Brazil,Nova Iguacu,,,,,,
Serbia,Novi Sad,,,,,,
Russian Federation,Novoaltaysk,,,,,,
Russian Federation,Novoanninskiy,,,,,,
Israel,Ofaqim,,,,,,
United States of America,Ogdensburg,,,,,,
Japan,Mibu,,,,,,
United States of America,Mill Creek,,,,,,
France,Millau,,,,,,
Russian Federation,Millerovo,,,,,,
Italy,Mira,,,,,,
Libya,Mizdah,,,,,,
Brazil,Moji Das Cruzes,,,,,,
Indonesia,Mojosari,,,,,,
Philippines,Molave,,,,,,
United States of America,Monticello,,,,,,
Peru,Moquegua,,,,,,
Poland,Morag,,,,,,
United States of America,Moreno Valley,,,,,,
Brazil,Girua,,,,,,
Burundi,Gitega,,,,,,
France,Givors,,,,,,
Ethiopia,Goba,,,,,,
United States of America,Goffstown,,,,,,
Brazil,Goianinha,,,,,,
France,Gradignan,,,,,,
Brazil,Grajau,,,,,,
Costa Rica,Grecia,,,,,,
Germany,Griesheim,,,,,,
Netherlands,Grootegast,,,,,,
United States of America,Grove City,,,,,,
United States of America,Guayama,,,,,,
Ethiopia,Guder,,,,,,
India,Guskhara,,,,,,
Netherlands,Haaren,,,,,,
Unknown,Hakodate,,,,,,
Japan,Hakone,,,,,,
United States of America,Hampton,,,,,,
India,Harduaganj,,,,,,
Pakistan,Harnoli,,,,,,
India,Harsud,,,,,,
Japan,Hashima,,,,,,
Dominican Republic,Hato Mayor,,,,,,
Japan,Hatogaya,,,,,,
Netherlands,Heemstede,,,,,,
Mexico,Hermosillo,,,,,,
Germany,Hessisch Lichtenau,,,,,,
Egypt,Hihya,,,,,,
Japan,Himi,,,,,,
India,Hindoria,,,,,,
India,Hingoli,,,,,,
United States of America,Hinsdale,,,,,,
Czechia,Hlucin,,,,,,
Ghana,Ho,,,,,,
Germany,Hohen Neuendorf,,,,,,
Czechia,Holesov,,,,,,
South Africa,Hoopstad,,,,,,
United States of America,Hormigueros,,,,,,
China,Hsinying,,,,,,
China,Huanan,,,,,,
China,Huangnihe,,,,,,
Peru,Huaraz,,,,,,
Peru,Huarmey,,,,,,
India,Hyderabad,,,,,,
Brazil,Ibicarai,,,,,,
Belgium,Ichtegem,,,,,,
Nigeria,Ila,,,,,,
Japan,Inawashiro,,,,,,
Brazil,Iranduba,,,,,,
Hungary,Isaszeg,,,,,,
Germany,Iserlohn,,,,,,
France,Issoire,,,,,,
Brazil,Itapecerica,,,,,,
India,Itimadpur,,,,,,
Japan,Iwade,,,,,,
Japan,Iwanai,,,,,,
Slovenia,Izola,,,,,,
Serbia,Jagodina,,,,,,
India,Jalpaiguri,,,,,,
India,Jammu,,,,,,
Finland,Janakkala,,,,,,
Indonesia,Jaten,,,,,,
Pakistan,Jatoi,,,,,,
India,Jetpur,,,,,,
Ethiopia,Jijiga,,,,,,
Malaysia,Jitra,,,,,,
United States of America,Johnstown,,,,,,
Brazil,Jucurutu,,,,,,
Brazil,Julio De Castilhos,,,,,,
Turkey,Kahramanmaras,,,,,,
India,Kalyan,,,,,,
India,Kamareddi,,,,,,
Russian Federation,Kamenolomni,,,,,,
Japan,Kamifukuoka,,,,,,
Germany,Kamp Lintfort,,,,,,
Russian Federation,Kamyzyak,,,,,,
Sri Lanka,Kandana,,,,,,
Pakistan,Kandiaro,,,,,,
Turkey,Karamursel,,,,,,
India,Karanpura,,,,,,
India,Kashipur,,,,,,
Pakistan,Kasur,,,,,,
Nigeria,Katsina,,,,,,
United States of America,Katy,,,,,,
Turkey,Kavakli,,,,,,
Russian Federation,Kazan,,,,,,
Indonesia,Kendari,,,,,,
United States of America,Kennewick,,,,,,
Germany,Ketsch,,,,,,
Iran (Islamic Republic of),Alvand,,,,,,
United States of America,Americus,,,,,,
India,Amli,,,,,,
United States of America,Ammon,,,,,,
Thailand,Amnat Charoen,,,,,,
Iran (Islamic Republic of),Amol,,,,,,
India,Anaimalai,,,,,,
United States of America,Anchorage,,,,,,
India,Anjangaon,,,,,,
Brazil,Araguari,,,,,,
Papua New Guinea,Arawa,,,,,,
United States of America,Ardmore,,,,,,
Philippines,Abucay,,,,,,
Equatorial Guinea,Aconibe,,,,,,
Philippines,Aguisan,,,,,,
Iran (Islamic Republic of),Ahar,,,,,,
Russian Federation,Akhtubinsk,,,,,,
Turkey,Alasehir,,,,,,
France,Albi,,,,,,
Spain,Alcazar De San Juan,,,,,,
Russian Federation,Aleksandriyskaya,,,,,,
Russian Federation,Aleksandrov,,,,,,
Greece,Alexandroupoli,,,,,,
Spain,Algemesi,,,,,,
Spain,Alhaurin El Grande,,,,,,
India,Alipur,,,,,,
Pakistan,Shahdadkot,,,,,,
Germany,Schluchtern,,,,,,
Brazil,Schroeder,,,,,,
Germany,Schuttorf,,,,,,
Germany,Schwaigern,,,,,,
Austria,Schwaz,,,,,,
Japan,Sennan,,,,,,
El Salvador,Sensuntepeque,,,,,,
Russian Federation,Severo Zadonsk,,,,,,
Iran (Islamic Republic of),Shahr E Babak,,,,,,
Russian Federation,Shakhunya,,,,,,
China,Shanting,,,,,,
Japan,Omama,,,,,,
South Africa,Orkney,,,,,,
Nigeria,Oshogbo,,,,,,
Belgium,Oud Heverlee,,,,,,
United States of America,Overlea,,,,,,
Poland,Ozorkow,,,,,,
Portugal,Paco De Arcos,,,,,,
Panama,Pacora,,,,,,
United States of America,Palm Bay,,,,,,
United States of America,Palos Verdes Estates,,,,,,
Guatemala,Panajachel,,,,,,
France,Pantin,,,,,,
Brazil,Paraisopolis,,,,,,
Brazil,Paranapanema,,,,,,
Uzbekistan,Parkent,,,,,,
Iran (Islamic Republic of),Parsabad,,,,,,
United States of America,Parsons,,,,,,
Panama,Pedregal,,,,,,
United States of America,Perth Amboy,,,,,,
United States of America,Petersburg,,,,,,
Thailand,Phayao,,,,,,
Thailand,Phon Thong,,,,,,
Colombia,Piedecuesta,,,,,,
Mexico,Pijijiapan,,,,,,
Unknown,Pionerskiy,,,,,,
Bangladesh,Pirojpur,,,,,,
Colombia,Pitalito,,,,,,
Brazil,Pitanga,,,,,,
Brazil,Planaltina,,,,,,
United States of America,Plant City,,,,,,
Viet Nam,Play Cu,,,,,,
Indonesia,Polewali,,,,,,
France,Pont A Mousson,,,,,,
United States of America,Northglenn,,,,,,
Italy,Nova Milanese,,,,,,
Bosnia and Herzegovina,Novi Travnik,,,,,,
Russian Federation,Novocheboksarsk,,,,,,
Russian Federation,Novosilikatnyy,,,,,,
Russian Federation,Novotitarovskaya,,,,,,
Poland,Nowy Sacz,,,,,,
Poland,Oborniki,,,,,,
Turkey,Odemis,,,,,,
United States of America,Odessa,,,,,,
India,Odlabari,,,,,,
India,Ojhar,,,,,,
Russian Federation,Okulovka,,,,,,
Latvia,Olaine,,,,,,
Italy,Olgiate Olona,,,,,,
South Africa,Giyani,,,,,,
Ethiopia,Giyon,,,,,,
United States of America,Glen Avon,,,,,,
United States of America,Glen Cove,,,,,,
United States of America,Glenview,,,,,,
United States of America,Gloucester,,,,,,
India,Gobardanga,,,,,,
Brazil,Goiania,,,,,,
India,Gopalganj,,,,,,
France,Grande Synthe,,,,,,
Chile,Graneros,,,,,,
Lithuania,Grigiskes,,,,,,
Germany,Gronau,,,,,,
Ecuador,Gualaceo,,,,,,
Guatemala,Gualan,,,,,,
Mexico,Guanajuato,,,,,,
Brazil,Guapo,,,,,,
India,Ingraj Bazar,,,,,,
New Zealand,Invercargill,,,,,,
United States of America,Ionia,,,,,,
Malaysia,Ipoh,,,,,,
Democratic Republic of the Congo,Isiro,,,,,,
Turkey,Iskilip,,,,,,
Russian Federation,Iskitim,,,,,,
France,Issy Les Moulineaux,,,,,,
Brazil,Itamarandiba,,,,,,
Japan,Itami,,,,,,
Brazil,Itaporanga,,,,,,
Brazil,Itaqui,,,,,,
Mexico,Ixtapaluca,,,,,,
India,Jangaon,,,,,,
Unknown,Jensen Beach,,,,,,
China,Jiangkou,,,,,,
Brazil,Jussara,,,,,,
Germany,Kaarst,,,,,,
Philippines,Kabankalan,,,,,,
Nigeria,Kafanchan,,,,,,
United States of America,Kahului,,,,,,
China,Kaihua,,,,,,
India,Kailaras,,,,,,
India,Kamalapuram,,,,,,
Pakistan,Kamalia,,,,,,
Pakistan,Kambar,,,,,,
Japan,Kanie,,,,,,
Kenya,Kapenguria,,,,,,
Germany,Karlsruhe,,,,,,
Germany,Karlstadt,,,,,,
India,Karwar,,,,,,
Japan,Kasaoka,,,,,,
Burkina Faso,Kaya,,,,,,
Malaysia,Kepala Batas,,,,,,
Ukraine,Kerch,,,,,,
Kenya,Kerugoya,,,,,,
Philippines,Olongapo,,,,,,
Switzerland,Onex,,,,,,
Netherlands,Opmeer,,,,,,
Hungary,Oroszlany,,,,,,
Unknown,Ortona,,,,,,
Italy,Ostuni,,,,,,
Indonesia,Padang,,,,,,
China,Paiho,,,,,,
Brazil,Papagaios,,,,,,
Brazil,Parambu,,,,,,
Italy,Partanna,,,,,,
France,Parthenay,,,,,,
Germany,Passau,,,,,,
Guatemala,Patzun,,,,,,
Bulgaria,Pavlikeni,,,,,,
Russian Federation,Pavlovskiy Posad,,,,,,
Uruguay,Paysandu,,,,,,
United States of America,Pearl,,,,,,
Brazil,Pedro Leopoldo,,,,,,
Belgium,Peer,,,,,,
Germany,Pegnitz,,,,,,
Mozambique,Pemba,,,,,,
Philippines,Penaranda,,,,,,
Italy,Penne,,,,,,
Panama,Penonome,,,,,,
Romania,Petrila,,,,,,
Thailand,Phetchabun,,,,,,
United States of America,Hobbs,,,,,,
Israel,Hod Hasharon,,,,,,
India,Honavar,,,,,,
Ukraine,Horodnya,,,,,,
Switzerland,Horw,,,,,,
Netherlands,Houten,,,,,,
Peru,Huacho,,,,,,
Thailand,Huai Mek,,,,,,
Guatemala,Huehuetenango,,,,,,
Germany,Hullhorst,,,,,,
Uganda,Iganga,,,,,,
Mexico,Iguala,,,,,,
United Republic of Tanzania,Ikwiriri,,,,,,
Peru,Ilave,,,,,,
United States of America,Gloucester City,,,,,,
Brazil,Goianira,,,,,,
United States of America,Golden Gate,,,,,,
United States of America,Golden Valley,,,,,,
United States of America,Goldenrod,,,,,,
Nigeria,Gombe,,,,,,
United States of America,Goodlettsville,,,,,,
Russian Federation,Gornozavodsk,,,,,,
Unknown,Goudomp,,,,,,
United States of America,Grand Rapids,,,,,,
United States of America,Grandview,,,,,,
United States of America,Grass Valley,,,,,,
United Kingdom of Great Britain and Northern Ireland,Great Sankey,,,,,,
United States of America,Greece,,,,,,
India,Gudalur,,,,,,
France,Francheville,,,,,,
Germany,Freilassing,,,,,,
Spain,Fuenlabrada,,,,,,
Germany,Gaildorf,,,,,,
India,Gandhidham,,,,,,
India,Gangapur,,,,,,
Liberia,Ganta,,,,,,
Lithuania,Gargzdai,,,,,,
India,Garui,,,,,,
Brazil,Getulio Vargas,,,,,,
Romania,Gherla,,,,,,
United Kingdom of Great Britain and Northern Ireland,Giffnock,,,,,,
Kenya,Gilgil,,,,,,
Italy,Giovinazzo,,,,,,
United States of America,Coatesville,,,,,,
Italy,Cologno Al Serio,,,,,,
Italy,Concorezzo,,,,,,
Poland,Cracow,,,,,,
Mexico,Cuautepec,,,,,,
Romania,Cugir,,,,,,
Italy,Cuneo,,,,,,
Philippines,Dadiangas,,,,,,
United States of America,Downers Grove,,,,,,
Brazil,Duartina,,,,,,
India,Dubrajpur,,,,,,
Luxembourg,Dudelange,,,,,,
India,Dudhani,,,,,,
United Kingdom of Great Britain and Northern Ireland,Dunfermline,,,,,,
India,Dungarpur,,,,,,
India,Durg,,,,,,
Russian Federation,Dyatkovo,,,,,,
United States of America,East Saint Louis,,,,,,
Germany,Eching,,,,,,
Kenya,Eldoret,,,,,,
United States of America,Elk City,,,,,,
France,Epinay Sous Senart,,,,,,
Nigeria,Eruwa,,,,,,
India,Etah,,,,,,
Belgium,Eupen,,,,,,
United States of America,Fairfax,,,,,,
Senegal,Fatick,,,,,,
Nigeria,Fiditi,,,,,,
United States of America,Flint,,,,,,
United States of America,Forest City,,,,,,
Germany,Forst,,,,,,
India,Gurh,,,,,,
Philippines,Hagonoy,,,,,,
Austria,Hallein,,,,,,
Japan,Hamura,,,,,,
India,Harij,,,,,,
United States of America,Haslett,,,,,,
United States of America,Hayesville,,,,,,
United Kingdom of Great Britain and Northern Ireland,Haywards Heath,,,,,,
Netherlands,Heerde,,,,,,
China,Helong,,,,,,
Costa Rica,Heredia,,,,,,
Spain,Hernani,,,,,,
United States of America,Hickory Hills,,,,,,
United Kingdom of Great Britain and Northern Ireland,High Wycombe,,,,,,
India,Hinganghat,,,,,,
Hungary,Hodmezovasarhely,,,,,,
United States of America,Holbrook,,,,,,
Netherlands,Hoogeveen,,,,,,
Peru,Huancavelica,,,,,,
Peru,Huancayo,,,,,,
Germany,Huckeswagen,,,,,,
United Kingdom of Great Britain and Northern Ireland,Huddersfield,,,,,,
United States of America,Hueytown,,,,,,
Oman,Ibra,,,,,,
Russian Federation,Igra,,,,,,
Nepal,Ilam,,,,,,
China,Daliang,,,,,,
United States of America,Danbury,,,,,,
Honduras,Danli,,,,,,
Unknown,Daru,,,,,,
Republic of North Macedonia,Debar,,,,,,
France,Deuil La Barre,,,,,,
India,Devgarh,,,,,,
India,Dharmavaram,,,,,,
Niger,Diffa,,,,,,
Philippines,Dologon,,,,,,
Belgium,Chatelet,,,,,,
Mexico,Chemax,,,,,,
Bangladesh,Chhatak,,,,,,
China,Chichi,,,,,,
Chile,Chillan,,,,,,
Ukraine,Chortkiv,,,,,,
Mexico,Cienaga De Flores,,,,,,
Indonesia,Citeureup,,,,,,
Mexico,Ciudad Valles,,,,,,
Vanuatu,Vila,,,,,,
Ecuador,Vinces,,,,,,
United States of America,Vineland,,,,,,
Viet Nam,Vinh Yen,,,,,,
India,Visakhapatnam,,,,,,
Serbia,Vrsac,,,,,,
India,Wadhwan,,,,,,
India,Washim,,,,,,
Democratic Republic of the Congo,Watsa,,,,,,
Belgium,Wattrelos,,,,,,
Germany,Werther,,,,,,
United States of America,West Des Moines,,,,,,
United States of America,West Norriton,,,,,,
United Kingdom of Great Britain and Northern Ireland,Westhoughton,,,,,,
United Kingdom of Great Britain and Northern Ireland,Whitburn,,,,,,
United States of America,Williamstown,,,,,,
Poland,Wschowa,,,,,,
China,Wuning,,,,,,
China,Xinpu,,,,,,
China,Xinye,,,,,,
Turkey,Yalvac,,,,,,
India,Yelahanka,,,,,,
Russian Federation,Yelets,,,,,,
Turkey,Yozgat,,,,,,
China,Yuanlin,,,,,,
United States of America,Yucca Valley,,,,,,
China,Yueyang,,,,,,
Russian Federation,Yugorsk,,,,,,
Russian Federation,Yuryuzan,,,,,,
Ukraine,Zbarazh,,,,,,
Russian Federation,Zelenogorsk,,,,,,
Poland,Zgorzelec,,,,,,
United States of America,Zionsville,,,,,,
China,Ziyang,,,,,,
Ukraine,Zuhres,,,,,,
India,Lakshmeshwar,,,,,,
Mauritius,Lalmatie,,,,,,
France,Lambersart,,,,,,
Viet Nam,Lang Son,,,,,,
India,Lanja,,,,,,
United States of America,Lebanon,,,,,,
Spain,Lebrija,,,,,,
Italy,Lentate Sul Seveso,,,,,,
Germany,Leverkusen,,,,,,
Russian Federation,Likhoslavl,,,,,,
United States of America,Lincoln,,,,,,
United States of America,Lincolnia,,,,,,
United Republic of Tanzania,Lindi,,,,,,
United States of America,Livingston,,,,,,
Congo,Loandjili,,,,,,
Venezuela (Bolivarian Republic of),Los Dos Caminos,,,,,,
United States of America,Los Lunas,,,,,,
Mexico,Los Mochis,,,,,,
Russian Federation,Lukhovitsy,,,,,,
Philippines,Luna,,,,,,
France,Lunel,,,,,,
Romania,Lupeni,,,,,,
United States of America,Lyons,,,,,,
Netherlands,Maastricht,,,,,,
Philippines,Mabitac,,,,,,
Unknown,Macae,,,,,,
Mexico,Magdalena,,,,,,
India,Mahishadal,,,,,,
Russian Federation,Malaya Vishera,,,,,,
Mexico,Maltrata,,,,,,
United Republic of Tanzania,Malya,,,,,,
Philippines,Mamatid,,,,,,
Pakistan,Mangla,,,,,,
India,Margherita,,,,,,
Georgia,Khashuri,,,,,,
United Kingdom of Great Britain and Northern Ireland,Kidsgrove,,,,,,
Greece,Kifisia,,,,,,
United States of America,Kings Point,,,,,,
Finland,Kirkkonummi,,,,,,
Japan,Kitakyushu,,,,,,
Belgium,Knokke Heist,,,,,,
India,Koch Bihar,,,,,,
Tajikistan,Kofarnihon,,,,,,
India,Kolar,,,,,,
Senegal,Kolda,,,,,,
Mali,Kolokani,,,,,,
Poland,Koszalin,,,,,,
Japan,Kanaya,,,,,,
Kyrgyzstan,Kant,,,,,,
Japan,Karatsu,,,,,,
Greece,Karditsa,,,,,,
Russian Federation,Karpinsk,,,,,,
Democratic Republic of the Congo,Kasangulu,,,,,,
Japan,Kashihara,,,,,,
India,Kasimbazar,,,,,,
Japan,Kasuga,,,,,,
Unknown,Kawanoe,,,,,,
Pakistan,Jauharabad,,,,,,
Malaysia,Jenjarom,,,,,,
Pakistan,Jhol,,,,,,
China,Jiehu,,,,,,
Nigeria,Jimeta,,,,,,
India,Jobat,,,,,,
United States of America,Johnson City,,,,,,
Mexico,Jojutla,,,,,,
Switzerland,Jona,,,,,,
Lebanon,Juniyah,,,,,,
Nigeria,Kaduna,,,,,,
Cameroon,Kaele,,,,,,
India,Kaikalur,,,,,,
Iran (Islamic Republic of),Kalaleh,,,,,,
Greece,Kalamakion,,,,,,
Germany,Kaltenkirchen,,,,,,
Mali,Koutiala,,,,,,
Poland,Kowary,,,,,,
Ukraine,Krasnohrad,,,,,,
China,Kuanhsi,,,,,,
Thailand,Kui Buri,,,,,,
Japan,Kuji,,,,,,
India,Kunnamangalam,,,,,,
Russian Federation,Kuvandyk,,,,,,
United States of America,La Habra,,,,,,
United States of America,Laguna Beach,,,,,,
Thailand,Non Thai,,,,,,
United States of America,North Arlington,,,,,,
United States of America,North Atlanta,,,,,,
Brazil,Nova Petropolis,,,,,,
Malawi,Nsanje,,,,,,
United Republic of Tanzania,Nyangao,,,,,,
Ukraine,Nyzhnya Krynka,,,,,,
United Republic of Tanzania,Nzega,,,,,,
United Kingdom of Great Britain and Northern Ireland,Oakham,,,,,,
Mexico,Obregon,,,,,,
Serbia,Obrenovac,,,,,,
United States of America,Ocean Springs,,,,,,
France,Octeville,,,,,,
Iran (Islamic Republic of),Naqadeh,,,,,,
India,Naspur,,,,,,
Lithuania,Naujoji Akmene,,,,,,
Brazil,Nazare,,,,,,
United Republic of Tanzania,Ndungu,,,,,,
United States of America,New Carrollton,,,,,,
United Republic of Tanzania,Nguruka,,,,,,
Italy,Nichelino,,,,,,
Netherlands,Nijmegen,,,,,,
United States of America,Niles,,,,,,
Venezuela (Bolivarian Republic of),Nirgua,,,,,,
Japan,Nishio,,,,,,
Malawi,Nkhata Bay,,,,,,
Finland,Vihti,,,,,,
Dominican Republic,Villa Bisono,,,,,,
Spain,Villamartin,,,,,,
Italy,Villorba,,,,,,
India,Virarajendrapet,,,,,,
Switzerland,Volketswil,,,,,,
Ukraine,Vyshneve,,,,,,
Sudan,Wad Madani,,,,,,
Sudan,Wad Rawah,,,,,,
Germany,Waiblingen,,,,,,
United States of America,Walla Walla,,,,,,
Unknown,Wallasey,,,,,,
India,Wardha,,,,,,
Germany,Wasserburg,,,,,,
Morocco,Wazzan,,,,,,
Germany,Winterberg,,,,,,
United States of America,Woodward,,,,,,
Mexico,Xonacatlan,,,,,,
Russian Federation,Yanaul,,,,,,
Israel,Yavne,,,,,,
Canada,Yellowknife,,,,,,
Cameroon,Yokadouma,,,,,,
China,Youhao,,,,,,
Russian Federation,Yuzhnyy,,,,,,
Switzerland,Yverdon,,,,,,
Russian Federation,Zaraysk,,,,,,
Romania,Zarnesti,,,,,,
Germany,Zehdenick,,,,,,
Russian Federation,Zemetchino,,,,,,
Ukraine,Zhashkiv,,,,,,
Kazakhstan,Zhetybay,,,,,,
Poland,Zielona Gora,,,,,,
Poland,Zielonka,,,,,,
Portugal,Tavira,,,,,,
Russian Federation,Tavricheskoye,,,,,,
United States of America,Taylor,,,,,,
United States of America,Taylors,,,,,,
Mexico,Tecpan,,,,,,
Spain,Teguise,,,,,,
Unknown,Tekirdag,,,,,,
Germany,Teltow,,,,,,
Mexico,Tepatitlan,,,,,,
Brazil,Terra Santa,,,,,,
Morocco,Tetouan,,,,,,
Thailand,Thap Than,,,,,,
Mexico,Tlaltenango,,,,,,
Chile,Tocopilla,,,,,,
Japan,Tokamachi,,,,,,
Brazil,Toledo,,,,,,
India,Tondi,,,,,,
Belgium,Torhout,,,,,,
Japan,Toride,,,,,,
United States of America,Towson,,,,,,
Chile,Traiguen,,,,,,
Indonesia,Trenggalek,,,,,,
Brazil,Tres Coracoes,,,,,,
Germany,Trier,,,,,,
Argentina,Tucuman,,,,,,
Uzbekistan,Tuytepa,,,,,,
Germany,Uberlingen,,,,,,
India,Udaipura,,,,,,
Russian Federation,Unecha,,,,,,
United Republic of Tanzania,Usevya,,,,,,
Russian Federation,Ust Labinsk,,,,,,
Lithuania,Utena,,,,,,
India,Vadamadurai,,,,,,
Portugal,Vale Da Amoreira,,,,,,
Papua New Guinea,Vanimo,,,,,,
Colombia,Venadillo,,,,,,
Unknown,Veraval,,,,,,
South Africa,Vereeniging,,,,,,
Russian Federation,Verkhnedneprovskiy,,,,,,
Cuba,Vertientes,,,,,,
Belgium,Verviers,,,,,,
India,Supaul,,,,,,
Russian Federation,Surkhakhi,,,,,,
Italy,Suzzara,,,,,,
Sweden,Taby,,,,,,
Philippines,Tagas,,,,,,
China,Tangping,,,,,,
Philippines,Tanza,,,,,,
Spain,Tarancon,,,,,,
Romania,Targoviste,,,,,,
Unknown,Tarut,,,,,,
Brazil,Taua,,,,,,
Philippines,Sorsogon,,,,,,
Belgium,Soumagne,,,,,,
United States of America,South Hill,,,,,,
Germany,Spremberg,,,,,,
Germany,Sprockhovel,,,,,,
Germany,Steinhagen,,,,,,
United States of America,Steubenville,,,,,,
United Kingdom of Great Britain and Northern Ireland,Stoke On Trent,,,,,,
United Kingdom of Great Britain and Northern Ireland,Stourbridge,,,,,,
United Kingdom of Great Britain and Northern Ireland,Stratford Upon Avon,,,,,,
Republic of North Macedonia,Struga,,,,,,
Russian Federation,Stupino,,,,,,
Japan,Hisai,,,,,,
Turkey,Horasan,,,,,,
Brazil,Horizonte,,,,,,
India,Hoshangabad,,,,,,
Japan,Hotaka,,,,,,
Ecuador,Huaquillas,,,,,,
Brazil,Humaita,,,,,,
India,Hungund,,,,,,
India,Ichalkaranji,,,,,,
Japan,Ichinomiya,,,,,,
Syrian Arab Republic,Idlib,,,,,,
Nigeria,Igbo Ora,,,,,,
Brazil,Igrejinha,,,,,,
Nigeria,Ikirun,,,,,,
Pakistan,Hafizabad,,,,,,
Uzbekistan,Hamza,,,,,,
Ethiopia,Harer,,,,,,
United States of America,Harker Heights,,,,,,
United States of America,Harvey,,,,,,
Japan,Hasaki,,,,,,
Pakistan,Hasan Abdal,,,,,,
United Kingdom of Great Britain and Northern Ireland,Hatfield,,,,,,
India,Hatta,,,,,,
Netherlands,Hattem,,,,,,
Japan,Hayama,,,,,,
Sweden,Helsingborg,,,,,,
Finland,Helsinki,,,,,,
Iran (Islamic Republic of),Hendijan,,,,,,
Netherlands,Heusden,,,,,,
United States of America,Highlands Ranch,,,,,,
United States of America,Immokalee,,,,,,
United Republic of Tanzania,Iringa,,,,,,
India,Isagarh,,,,,,
Uzbekistan,Iskandar,,,,,,
United States of America,Islip,,,,,,
Colombia,Ituango,,,,,,
Japan,Iwase,,,,,,
Belgium,Izegem,,,,,,
Turkey,Iznik,,,,,,
India,Jagadhri,,,,,,
Brazil,Jales,,,,,,
India,Gopamau,,,,,,
United Kingdom of Great Britain and Northern Ireland,Gosforth,,,,,,
South Africa,Grabouw,,,,,,
Mexico,Guadalupe,,,,,,
Brazil,Guarapuava,,,,,,
Brazil,Guaxupe,,,,,,
Bolivia (Plurinational State of),Guayaramerin,,,,,,
France,Gujan Mestras,,,,,,
Turkmenistan,Gumdag,,,,,,
Germany,Gunzburg,,,,,,
Japan,Hachioji,,,,,,
Netherlands,Haelen,,,,,,
Germany,Hagenow,,,,,,
China,Haicheng,,,,,,
Philippines,Halapitan,,,,,,
Malta,Hamrun,,,,,,
Somalia,Hargeysa,,,,,,
Liberia,Harper,,,,,,
Germany,Harsewinkel,,,,,,
India,Haveri,,,,,,
United States of America,Hawthorne,,,,,,
China,Hegang,,,,,,
Germany,Herxheim,,,,,,
United States of America,Onalaska,,,,,,
Greece,Oraiokastron,,,,,,
Aruba,Oranjestad,,,,,,
Russian Federation,Orel,,,,,,
Turkey,Orhangazi,,,,,,
Germany,Ostfildern,,,,,,
Czechia,Otrokovice,,,,,,
Benin,Ouidah,,,,,,
Italy,Padova,,,,,,
Italy,Pagani,,,,,,
Brazil,Paicandu,,,,,,
Uganda,Pakwach,,,,,,
India,Palani,,,,,,
United States of America,Palm Springs,,,,,,
Brazil,Palmeira Das Missoes,,,,,,
Philippines,President Roxas,,,,,,
South Africa,Pretoria,,,,,,
Germany,Pritzwalk,,,,,,
Russian Federation,Protvino,,,,,,
Costa Rica,Puntarenas,,,,,,
Unknown,Putatan,,,,,,
United States of America,Quincy,,,,,,
Pakistan,Raiwind,,,,,,
Philippines,Rajal,,,,,,
Nepal,Rajbiraj,,,,,,
India,Raver,,,,,,
Australia,Raymond Terrace,,,,,,
United States of America,Redwood City,,,,,,
India,Rehli,,,,,,
Switzerland,Renens,,,,,,
Brazil,Resplendor,,,,,,
United States of America,Ridgecrest,,,,,,
Nicaragua,Rio Blanco,,,,,,
Germany,Ritterhude,,,,,,
United States of America,Robbinsdale,,,,,,
Ethiopia,Robe,,,,,,
Belgium,Rochefort,,,,,,
United States of America,Rosaryville,,,,,,
Finland,Rovaniemi,,,,,,
Italy,Rozzano,,,,,,
United States of America,Saint Charles,,,,,,
France,Saint Brice Sous Foret,,,,,,
France,Saint Maximin La Sainte Baume,,,,,,
Ghana,Salaga,,,,,,
South Africa,Saldanha,,,,,,
Spain,Salt,,,,,,
Mexico,Saltillo,,,,,,
Colombia,San Alberto,,,,,,
Spain,San Bartolome,,,,,,
Italy,San Giovanni Lupatoto,,,,,,
Cuba,San Jose De Las Lajas,,,,,,
Mexico,San Luis Potosi,,,,,,
Costa Rica,San Rafael Abajo,,,,,,
Guatemala,Sanarate,,,,,,
United States of America,Sandalfoot Cove,,,,,,
India,Sandila,,,,,,
Poland,Sandomierz,,,,,,
United States of America,Sandusky,,,,,,
Cameroon,Sangmelima,,,,,,
Thailand,Sansai,,,,,,
Brazil,Santa Helena De Goias,,,,,,
Brazil,Santa Maria Da Vitoria,,,,,,
Brazil,Sao Felix Do Xingu,,,,,,
Brazil,Sao Francisco De Paula,,,,,,
Brazil,Sao Joao Da Boa Vista,,,,,,
Brazil,Sao Joaquim De Bicas,,,,,,
Albania,Sarande,,,,,,
India,Sarangarh,,,,,,
United States of America,Shelby,,,,,,
India,Sherkot,,,,,,
Japan,Shiraoka,,,,,,
Russian Federation,Shuya,,,,,,
Turkey,Sirnak,,,,,,
India,Sironj,,,,,,
Nicaragua,Siuna,,,,,,
India,Sardulgarh,,,,,,
United States of America,Savage,,,,,,
Ghana,Savelugu,,,,,,
Germany,Schonebeck,,,,,,
Germany,Schwalbach,,,,,,
United States of America,Searcy,,,,,,
Spain,Segovia,,,,,,
Pakistan,Sehwan,,,,,,
United Republic of Tanzania,Sepuka,,,,,,
Italy,Settimo Torinese,,,,,,
Japan,Settsu,,,,,,
Malaysia,Shah Alam,,,,,,
India,Shahdol,,,,,,
China,Shanghai,,,,,,
Japan,Shibukawa,,,,,,
United Kingdom of Great Britain and Northern Ireland,Shipley,,,,,,
Ethiopia,Sire,,,,,,
Brazil,Sobral,,,,,,
Indonesia,Pangkalanbuun,,,,,,
Italy,Parabiago,,,,,,
Paraguay,Paraguari,,,,,,
India,Parbhani,,,,,,
Australia,Parkes,,,,,,
Spain,Parla,,,,,,
Ecuador,Pasaje,,,,,,
India,Pattan,,,,,,
India,Pawayan,,,,,,
United Kingdom of Great Britain and Northern Ireland,Penarth,,,,,,
Brazil,Penha,,,,,,
Italy,Pesaro,,,,,,
Germany,Pfungstadt,,,,,,
India,Phagwara,,,,,,
India,Phaltan,,,,,,
India,Pinjaur,,,,,,
Brazil,Pires Do Rio,,,,,,
Thailand,Plaeng Yao,,,,,,
France,Plaisance Du Touch,,,,,,
United States of America,Ponce,,,,,,
Bolivia (Plurinational State of),Portachuelo,,,,,,
Brazil,Porto Murtinho,,,,,,
Brazil,Porto Real,,,,,,
Germany,Sondershausen,,,,,,
Thailand,Song Phi Nong,,,,,,
United States of America,Spanish Fork,,,,,,
Jamaica,Spanish Town,,,,,,
Serbia,Sremcica,,,,,,
United Kingdom of Great Britain and Northern Ireland,Staines,,,,,,
United States of America,Stanton,,,,,,
Germany,Stockach,,,,,,
Canada,Strathroy,,,,,,
China,Suixi,,,,,,
India,Suket,,,,,,
China,Baicheng,,,,,,
Democratic Republic of the Congo,Bandundu,,,,,,
Indonesia,Banjaran,,,,,,
India,Bankura,,,,,,
Spain,Barbate,,,,,,
United States of America,Barberton,,,,,,
Russian Federation,Barnaul,,,,,,
Italy,Battipaglia,,,,,,
United States of America,Bay Village,,,,,,
United States of America,Beachwood,,,,,,
United States of America,Beatrice,,,,,,
Italy,Beinasco,,,,,,
Cuba,Bejucal,,,,,,
Poland,Belchatow,,,,,,
France,Belfort,,,,,,
United States of America,Bellflower,,,,,,
Bangladesh,Bera,,,,,,
Chad,Bere,,,,,,
Ukraine,Berehove,,,,,,
India,Bhainsa,,,,,,
India,Bhayavadar,,,,,,
Brazil,Bicas,,,,,,
Guinea-Bissau,Bissora,,,,,,
France,Blagnac,,,,,,
United States of America,Blaine,,,,,,
Germany,Bobingen,,,,,,
Democratic Republic of the Congo,Bolobo,,,,,,
France,Bonneuil,,,,,,
Unknown,Bontang,,,,,,
Kazakhstan,Boralday,,,,,,
Russian Federation,Borisovka,,,,,,
Romania,Borsa,,,,,,
Iran (Islamic Republic of),Borujan,,,,,,
Democratic Republic of the Congo,Bosobolo,,,,,,
India,Botad,,,,,,
Brazil,Botucatu,,,,,,
France,Bourges,,,,,,
Italy,Bressanone,,,,,,
United States of America,Bridgeview,,,,,,
Gambia,Brikama,,,,,,
Brazil,Brodowski,,,,,,
Switzerland,Burgdorf,,,,,,
Brazil,Butia,,,,,,
Brazil,Cacu,,,,,,
Italy,Cadoneghe,,,,,,
Colombia,Caicedonia,,,,,,
Italy,Caivano,,,,,,
Italy,Camaiore,,,,,,
Brazil,Camocim De Sao Felix,,,,,,
Colombia,Campoalegre,,,,,,
Brazil,Campos Belos,,,,,,
Italy,Camposampiero,,,,,,
Brazil,Capanema,,,,,,
Brazil,Carazinho,,,,,,
Spain,Carballo,,,,,,
Philippines,Cardona,,,,,,
Switzerland,Carouge,,,,,,
United States of America,Casa Grande,,,,,,
Brazil,Catalao,,,,,,
United States of America,Cedar Falls,,,,,,
Italy,Certaldo,,,,,,
Czechia,Cesky Tesin,,,,,,
Bangladesh,Chandpur,,,,,,
Pakistan,Chitral,,,,,,
Thailand,Chok Chai,,,,,,
China,Cholan,,,,,,
India,Chopda,,,,,,
South Africa,Christiana,,,,,,
Afghanistan,Ciras,,,,,,
Italy,Cividale Del Friuli,,,,,,
United States of America,Clinton,,,,,,
United Kingdom of Great Britain and Northern Ireland,Welwyn Garden City,,,,,,
United States of America,West Hollywood,,,,,,
United States of America,Westwego,,,,,,
Canada,White Rock,,,,,,
Unknown,Winneba,,,,,,
Thailand,Wiset Chai Chan,,,,,,
China,Xiaolingwei,,,,,,
Somalia,Xuddur,,,,,,
Japan,Yaizu,,,,,,
Japan,Yasugi,,,,,,
Russian Federation,Yekaterinburg,,,,,,
Japan,Yoshii,,,,,,
China,Yuanli,,,,,,
China,Yungkang,,,,,,
Mexico,Zacatepec,,,,,,
Italy,Zagarolo,,,,,,
Austria,Zell Am See,,,,,,
China,Zhangjiakou,,,,,,
United States of America,Zion,,,,,,
Germany,Zirndorf,,,,,,
Burkina Faso,Zorgo,,,,,,
Liberia,Zwedru,,,,,,
Yemen,Yarim,,,,,,
Brazil,Altinopolis,,,,,,
France,Amilly,,,,,,
India,Amravati,,,,,,
Turkey,Anamur,,,,,,
China,Anju,,,,,,
Brazil,Apiai,,,,,,
Ukraine,Apostolove,,,,,,
Brazil,Arari,,,,,,
Russian Federation,Ardon,,,,,,
Italy,Ariccia,,,,,,
Ireland,Arklow,,,,,,
France,Arnouville Les Gonesse,,,,,,
India,Asandh,,,,,,
Italy,Ascoli Piceno,,,,,,
Togo,Atakpame,,,,,,
France,Autun,,,,,,
United States of America,Azusa,,,,,,
Germany,Babenhausen,,,,,,
Viet Nam,Bac Can,,,,,,
Germany,Bad Essen,,,,,,
Germany,Bad Hersfeld,,,,,,
India,Bagalkot,,,,,,
Myanmar,Bago,,,,,,
Afghanistan,Bagrami,,,,,,
Argentina,Bahia Blanca,,,,,,
Brazil,Baixo Guandu,,,,,,
India,Bally,,,,,,
India,Bandora,,,,,,
India,Banki,,,,,,
Unknown,Bansud,,,,,,
Malaysia,Banting,,,,,,
Philippines,Barotac Nuevo,,,,,,
Brazil,Barra Do Garcas,,,,,,
India,Basavana Bagevadi,,,,,,
United Kingdom of Great Britain and Northern Ireland,Bathgate,,,,,,
Philippines,Bato,,,,,,
Hungary,Batonyterenye,,,,,,
Philippines,Bay,,,,,,
France,Behren Les Forbach,,,,,,
Hungary,Bekescsaba,,,,,,
United Kingdom of Great Britain and Northern Ireland,Bellshill,,,,,,
South Africa,Bethlehem,,,,,,
India,Bhubaneswar,,,,,,
Democratic Republic of the Congo,Bimbo,,,,,,
Malta,Birkirkara,,,,,,
Chad,Bitkine,,,,,,
United Kingdom of Great Britain and Northern Ireland,Blackburn,,,,,,
Germany,Bohl Iggelheim,,,,,,
France,Bolbec,,,,,,
Italy,Bondeno,,,,,,
Serbia,Borca,,,,,,
South Africa,Botshabelo,,,,,,
Australia,Bowen,,,,,,
South Africa,Brandfort,,,,,,
Brazil,Campos,,,,,,
Brazil,Candelaria,,,,,,
Brazil,Carapicuiba,,,,,,
Philippines,Carranglan,,,,,,
France,Carrieres Sur Seine,,,,,,
United States of America,Carson,,,,,,
Italy,Casalpusterlengo,,,,,,
Italy,Castiglione Del Lago,,,,,,
Italy,Catania,,,,,,
India,Chandrapur,,,,,,
United Kingdom of Great Britain and Northern Ireland,Brynmawr,,,,,,
Liberia,Buchanan,,,,,,
Romania,Buhusi,,,,,,
Rwanda,Bukavu,,,,,,
Spain,Bullas,,,,,,
France,Bully Les Mines,,,,,,
Brazil,Cajazeiras,,,,,,
Italy,Campagna,,,,,,
Spain,Arona,,,,,,
Côte d'Ivoire,Arrah,,,,,,
Italy,Arzignano,,,,,,
United Kingdom of Great Britain and Northern Ireland,Ashton Under Lyne,,,,,,
Spain,Atarfe,,,,,,
Afghanistan,Azrow,,,,,,
India,Babai,,,,,,
Austria,Bad Voslau,,,,,,
Spain,Badalona,,,,,,
Sri Lanka,Badulla,,,,,,
Spain,Baeza,,,,,,
Iraq,Baghdad,,,,,,
Italy,Bagnacavallo,,,,,,
Philippines,Bagting,,,,,,
India,Charthawal,,,,,,
Russian Federation,Chekhov,,,,,,
Russian Federation,Cherlak,,,,,,
India,Cheyur,,,,,,
United Republic of Tanzania,Chimala,,,,,,
India,Chiplun,,,,,,
United States of America,Chippewa Falls,,,,,,
Pakistan,Chuhar Kana,,,,,,
Russian Federation,Chunskiy,,,,,,
Indonesia,Ciamis,,,,,,
Indonesia,Ciawi,,,,,,
Indonesia,Cilegon,,,,,,
Italy,Civitanova Marche,,,,,,
France,Sollies Pont,,,,,,
United Republic of Tanzania,Somanda,,,,,,
Nicaragua,Somoto,,,,,,
United Republic of Tanzania,Soni,,,,,,
United States of America,South Miami Heights,,,,,,
United States of America,South Plainfield,,,,,,
Italy,Spoltore,,,,,,
Russian Federation,Starokamyshinsk,,,,,,
United Kingdom of Great Britain and Northern Ireland,Staveley,,,,,,
India,Sualkuchi,,,,,,
Russian Federation,Sukhinichi,,,,,,
Gambia,Sukuta,,,,,,
Tunisia,Sulayman,,,,,,
Bulgaria,Sumen,,,,,,
United States of America,Summit,,,,,,
Guatemala,Sumpango,,,,,,
Nigeria,Abonnema,,,,,,
Philippines,Abuyog,,,,,,
Brazil,Acara,,,,,,
Mexico,Acatic,,,,,,
Germany,Achern,,,,,,
India,Achhnera,,,,,,
Russian Federation,Akhty,,,,,,
India,Akola,,,,,,
India,Akot,,,,,,
Kazakhstan,Aktau,,,,,,
India,Alampur,,,,,,
Canada,Aldergrove,,,,,,
United Kingdom of Great Britain and Northern Ireland,Alloa,,,,,,
Brazil,Alpinopolis,,,,,,
Germany,Altenburg,,,,,,
Chad,Am Timan,,,,,,
Japan,Amagasaki,,,,,,
Brazil,Amargosa,,,,,,
India,Anakapalle,,,,,,
Chile,Ancud,,,,,,
Brazil,Andrelandia,,,,,,
Madagascar,Antsohihy,,,,,,
Brazil,Araci,,,,,,
Unknown,Arenzano,,,,,,
Russian Federation,Argayash,,,,,,
Colombia,Ariguani,,,,,,
Colombia,Armenia,,,,,,
India,Arsikere,,,,,,
United States of America,Arvada,,,,,,
Mauritania,Atar,,,,,,
France,Avion,,,,,,
Brazil,Bady Bassitt,,,,,,
Brazil,Maribondo,,,,,,
Brazil,Marica,,,,,,
Germany,Marienheide,,,,,,
Poland,Marki,,,,,,
United States of America,Marlborough,,,,,,
Tunisia,Masakin,,,,,,
Italy,Massarosa,,,,,,
United Republic of Tanzania,Maswa,,,,,,
Brazil,Matriz De Camaragibe,,,,,,
India,Mau Aima,,,,,,
United States of America,Mayfield,,,,,,
Democratic Republic of the Congo,Mbanza Ngungu,,,,,,
United Republic of Tanzania,Mbulu,,,,,,
Saudi Arabia,Mecca,,,,,,
United States of America,Mentor,,,,,,
Belgium,Merelbeke,,,,,,
Russian Federation,Metallostroy,,,,,,
France,Metz,,,,,,
Brazil,Miguel Calmon,,,,,,
Russian Federation,Minusinsk,,,,,,
Italy,Modena,,,,,,
Germany,Moers,,,,,,
Hungary,Mohacs,,,,,,
Italy,Montebelluna,,,,,,
Colombia,Monteria,,,,,,
Mexico,Monterrey,,,,,,
Uruguay,Montevideo,,,,,,
Canada,Moose Jaw,,,,,,
Brazil,Morada Nova,,,,,,
Romania,Moreni,,,,,,
United States of America,Morgan Hill,,,,,,
Belgium,Morlanwelz,,,,,,
Venezuela (Bolivarian Republic of),Moron,,,,,,
Brazil,Mossoro,,,,,,
Brazil,Mucuri,,,,,,
Germany,Muhldorf,,,,,,
Malawi,Mulanje,,,,,,
India,Mundwa,,,,,,
Italy,Mussomeli,,,,,,
Japan,Mutsu,,,,,,
Poland,Myszkow,,,,,,
Thailand,Na Klang,,,,,,
United Republic of Tanzania,Naberera,,,,,,
Honduras,Nacaome,,,,,,
Philippines,Naga,,,,,,
India,Nagari,,,,,,
Japan,Nago,,,,,,
Unknown,Nagua,,,,,,
Germany,Taunusstein,,,,,,
Lithuania,Taurage,,,,,,
Poland,Tczew,,,,,,
Honduras,Tela,,,,,,
United States of America,Temecula,,,,,,
Mexico,Tepalcatepec,,,,,,
Mexico,Tepalcingo,,,,,,
Mexico,Tepeapulco,,,,,,
Brazil,Teresopolis,,,,,,
United States of America,The Hammocks,,,,,,
Japan,Toki,,,,,,
United States of America,Tomball,,,,,,
Japan,Tomobe,,,,,,
United States of America,Toms River,,,,,,
Romania,Topoloveni,,,,,,
United States of America,Totowa,,,,,,
United States of America,Townsend,,,,,,
Russian Federation,Troitskoye,,,,,,
Netherlands,Tubbergen,,,,,,
United States of America,Tucson,,,,,,
Venezuela (Bolivarian Republic of),Tucupita,,,,,,
Mexico,Tula De Allende,,,,,,
India,Tumsar,,,,,,
Pakistan,Ubauro,,,,,,
Russian Federation,Uchkeken,,,,,,
India,Udhampur,,,,,,
Russian Federation,Udomlya,,,,,,
Netherlands,Uithoorn,,,,,,
Mexico,Uruapan,,,,,,
Russian Federation,Ust Donetskiy,,,,,,
Democratic Republic of the Congo,Uvira,,,,,,
Russian Federation,Uzhur 4,,,,,,
Brazil,Vacaria,,,,,,
Russian Federation,Vakhrushi,,,,,,
Chile,Valdivia,,,,,,
United States of America,Valdosta,,,,,,
Brazil,Valinhos,,,,,,
Mexico,Valparaiso,,,,,,
Cuba,Varadero,,,,,,
France,Vaulx En Velin,,,,,,
Italy,Veglie,,,,,,
Croatia,Velika Gorica,,,,,,
Bosnia and Herzegovina,Velika Kladusa,,,,,,
Senegal,Velingara,,,,,,
Hungary,Veresegyhaz,,,,,,
Spain,Verin,,,,,,
Brazil,Vespasiano,,,,,,
Brazil,Vicencia,,,,,,
Unknown,Vico Equense,,,,,,
Chile,Vicuna,,,,,,
Georgia,Surami,,,,,,
Japan,Susono,,,,,,
Russian Federation,Svetlograd,,,,,,
Czechia,Svitavy,,,,,,
Poland,Sycow,,,,,,
Russian Federation,Syzran,,,,,,
Tunisia,Tabarqah,,,,,,
Tunisia,Tabursuq,,,,,,
Ghana,Tafo,,,,,,
Russian Federation,Talmenka,,,,,,
Pakistan,Tando Jam,,,,,,
China,Tangzhai,,,,,,
Unknown,Tanjong Tokong,,,,,,
Mexico,Tantoyuca,,,,,,
United States of America,Tarpon Springs,,,,,,
Myanmar,Taunggyi,,,,,,
Pakistan,Vihari,,,,,,
United Republic of Tanzania,Vikindu,,,,,,
France,Villeneuve Le Roi,,,,,,
France,Villers Les Nancy,,,,,,
India,Vinukonda,,,,,,
United States of America,Vista,,,,,,
South Africa,Vredendal,,,,,,
Russian Federation,Vyazniki,,,,,,
Belgium,Waasmunster,,,,,,
Algeria,Wahran,,,,,,
India,Walajabad,,,,,,
Belgium,Walcourt,,,,,,
Germany,Waldkirchen,,,,,,
Netherlands,Weesp,,,,,,
Argentina,Villa Constitucion,,,,,,
France,Villejuif,,,,,,
United Republic of Tanzania,Wete,,,,,,
United States of America,Glendora,,,,,,
Indonesia,Godean,,,,,,
Italy,Goito,,,,,,
Japan,Gojo,,,,,,
Germany,Goldbach,,,,,,
Ethiopia,Gondar,,,,,,
Poland,Gorzow Wielkopolski,,,,,,
United Kingdom of Great Britain and Northern Ireland,Gravesend,,,,,,
Germany,Grefrath,,,,,,
Greece,Grevena,,,,,,
Netherlands,Groningen,,,,,,
Namibia,Grootfontein,,,,,,
Italy,Grugliasco,,,,,,
Poland,Gryfino,,,,,,
Spain,Guadix,,,,,,
China,Guangshui,,,,,,
Guatemala,Guastatoya,,,,,,
Guatemala,Guatemala,,,,,,
China,Gucheng,,,,,,
China,Guiren,,,,,,
Pakistan,Gujranwala,,,,,,
Turkey,Gurgentepe,,,,,,
India,Gursarai,,,,,,
Russian Federation,Gusev,,,,,,
Germany,Haan,,,,,,
Viet Nam,Hai Phong,,,,,,
Philippines,Halayhay,,,,,,
India,Handwara,,,,,,
India,Hapur,,,,,,
United States of America,Hazel Crest,,,,,,
Netherlands,Heerhugowaard,,,,,,
Belgium,Herent,,,,,,
Japan,Higashiyamato,,,,,,
United States of America,Hilo,,,,,,
Japan,Himeji,,,,,,
France,Hirson,,,,,,
Viet Nam,Hoa Binh,,,,,,
Germany,Hochstadt,,,,,,
Denmark,Holbaek,,,,,,
India,Hosakote,,,,,,
Burkina Faso,Hounde,,,,,,
China,Huangzhai,,,,,,
Netherlands,Hulst,,,,,,
Brazil,Ibate,,,,,,
Brazil,Ibicui,,,,,,
Madagascar,Ifanadiana,,,,,,
Unknown,Ilfracombe,,,,,,
France,Illzach,,,,,,
Romania,Ineu,,,,,,
Belgium,Ingelmunster,,,,,,
Greece,Iraklion,,,,,,
Iran (Islamic Republic of),Iranshahr,,,,,,
Brazil,Itanhem,,,,,,
Japan,Itoman,,,,,,
Brazil,Jacupiranga,,,,,,
India,Jahazpur,,,,,,
Iran (Islamic Republic of),Jahrom,,,,,,
Mexico,Jalacingo,,,,,,
Mexico,Jaltipan,,,,,,
Finland,Jarvenpaa,,,,,,
Germany,Jena,,,,,,
Indonesia,Jepara,,,,,,
Haiti,Jeremie,,,,,,
India,Jind,,,,,,
Czechia,Jindrichuv Hradec,,,,,,
Lithuania,Jonava,,,,,,
Brazil,Juazeiro,,,,,,
Democratic Republic of the Congo,Kabalo,,,,,,
Zimbabwe,Kadoma,,,,,,
Indonesia,Kadungora,,,,,,
Mexico,Kanasin,,,,,,
Kenya,Kapsabet,,,,,,
India,Karaikkudi,,,,,,
Kazakhstan,Karatau,,,,,,
India,Kariapatti,,,,,,
India,Karkal,,,,,,
China,Kashi,,,,,,
Japan,Kashiwa,,,,,,
Russian Federation,Kasli,,,,,,
Greece,Kastoria,,,,,,
Côte d'Ivoire,Katiola,,,,,,
India,Kattivakkam,,,,,,
India,Kaveripattinam,,,,,,
India,Kawardha,,,,,,
Russian Federation,Kem,,,,,,
United States of America,Kerman,,,,,,
Japan,Kesennuma,,,,,,
Indonesia,Ketanggungan,,,,,,
Finland,Keuruu,,,,,,
United States of America,Beech Grove,,,,,,
China,Beidao,,,,,,
Brazil,Bela Vista,,,,,,
Argentina,Bell Ville,,,,,,
Egypt,Benha,,,,,,
France,Berck,,,,,,
Hungary,Berettyoujfalu,,,,,,
India,Beypur,,,,,,
India,Bhatpara,,,,,,
India,Bhindar,,,,,,
Ukraine,Bila Tserkva,,,,,,
Tunisia,Bin Qirdan,,,,,,
Nigeria,Biu,,,,,,
Germany,Blaubeuren,,,,,,
United States of America,Blue Springs,,,,,,
Brazil,Boa Vista,,,,,,
United Kingdom of Great Britain and Northern Ireland,Bodmin,,,,,,
Guinea,Boke,,,,,,
Brazil,Bom Jesus Da Lapa,,,,,,
United States of America,Boulder City,,,,,,
United States of America,Bowie,,,,,,
Brazil,Braco Do Norte,,,,,,
Brazil,Brejo,,,,,,
India,Chirala,,,,,,
Tajikistan,Chkalovsk,,,,,,
Honduras,Choloma,,,,,,
Czechia,Chrudim,,,,,,
Ukraine,Chyhyryn,,,,,,
Brazil,Cobija,,,,,,
United States of America,Colleyville,,,,,,
Belgium,Courcelles,,,,,,
Italy,Cremona,,,,,,
Mexico,Cuautlancingo,,,,,,
Germany,Dachau,,,,,,
Philippines,Daet,,,,,,
Philippines,Dagupan,,,,,,
Niger,Dakoro,,,,,,
Brazil,Canto Do Buriti,,,,,,
Brazil,Caravelas,,,,,,
Central African Republic,Carnot,,,,,,
France,Carros,,,,,,
Brazil,Catanduva,,,,,,
Italy,Ceccano,,,,,,
Brazil,Cedro,,,,,,
Romania,Cernavoda,,,,,,
United States of America,Chalmette,,,,,,
Pakistan,Chaman,,,,,,
Mexico,Champoton,,,,,,
China,Changtu,,,,,,
China,Chaochou,,,,,,
United States of America,Charlotte,,,,,,
France,Chatenay Malabry,,,,,,
Mauritius,Chemin Grenier,,,,,,
Russian Federation,Cherdakly,,,,,,
Mexico,Chignahuapan,,,,,,
Nicaragua,Chinandega,,,,,,
India,Chintamani,,,,,,
Romania,Cisnadie,,,,,,
Guatemala,Ciudad Vieja,,,,,,
Philippines,Buanoy,,,,,,
Russian Federation,Bugulma,,,,,,
Unknown,Bunbury,,,,,,
United States of America,Burke,,,,,,
Venezuela (Bolivarian Republic of),Cabudare,,,,,,
Slovakia,Cadca,,,,,,
Mexico,Calkini,,,,,,
Brazil,Campo Largo,,,,,,
Cuba,Bahia Honda,,,,,,
Germany,Baiersbronn,,,,,,
China,Baiquan,,,,,,
India,Bakewar,,,,,,
Côte d'Ivoire,Bangolo,,,,,,
Bosnia and Herzegovina,Banja Luka,,,,,,
Myanmar,Banmo,,,,,,
India,Bannur,,,,,,
Poland,Barlinek,,,,,,
Israel,Beit Jann,,,,,,
United States of America,Bethesda,,,,,,
Germany,Beverungen,,,,,,
India,Bhanpura,,,,,,
China,Bianzhuang,,,,,,
Peru,Picsi,,,,,,
Brazil,Pindamonhangaba,,,,,,
India,Pipraich,,,,,,
Mexico,Platon Sanchez,,,,,,
Russian Federation,Plesetsk,,,,,,
Portugal,Pombal,,,,,,
United States of America,Port Angeles,,,,,,
United Kingdom of Great Britain and Northern Ireland,Potters Bar,,,,,,
Belgium,Wervik,,,,,,
Germany,Wesel,,,,,,
United States of America,West Little River,,,,,,
United States of America,West Melbourne,,,,,,
Unknown,Wexford,,,,,,
United States of America,Wheeling,,,,,,
Thailand,Wichian Buri,,,,,,
Germany,Willich,,,,,,
United States of America,Wilson,,,,,,
United Kingdom of Great Britain and Northern Ireland,Wishaw,,,,,,
United States of America,Woburn,,,,,,
United States of America,Worcester,,,,,,
China,Xinglongshan,,,,,,
South Sudan,Yambio,,,,,,
Myanmar,Yamethin,,,,,,
Japan,Yatsushiro,,,,,,
Mexico,Yecapixtla,,,,,,
France,Yerres,,,,,,
Indonesia,Yogyakarta,,,,,,
Honduras,Yoro,,,,,,
Turkey,Yuksekova,,,,,,
Russian Federation,Yuryev Polskiy,,,,,,
Spain,Zafra,,,,,,
Argentina,Zarate,,,,,,
Netherlands,Zijpe,,,,,,
India,Ziro,,,,,,
Azerbaijan,Neftcala,,,,,,
Sri Lanka,Negombo,,,,,,
Republic of North Macedonia,Negotino,,,,,,
Germany,Niederzier,,,,,,
Russian Federation,Nikolayevka,,,,,,
India,Niwari,,,,,,
Russian Federation,Nizhnyaya Salda,,,,,,
United States of America,Lamont,,,,,,
Chile,Lampa,,,,,,
Italy,Lana,,,,,,
Unknown,Lapu Lapu,,,,,,
Spain,Las Torres De Cotillas,,,,,,
Poland,Lask,,,,,,
Finland,Laukaa,,,,,,
France,Le Pontet,,,,,,
Netherlands,Leiderdorp,,,,,,
United States of America,Lemoore,,,,,,
Germany,Leopoldshohe,,,,,,
France,Les Ponts De Ce,,,,,,
Sweden,Lidkoping,,,,,,
Peru,Lima,,,,,,
Germany,Lindau,,,,,,
Spain,Llanes,,,,,,
Democratic Republic of the Congo,Lodja,,,,,,
Philippines,Loma De Gato,,,,,,
United States of America,Lomita,,,,,,
Colombia,Lorica,,,,,,
Spain,Los Llanos De Aridane,,,,,,
China,Luocheng,,,,,,
United States of America,Lynchburg,,,,,,
India,Jaypur,,,,,,
Latvia,Jelgava,,,,,,
India,Jhalida,,,,,,
China,Jiaonan,,,,,,
China,Jiaozhou,,,,,,
Czechia,Jihlava,,,,,,
France,Joue Les Tours,,,,,,
China,Juifang,,,,,,
Peru,Juliaca,,,,,,
Japan,Kaga,,,,,,
Germany,Kaiserslautern,,,,,,
China,Kaiyuan,,,,,,
Ukraine,Kakhovka,,,,,,
India,Kakori,,,,,,
Pakistan,Kalaswala,,,,,,
Denmark,Kalundborg,,,,,,
Poland,Kamienna Gora,,,,,,
United States of America,Mokena,,,,,,
Italy,Monserrato,,,,,,
Portugal,Montemor O Novo,,,,,,
Bolivia (Plurinational State of),Montero,,,,,,
Italy,Montevarchi,,,,,,
Italy,Montichiari,,,,,,
France,Montivilliers,,,,,,
Cameroon,Mora,,,,,,
Chile,San Felipe,,,,,,
Bolivia (Plurinational State of),San Ignacio,,,,,,
Paraguay,San Lorenzo,,,,,,
India,Sankheda,,,,,,
Spain,Santa Lucia,,,,,,
United States of America,Santee,,,,,,
Brazil,Santo Antonio De Posse,,,,,,
Brazil,Sao Joao Dos Patos,,,,,,
India,Sarkhej,,,,,,
Philippines,Sasmuan,,,,,,
United States of America,Sayreville,,,,,,
United Kingdom of Great Britain and Northern Ireland,Scarborough,,,,,,
Germany,Schongau,,,,,,
Germany,Schwabisch Hall,,,,,,
Germany,Seevetal,,,,,,
Brazil,Senador Guiomard,,,,,,
Italy,Seregno,,,,,,
Spain,Sestao,,,,,,
Russian Federation,Severnyy,,,,,,
Turkmenistan,Seydi,,,,,,
Iran (Islamic Republic of),Shahrud,,,,,,
Ethiopia,Shambu,,,,,,
United States of America,Roselle Park,,,,,,
United States of America,Round Lake Beach,,,,,,
Bolivia (Plurinational State of),Rurrenabaque,,,,,,
Colombia,Sabana De Torres,,,,,,
Dominican Republic,Sabana Grande De Boya,,,,,,
India,Sailana,,,,,,
Canada,Saint John,,,,,,
India,Salimpur,,,,,,
United States of America,Salt Lake City,,,,,,
Indonesia,Sampit,,,,,,
United States of America,Shelton,,,,,,
China,Shuangcheng,,,,,,
Hungary,Siklos,,,,,,
India,Sillod,,,,,,
India,Sinor,,,,,,
Netherlands,Sint Oedenrode,,,,,,
Poland,Solec Kujawski,,,,,,
Burkina Faso,Solenzo,,,,,,
Thailand,Songkhla,,,,,,
El Salvador,Sonzacate,,,,,,
India,Sorada,,,,,,
United States of America,South Charleston,,,,,,
Indonesia,Sragen,,,,,,
Russian Federation,Staraya Kupavna,,,,,,
United States of America,Streetsboro,,,,,,
United Kingdom of Great Britain and Northern Ireland,Strood,,,,,,
Japan,Sukagawa,,,,,,
Russian Federation,Sukhodol,,,,,,
United States of America,Sulphur,,,,,,
United States of America,Kiryas Joel,,,,,,
United Republic of Tanzania,Kishapu,,,,,,
Japan,Kitakata,,,,,,
Poland,Knurow,,,,,,
India,Koath,,,,,,
Ukraine,Kobelyaky,,,,,,
Republic of North Macedonia,Kocani,,,,,,
Ukraine,Kolomyya,,,,,,
Democratic Republic of the Congo,Kongolo,,,,,,
Poland,Konin,,,,,,
Albania,Korce,,,,,,
Poland,Kostrzyn,,,,,,
Brazil,Marialva,,,,,,
United States of America,Marshall,,,,,,
Japan,Marumori,,,,,,
United States of America,Maryville,,,,,,
Brazil,Matias Barbosa,,,,,,
India,Mau,,,,,,
Malawi,Mchinji,,,,,,
El Salvador,Mejicanos,,,,,,
Chile,Melipilla,,,,,,
China,Mengcheng,,,,,,
India,Kunnamkulam,,,,,,
Russian Federation,Kursavka,,,,,,
Colombia,La Estrella,,,,,,
Venezuela (Bolivarian Republic of),La Guaira,,,,,,
Hungary,Gyomro,,,,,,
Viet Nam,Hai Duong,,,,,,
Pakistan,Haripur,,,,,,
United States of America,Hartford,,,,,,
Japan,Hasama,,,,,,
India,Hastinapur,,,,,,
Czechia,Havlickuv Brod,,,,,,
Germany,Heilbronn,,,,,,
Germany,Herten,,,,,,
Germany,Herzogenrath,,,,,,
Nepal,Hetauda,,,,,,
Germany,Hiddenhausen,,,,,,
Philippines,Pandacaqui,,,,,,
India,Panvel,,,,,,
Brazil,Pao De Acucar,,,,,,
Brazil,Paracuru,,,,,,
India,Parasia,,,,,,
Indonesia,Pare,,,,,,
India,Parnera,,,,,,
Mexico,Paso Del Macho,,,,,,
Germany,Pattensen,,,,,,
United States of America,Patterson,,,,,,
Brazil,Pedro Ii,,,,,,
Indonesia,Pemalang,,,,,,
Germany,Petersberg,,,,,,
Russian Federation,Kharovsk,,,,,,
Senegal,Khombole,,,,,,
Afghanistan,Khowst,,,,,,
Rwanda,Kibungo,,,,,,
United States of America,Kinston,,,,,,
Portugal,Machico,,,,,,
Congo,Madingou,,,,,,
India,Mahuva,,,,,,
Colombia,Majagual,,,,,,
United States of America,Malden,,,,,,
India,Malwan,,,,,,
Nicaragua,Managua,,,,,,
Unknown,Mangaratiba,,,,,,
United States of America,Manhattan,,,,,,
Brazil,Maragogipe,,,,,,
United Republic of Tanzania,Maramba,,,,,,
Mexico,Maravatio,,,,,,
Unknown,Marblehead,,,,,,
Honduras,Marcala,,,,,,
Italy,Margherita Di Savoia,,,,,,
Uzbekistan,Urgut,,,,,,
Brazil,Urucurituba,,,,,,
Russian Federation,Ust Abakan,,,,,,
Russian Federation,Uvelskiy,,,,,,
France,Vaires Sur Marne,,,,,,
Italy,Valdagno,,,,,,
Italy,Valdobbiadene,,,,,,
Spain,Valls,,,,,,
Italy,Valmontone,,,,,,
Italy,Varese,,,,,,
Netherlands,Veenendaal,,,,,,
Unknown,Ventimiglia,,,,,,
Portugal,Viana Do Castelo,,,,,,
Spain,Mostoles,,,,,,
Japan,Motegi,,,,,,
United Republic of Tanzania,Mpanda,,,,,,
Italy,Musile Di Piave,,,,,,
Finland,Mustasaari,,,,,,
India,Nagar Karnul,,,,,,
Japan,Nakano,,,,,,
United Republic of Tanzania,Namanyere,,,,,,
India,Nambiyur,,,,,,
China,Nantai,,,,,,
France,Nanterre,,,,,,
Spain,Torrelavega,,,,,,
Unknown,Torrevieja,,,,,,
Italy,Torri Di Quartesolo,,,,,,
Guinea,Tougue,,,,,,
Unknown,Trogir,,,,,,
Bulgaria,Trojan,,,,,,
Japan,Tsubata,,,,,,
Tunisia,Tunis,,,,,,
United States of America,Tustin,,,,,,
Russian Federation,Tyulgan,,,,,,
Brazil,Ubaitaba,,,,,,
Brazil,Ubajara,,,,,,
Brazil,Ubata,,,,,,
Spain,Ubrique,,,,,,
Czechia,Uherske Hradiste,,,,,,
India,Thiruvarur,,,,,,
Switzerland,Thonex,,,,,,
China,Tienchung,,,,,,
Georgia,Tkibuli,,,,,,
Poland,Tomaszow Lubelski,,,,,,
Romania,Tomesti,,,,,,
Japan,Tomisato,,,,,,
South Africa,Temba,,,,,,
Czechia,Teplice,,,,,,
Brazil,Teresina,,,,,,
United States of America,Terryville,,,,,,
Brazil,Teutonia,,,,,,
Kenya,Thika,,,,,,
Portugal,Vila Real,,,,,,
Estonia,Viljandi,,,,,,
Ukraine,Vinnytsya,,,,,,
India,Virapandi,,,,,,
France,Vitry Sur Seine,,,,,,
Albania,Vlore,,,,,,
Czechia,Vrchlabi,,,,,,
India,Vuyyuru,,,,,,
Czechia,Vysoke Myto,,,,,,
United States of America,Waukesha,,,,,,
United States of America,Waxahachie,,,,,,
Thailand,Suphan Buri,,,,,,
Slovakia,Surany,,,,,,
Iran (Islamic Republic of),Susangerd,,,,,,
Pakistan,Swabi,,,,,,
Poland,Swidnica,,,,,,
Canada,Sydney Mines,,,,,,
Japan,Tagajo,,,,,,
Brazil,Taiobeiras,,,,,,
Unknown,Taltal,,,,,,
Indonesia,Taman,,,,,,
Japan,Tarui,,,,,,
Kazakhstan,Tasbuget,,,,,,
Viet Nam,Hoi An,,,,,,
Romania,Holboca,,,,,,
United States of America,Hooksett,,,,,,
France,Houilles,,,,,,
China,Huaihua,,,,,,
China,Huaiyuan,,,,,,
Mexico,Huajuapan,,,,,,
Mexico,Huejotzingo,,,,,,
India,Ichchapuram,,,,,,
Japan,Ichinohe,,,,,,
Bulgaria,Ihtiman,,,,,,
Switzerland,Fribourg,,,,,,
Mexico,Frontera Comalapa,,,,,,
Brazil,Frutal,,,,,,
Germany,Furstenwalde,,,,,,
France,Gaillac,,,,,,
United States of America,Gallup,,,,,,
Israel,Ganne Tiqwa,,,,,,
China,Gaogou,,,,,,
Kenya,Garissa,,,,,,
Russian Federation,Giaginskaya,,,,,,
India,Giddarbaha,,,,,,
Indonesia,Ende,,,,,,
United States of America,Endwell,,,,,,
France,Enghien Les Bains,,,,,,
Turkey,Eregli,,,,,,
Romania,Fagaras,,,,,,
Brazil,Farias Brito,,,,,,
India,Faridnagar,,,,,,
United States of America,Federal Heights,,,,,,
Austria,Feldkirchen,,,,,,
Germany,Finnentrop,,,,,,
Germany,Finsterwalde,,,,,,
France,Fleury Les Aubrais,,,,,,
Germany,Floha,,,,,,
Brazil,Floresta,,,,,,
Italy,Foligno,,,,,,
United States of America,Fort Dodge,,,,,,
Russian Federation,Glazov,,,,,,
United States of America,Glendale Heights,,,,,,
United States of America,Glenvar Heights,,,,,,
Germany,Gluckstadt,,,,,,
Austria,Gotzis,,,,,,
Niger,Goure,,,,,,
Germany,Grenzach Wyhlen,,,,,,
Italy,Grosseto,,,,,,
Poland,Gryfice,,,,,,
Argentina,Gualeguay,,,,,,
France,Guerande,,,,,,
United States of America,Indianola,,,,,,
India,Irugur,,,,,,
United Republic of Tanzania,Isaka,,,,,,
Japan,Ishinomaki,,,,,,
Brazil,Itajobi,,,,,,
India,Itarsi,,,,,,
Brazil,Itau De Minas,,,,,,
Brazil,Iuna,,,,,,
Japan,Iwamizawa,,,,,,
Mexico,Izamal,,,,,,
Guatemala,Jacaltenango,,,,,,
Brazil,Jaciara,,,,,,
India,Jais,,,,,,
India,Jalna,,,,,,
Uzbekistan,Kibray,,,,,,
Papua New Guinea,Kimbe,,,,,,
United Kingdom of Great Britain and Northern Ireland,Kirkby In Ashfield,,,,,,
Russian Federation,Kodinsk,,,,,,
India,Kohima,,,,,,
India,Kollegal,,,,,,
India,Koppal,,,,,,
Russian Federation,Kotovo,,,,,,
Turkey,Kozluk,,,,,,
Poland,Krasnik,,,,,,
Russian Federation,Krasnoyarsk,,,,,,
Serbia,Krusevac,,,,,,
Russian Federation,Krylovskaya,,,,,,
Russian Federation,Kstovo,,,,,,
Sweden,Kumla,,,,,,
Russian Federation,Kupino,,,,,,
Czechia,Kutna Hora,,,,,,
United States of America,La Mirada,,,,,,
Peru,La Peca,,,,,,
United States of America,Lake Oswego,,,,,,
Pakistan,Lakki Marwat,,,,,,
Philippines,Lalig,,,,,,
Poland,Lapy,,,,,,
United Kingdom of Great Britain and Northern Ireland,Largs,,,,,,
Norway,Larvik,,,,,,
Spain,Las Rozas De Madrid,,,,,,
United States of America,Lawrenceville,,,,,,
France,Le Chesnay,,,,,,
France,Le Plessis Trevise,,,,,,
Italy,Lecco,,,,,,
Germany,Lengede,,,,,,
Russian Federation,Lesnoy,,,,,,
Unknown,Lidingo,,,,,,
Finland,Lieto,,,,,,
France,Lillebonne,,,,,,
China,Linchuan,,,,,,
Philippines,Lipa,,,,,,
United Kingdom of Great Britain and Northern Ireland,Littlehampton,,,,,,
Russian Federation,Livadiya,,,,,,
Brazil,Livramento,,,,,,
Chile,Llaillay,,,,,,
Israel,Lod,,,,,,
Nigeria,Lokoja,,,,,,
Benin,Lokossa,,,,,,
India,Lonar,,,,,,
Chile,Los Andes,,,,,,
United States of America,Loves Park,,,,,,
United States of America,Lower Burrell,,,,,,
Uganda,Lugazi,,,,,,
Poland,Lukow,,,,,,
India,Lunglei,,,,,,
United States of America,Lynn,,,,,,
Ecuador,Macas,,,,,,
Kenya,Machakos,,,,,,
India,Baheri,,,,,,
India,Bahua,,,,,,
Romania,Bailesti,,,,,,
Indonesia,Banda Aceh,,,,,,
Somalia,Bandarbeyla,,,,,,
United Kingdom of Great Britain and Northern Ireland,Bangor,,,,,,
India,Baranagar,,,,,,
Brazil,Barauna,,,,,,
Portugal,Barcelos,,,,,,
India,Baruni,,,,,,
India,Basi,,,,,,
United States of America,Bastrop,,,,,,
United States of America,Bay Point,,,,,,
France,Bayeux,,,,,,
Unknown,Arukutti,,,,,,
United States of America,Arvin,,,,,,
United States of America,Athol,,,,,,
Mexico,Atlazalpan,,,,,,
Ecuador,Atuntaqui,,,,,,
India,Avanashi,,,,,,
Kazakhstan,Ayagoz,,,,,,
Dominican Republic,Azua,,,,,,
Germany,Bad Bentheim,,,,,,
Germany,Bad Laasphe,,,,,,
Germany,Bad Wildbad,,,,,,
India,Bahadurganj,,,,,,
Brazil,Amaraji,,,,,,
Madagascar,Ambalavao,,,,,,
Madagascar,Ambilobe,,,,,,
United States of America,American Canyon,,,,,,
Netherlands,Amersfoort,,,,,,
India,Amet,,,,,,
India,Amroli,,,,,,
India,Andippatti,,,,,,
India,Anjad,,,,,,
Philippines,Antipolo,,,,,,
India,Anupshahr,,,,,,
Brazil,Apodi,,,,,,
Brazil,Araguaina,,,,,,
Brazil,Arapiraca,,,,,,
Belgium,Arendonk,,,,,,
Ecuador,Arenillas,,,,,,
Italy,Arezzo,,,,,,
Greece,Ayia Varvara,,,,,,
India,Iluppur,,,,,,
Italy,Isernia,,,,,,
Russian Federation,Isilkul,,,,,,
Unknown,Itamaraca,,,,,,
Brazil,Itapora,,,,,,
Brazil,Itubera,,,,,,
Brazil,Ituporanga,,,,,,
Brazil,Ivaipora,,,,,,
Russian Federation,Ivanovo,,,,,,
Unknown,Jablah,,,,,,
India,Jagdalpur,,,,,,
India,Jaisalmer,,,,,,
Brazil,Jardinopolis,,,,,,
India,Jaynagar,,,,,,
Brazil,Jeremoabo,,,,,,
China,Jiangyou,,,,,,
China,Jiazi,,,,,,
China,Jieshou,,,,,,
India,Kakinada,,,,,,
Russian Federation,Kalach Na Donu,,,,,,
India,Kalka,,,,,,
United States of America,Fort Wayne,,,,,,
France,Fos Sur Mer,,,,,,
Brazil,Francisco Sa,,,,,,
United States of America,Friendswood,,,,,,
Germany,Friesenheim,,,,,,
Germany,Fritzlar,,,,,,
Japan,Fukuchiyama,,,,,,
Democratic Republic of the Congo,Gandajika,,,,,,
India,Gandhinagar,,,,,,
India,Gangawati,,,,,,
India,Gangoh,,,,,,
China,Ganzhou,,,,,,
United States of America,Gardendale,,,,,,
Netherlands,Geldrop,,,,,,
Turkey,Gemlik,,,,,,
Pakistan,Ghotki,,,,,,
India,Ghugus,,,,,,
United States of America,Gillette,,,,,,
Italy,Gioia Tauro,,,,,,
India,Gunupur,,,,,,
Nigeria,Gusau,,,,,,
Mexico,Gutierrez Zamora,,,,,,
China,Guye,,,,,,
Germany,Haar,,,,,,
Denmark,Haderslev,,,,,,
Pakistan,Hangu,,,,,,
Belarus,Haradok,,,,,,
Zimbabwe,Harare,,,,,,
Bulgaria,Haskovo,,,,,,
Netherlands,Heerlen,,,,,,
Denmark,Helsingor,,,,,,
Germany,Hemmingen,,,,,,
Germany,Herne,,,,,,
Poland,Glucholazy,,,,,,
Austria,Gmunden,,,,,,
South Sudan,Gogrial,,,,,,
India,Gopichettipalaiyam,,,,,,
Armenia,Goris,,,,,,
Russian Federation,Gornyak,,,,,,
Spain,Grado,,,,,,
Colombia,Granada,,,,,,
Italy,Gravina In Puglia,,,,,,
United States of America,Greer,,,,,,
Belgium,Grimbergen,,,,,,
Brazil,Guiratinga,,,,,,
United States of America,Gulfport,,,,,,
Dominican Republic,Higuey,,,,,,
United States of America,Hilliard,,,,,,
Ukraine,Hlukhiv,,,,,,
Ghana,Hohoe,,,,,,
India,Holalkere,,,,,,
United States of America,Hopewell,,,,,,
Unknown,Huangpu,,,,,,
United States of America,Huntley,,,,,,
Brazil,Ibipora,,,,,,
Unknown,Ierapetra,,,,,,
Brazil,Igarape Acu,,,,,,
Brazil,Iguai,,,,,,
Brazil,Sarzedo,,,,,,
Côte d'Ivoire,Sassandra,,,,,,
India,Saundatti Yellamma,,,,,,
Mexico,Sayula,,,,,,
Japan,Sekiyado,,,,,,
Georgia,Senaki,,,,,,
Russian Federation,Severomorsk,,,,,,
China,Shache,,,,,,
India,Shahi,,,,,,
India,Sherghati,,,,,,
Cuba,Sibanicu,,,,,,
Poland,Siemiatycze,,,,,,
Finland,Sipoo,,,,,,
India,Sirohi,,,,,,
Republic of North Macedonia,Skopje,,,,,,
Russian Federation,Slavgorod,,,,,,
Russian Federation,Sochi,,,,,,
Bulgaria,Sofia,,,,,,
Spain,San Bartolome De Tirajana,,,,,,
United States of America,San Carlos Park,,,,,,
Italy,San Giovanni Valdarno,,,,,,
Mexico,San Jose Del Castillo,,,,,,
Spain,San Roque,,,,,,
Austria,Sankt Johann Im Pongau,,,,,,
Germany,Sankt Leon Rot,,,,,,
Japan,Sano,,,,,,
Brazil,Santa Cruz Cabralia,,,,,,
Paraguay,Santa Rita,,,,,,
Brazil,Sao Benedito Do Rio Preto,,,,,,
Philippines,Sapang,,,,,,
India,Sarai Mir,,,,,,
Kazakhstan,Sarkand,,,,,,
Kazakhstan,Saryozek,,,,,,
Romania,Sebes,,,,,,
United States of America,Sedro Woolley,,,,,,
Romania,Seini,,,,,,
India,Seondha,,,,,,
Brazil,Sertaozinho,,,,,,
United States of America,Fort Worth,,,,,,
Serbia,Futog,,,,,,
Romania,Gaesti,,,,,,
India,Gangtok,,,,,,
United States of America,Gatesville,,,,,,
Turkey,Gaziantep,,,,,,
India,Ghaziabad,,,,,,
Spain,Gibraleon,,,,,,
China,Guozhen,,,,,,
Brazil,Gurupi,,,,,,
Germany,Halle,,,,,,
Belgium,Hannut,,,,,,
Pakistan,Harnai,,,,,,
Czechia,Havirov,,,,,,
China,Hede,,,,,,
France,Herblay,,,,,,
Germany,Hersbruck,,,,,,
Belgium,Gistel,,,,,,
United States of America,Glen Burnie,,,,,,
United States of America,Godfrey,,,,,,
Belarus,Gomel,,,,,,
Italy,Grammichele,,,,,,
United States of America,Gresham,,,,,,
Germany,Grunwald,,,,,,
Cuba,Guane,,,,,,
Costa Rica,Guapiles,,,,,,
Japan,Omuta,,,,,,
Poland,Opoczno,,,,,,
Mexico,Orizaba,,,,,,
Pakistan,Ormara,,,,,,
