Country,City,Unnamed: 2,Unnamed: 3,Unnamed: 4,Unnamed: 5,Unnamed: 6,Unnamed: 7
France,Orthez,,,,,,
Japan,Osakasayama,,,,,,
Turkey,Osmaniye,,,,,,
Ecuador,Otavalo,,,,,,
Russian Federation,Otradnoye,,,,,,
South Africa,Oudtshoorn,,,,,,
Belgium,Overijse,,,,,,
United States of America,Owosso,,,,,,
New Zealand,Palmerston North,,,,,,
Philippines,Papaya,,,,,,
Brazil,Paraguacu Paulista,,,,,,
India,Partapur,,,,,,
Uruguay,Paso De Los Toros,,,,,,
Belarus,Pastavy,,,,,,
United States of America,Peachtree City,,,,,,
Chile,Penco,,,,,,
United States of America,Pepperell,,,,,,
Mexico,Petatlan,,,,,,
Canada,Petawawa,,,,,,
Brazil,Pianco,,,,,,
Brazil,Pimenta Bueno,,,,,,
Finland,Pirkkala,,,,,,
United States of America,Pittsfield,,,,,,
Indonesia,Plumbon,,,,,,
France,Poissy,,,,,,
Italy,Ponte San Nicolo,,,,,,
Italy,Pontecorvo,,,,,,
United Kingdom of Great Britain and Northern Ireland,Pontypool,,,,,,
Italy,Portici,,,,,,
Nigeria,Potiskum,,,,,,
Bolivia (Plurinational State of),Potosi,,,,,,
Brazil,Prata,,,,,,
Slovenia,Ptuj,,,,,,
Colombia,Puerto Berrio,,,,,,
India,Pukhrayan,,,,,,
India,Pune,,,,,,
Costa Rica,Purral,,,,,,
Kazakhstan,Qostanay,,,,,,
Germany,Quickborn,,,,,,
Germany,Quierschied,,,,,,
China,Qujing,,,,,,
China,Quzhou,,,,,,
Poland,Radzionkow,,,,,,
India,Raja Sansi,,,,,,
India,Ramanagaram,,,,,,
United States of America,Fort Payne,,,,,,
United States of America,Fostoria,,,,,,
United States of America,Fruitville,,,,,,
Japan,Funabashi,,,,,,
Colombia,Fusagasuga,,,,,,
Bangladesh,Gafargaon,,,,,,
United Republic of Tanzania,Gairo,,,,,,
Greece,Galatsion,,,,,,
Indonesia,Gambiran,,,,,,
Indonesia,Gampengrejo,,,,,,
India,Gandai,,,,,,
United States of America,Gantt,,,,,,
India,Gariadhar,,,,,,
Germany,Gartringen,,,,,,
Indonesia,Gempol,,,,,,
India,Ghiror,,,,,,
Germany,Ginsheim Gustavsburg,,,,,,
Germany,Gladbeck,,,,,,
Iran (Islamic Republic of),Golpayegan,,,,,,
Italy,Gragnano,,,,,,
Unknown,Great Yarmouth,,,,,,
United States of America,Greensboro,,,,,,
Italy,Grumo Appula,,,,,,
Zimbabwe,Gweru,,,,,,
India,Habra,,,,,,
Japan,Hanyu,,,,,,
India,Harrai,,,,,,
Romania,Hateg,,,,,,
Pakistan,Hazro,,,,,,
Netherlands,Heemskerk,,,,,,
Netherlands,Heerenveen,,,,,,
Germany,Hemer,,,,,,
India,Hilsa,,,,,,
India,Hojai,,,,,,
Belgium,Horst,,,,,,
China,Huzhou,,,,,,
Nigeria,Ihiala,,,,,,
Nigeria,Ilesha,,,,,,
Portugal,Ilhavo,,,,,,
Russian Federation,Inta,,,,,,
Russian Federation,Inzhavino,,,,,,
Philippines,Ipil,,,,,,
Jordan,Irbid,,,,,,
Bangladesh,Ishurdi,,,,,,
India,Islampur,,,,,,
Brazil,Itamaraju,,,,,,
Unknown,Itaparica,,,,,,
Brazil,Itapira,,,,,,
Brazil,Itapui,,,,,,
Brazil,Itu,,,,,,
United States of America,Jacksonville,,,,,,
India,Jagraon,,,,,,
Pakistan,Jand,,,,,,
United States of America,Janesville,,,,,,
United States of America,Jenison,,,,,,
Pakistan,Jhang,,,,,,
China,Jiayuguan,,,,,,
Brazil,Juatuba,,,,,,
Brazil,Juiz De Fora,,,,,,
India,Kagaznagar,,,,,,
Japan,Kakegawa,,,,,,
India,Kalamnuri,,,,,,
Bangladesh,Kaliganj,,,,,,
Russian Federation,Kamensk Shakhtinskiy,,,,,,
Brazil,Dourados,,,,,,
Russian Federation,Dubna,,,,,,
India,Dumraon,,,,,,
Germany,Duren,,,,,,
Turkey,Duzici,,,,,,
Russian Federation,Dzerzhinsk,,,,,,
Cameroon,Edea,,,,,,
Germany,Eggenfelden,,,,,,
United States of America,El Sobrante,,,,,,
United States of America,Elmwood Park,,,,,,
India,Eluru,,,,,,
Germany,Engen,,,,,,
Sweden,Enkoping,,,,,,
Germany,Ennepetal,,,,,,
Brazil,Entre Rios,,,,,,
Turkey,Ercis,,,,,,
Germany,Espelkamp,,,,,,
India,Ettaiyapuram,,,,,,
Unknown,Eureka,,,,,,
United States of America,Fairhope,,,,,,
Sweden,Falun,,,,,,
China,Fengcheng,,,,,,
Russian Federation,Mariinskiy Posad,,,,,,
Japan,Maruoka,,,,,,
Philippines,Masalukot,,,,,,
Italy,Melito Di Napoli,,,,,,
Czechia,Melnik,,,,,,
Papua New Guinea,Mendi,,,,,,
Malaysia,Mentakab,,,,,,
Unknown,Mesolongion,,,,,,
El Salvador,Metapan,,,,,,
Germany,Mettmann,,,,,,
Germany,Metzingen,,,,,,
Madagascar,Miandrivazo,,,,,,
Mexico,Miguel Auza,,,,,,
China,Minggang,,,,,,
Portugal,Mirandela,,,,,,
Mexico,Misantla,,,,,,
Austria,Mistelbach,,,,,,
Japan,Mobara,,,,,,
Mozambique,Mocambique,,,,,,
Germany,Molln,,,,,,
Mexico,Monclova,,,,,,
Italy,Monteroni Di Lecce,,,,,,
United States of America,Mooresville,,,,,,
Australia,Morayfield,,,,,,
Spain,Moron De La Frontera,,,,,,
France,Morsang Sur Orge,,,,,,
Sweden,Motala,,,,,,
United States of America,Mount Prospect,,,,,,
Russian Federation,Mtsensk,,,,,,
Myanmar,Mudon,,,,,,
India,Mukerian,,,,,,
Japan,Muroran,,,,,,
India,Naini Tal,,,,,,
Thailand,Nakhon Nayok,,,,,,
India,Nakur,,,,,,
United Republic of Tanzania,Nanganga,,,,,,
Japan,Kimitsu,,,,,,
India,Kishtwar,,,,,,
Guinea,Kissidougou,,,,,,
India,Kodaikanal,,,,,,
Hungary,Komarom,,,,,,
Russian Federation,Konstantinovsk,,,,,,
India,Korba,,,,,,
Unknown,Korsor,,,,,,
Pakistan,Kot Samaba,,,,,,
Thailand,Krabi,,,,,,
Sweden,Kristianstad,,,,,,
China,Kuandian,,,,,,
Cameroon,Kumbo,,,,,,
Japan,Kunitachi,,,,,,
Russian Federation,Kushva,,,,,,
Finland,Kuusankoski,,,,,,
France,La Fleche,,,,,,
India,Lachhmangarh,,,,,,
Unknown,Lagos,,,,,,
United States of America,Lake Forest Park,,,,,,
United States of America,Lake Worth,,,,,,
Peru,Lambayeque,,,,,,
Germany,Lebach,,,,,,
Poland,Ledziny,,,,,,
France,Les Mureaux,,,,,,
United States of America,Lexington Park,,,,,,
Poland,Lezajsk,,,,,,
China,Lianyuan,,,,,,
Switzerland,Liestal,,,,,,
Chile,Limache,,,,,,
Paraguay,Limpio,,,,,,
Germany,Lingen,,,,,,
Russian Federation,Livny,,,,,,
Indonesia,Loa Janan,,,,,,
Italy,Locorotondo,,,,,,
Mexico,Loma Bonita,,,,,,
India,Loni,,,,,,
Philippines,Los Banos,,,,,,
South Africa,Lydenburg,,,,,,
United States of America,Lynn Haven,,,,,,
Italy,Maglie,,,,,,
Dominican Republic,Maimon,,,,,,
Venezuela (Bolivarian Republic of),Maiquetia,,,,,,
Sierra Leone,Makeni,,,,,,
India,Makrana,,,,,,
Japan,Makubetsu,,,,,,
Belgium,Malmedy,,,,,,
India,Malur,,,,,,
India,Manavadar,,,,,,
India,Mandalgarh,,,,,,
Iraq,Mandali,,,,,,
Togo,Mango,,,,,,
India,Manoharpur,,,,,,
Indonesia,Manokwari,,,,,,
Brazil,Maraba,,,,,,
Venezuela (Bolivarian Republic of),Maracay,,,,,,
Spain,Marbella,,,,,,
India,Narasannapeta,,,,,,
India,Narasapur,,,,,,
United Kingdom of Great Britain and Northern Ireland,Neath,,,,,,
Germany,Neuruppin,,,,,,
Belgium,Nevele,,,,,,
France,Nice,,,,,,
Nigeria,Nnewi,,,,,,
Germany,Norderstedt,,,,,,
Sweden,Norrkoping,,,,,,
Bulgaria,Nova Zagora,,,,,,
Brazil,Novo Hamburgo,,,,,,
Poland,Nowa Deba,,,,,,
Guatemala,Nuevo San Carlos,,,,,,
United Republic of Tanzania,Nyalikungu,,,,,,
Switzerland,Nyon,,,,,,
Japan,Obu,,,,,,
Russian Federation,Ocher,,,,,,
Mexico,Ocoyoacac,,,,,,
Germany,Odenthal,,,,,,
Bosnia and Herzegovina,Odzak,,,,,,
Japan,Oi,,,,,,
United States of America,Olean,,,,,,
United States of America,Jeannette,,,,,,
China,Jinan,,,,,,
Nicaragua,Jinotega,,,,,,
Czechia,Jirkov,,,,,,
Brazil,Joao Alfredo,,,,,,
Cuba,Jobabo,,,,,,
India,Jodiya,,,,,,
Nepal,Jogbani,,,,,,
Finland,Joutseno,,,,,,
United States of America,Junction City,,,,,,
Brazil,Juquia,,,,,,
Mexico,Juventino Rosas,,,,,,
India,Kadayanallur,,,,,,
India,Kalanwali,,,,,,
France,Ollioules,,,,,,
Germany,Oranienburg,,,,,,
United States of America,Oroville,,,,,,
France,Orvault,,,,,,
India,Ottappalam,,,,,,
France,Oullins,,,,,,
United States of America,Ozark,,,,,,
India,Padampur,,,,,,
India,Palakkad,,,,,,
United States of America,Palmetto,,,,,,
Colombia,Pradera,,,,,,
Bosnia and Herzegovina,Prijedor,,,,,,
Unknown,Procida,,,,,,
United States of America,Provo,,,,,,
Ukraine,Pryluky,,,,,,
Russian Federation,Pskov,,,,,,
China,Qiqihar,,,,,,
Morocco,Rabat,,,,,,
Republic of Moldova,Rabnita,,,,,,
Italy,Racconigi,,,,,,
India,Rajamahendri,,,,,,
Iran (Islamic Republic of),Ramhormoz,,,,,,
France,Ramonville Saint Agne,,,,,,
India,Raniganj,,,,,,
Sri Lanka,Ratnapura,,,,,,
Bulgaria,Razgrad,,,,,,
Russian Federation,Razumnoye,,,,,,
Brazil,Recife,,,,,,
United Kingdom of Great Britain and Northern Ireland,Redditch,,,,,,
India,Redhakhol,,,,,,
Brazil,Ribeirao Preto,,,,,,
Slovakia,Rimavska Sobota,,,,,,
Italy,Rivoli,,,,,,
France,Rixheim,,,,,,
Italy,Roncade,,,,,,
Germany,Rosendahl,,,,,,
Denmark,Roskilde,,,,,,
Netherlands,Rotterdam,,,,,,
South Africa,Rustenburg,,,,,,
Russian Federation,Ryazhsk,,,,,,
Colombia,Sabaneta,,,,,,
United States of America,Saco,,,,,,
Tunisia,Safaqis,,,,,,
India,Saharsa,,,,,,
United States of America,Saint Paul,,,,,,
France,Saint Chamond,,,,,,
France,Saint Fons,,,,,,
Japan,Sakado,,,,,,
Japan,Sakura,,,,,,
Romania,Salonta,,,,,,
Pakistan,Sambrial,,,,,,
United States of America,San Bruno,,,,,,
Italy,San Giustino,,,,,,
Spain,San Javier,,,,,,
Guatemala,San Jose Pinula,,,,,,
China,Sanming,,,,,,
Spain,Sant Feliu De Guixols,,,,,,
Philippines,Santa Catalina,,,,,,
United States of America,Santa Clarita,,,,,,
Mexico,Santa Cruz Del Valle,,,,,,
Spain,Santa Eulalia Del Rio,,,,,,
United States of America,Santa Paula,,,,,,
Brazil,Sao Borja,,,,,,
Brazil,Sao Sebastiao Do Passe,,,,,,
India,Saraipali,,,,,,
Bosnia and Herzegovina,Sarajevo,,,,,,
Brazil,Para De Minas,,,,,,
United States of America,Paramount,,,,,,
United States of America,Parkland,,,,,,
Italy,Parma,,,,,,
Indonesia,Paseh,,,,,,
Russian Federation,Pashkovskiy,,,,,,
Unknown,Pattaya,,,,,,
Italy,Perugia,,,,,,
Bulgaria,Pestera,,,,,,
United States of America,Pike Creek,,,,,,
Spain,Pilar De La Horadada,,,,,,
Hungary,Pilis,,,,,,
Brazil,Pindorama,,,,,,
United States of America,Piney Green,,,,,,
Italy,Pistoia,,,,,,
Bolivia (Plurinational State of),Placido De Castro,,,,,,
United States of America,Pleasant Grove,,,,,,
United States of America,Plymouth,,,,,,
Brazil,Pocao De Pedras,,,,,,
Trinidad and Tobago,Point Fortin,,,,,,
India,Polasara,,,,,,
Poland,Police,,,,,,
India,Ponda,,,,,,
India,Pondicherry,,,,,,
Brazil,Pontalina,,,,,,
Brazil,Porciuncula,,,,,,
Portugal,Portalegre,,,,,,
Brazil,Portao,,,,,,
Italy,Potenza Picena,,,,,,
Portugal,Povoa De Santa Iria,,,,,,
Germany,Solms,,,,,,
United States of America,South Holland,,,,,,
United Kingdom of Great Britain and Northern Ireland,Southampton,,,,,,
Russian Federation,Spassk Dalniy,,,,,,
Belarus,Stolin,,,,,,
United States of America,Stoneham,,,,,,
Italy,Stradella,,,,,,
Canada,Strathmore,,,,,,
Poland,Strzelin,,,,,,
Peru,Satipo,,,,,,
France,Saumur,,,,,,
Italy,Saviano,,,,,,
Belgium,Schilde,,,,,,
Germany,Schlitz,,,,,,
Germany,Schrobenhausen,,,,,,
United States of America,Seekonk,,,,,,
Brazil,Sertania,,,,,,
Japan,Setaka,,,,,,
Italy,Sezze,,,,,,
Tajikistan,Shaartuz,,,,,,
Canada,Shawinigan,,,,,,
Russian Federation,Shebekino,,,,,,
Japan,Shido,,,,,,
Japan,Shimodate,,,,,,
India,Sholapur,,,,,,
United States of America,Shoreline,,,,,,
Central African Republic,Sibut,,,,,,
India,Silchar,,,,,,
India,Sindgi,,,,,,
Indonesia,Singkang,,,,,,
Indonesia,Singkawang,,,,,,
Sweden,Skelleftea,,,,,,
Croatia,Solin,,,,,,
Germany,Sonthofen,,,,,,
United States of America,South Bend,,,,,,
India,Srinivaspur,,,,,,
Sweden,Staffanstorp,,,,,,
Russian Federation,Staronizhestebliyevskaya,,,,,,
Germany,Steinfurt,,,,,,
Norway,Steinkjer,,,,,,
Russian Federation,Stepnoye,,,,,,
Germany,Straelen,,,,,,
Sweden,Strangnas,,,,,,
Republic of Moldova,Straseni,,,,,,
United States of America,Sun Valley,,,,,,
United States of America,National City,,,,,,
Spain,Navalcarnero,,,,,,
Romania,Navodari,,,,,,
Indonesia,Negara,,,,,,
Italy,Nembro,,,,,,
Germany,Neuenburg,,,,,,
Germany,Neuhof,,,,,,
Iran (Islamic Republic of),Neyshabur,,,,,,
Germany,Nideggen,,,,,,
China,Ningan,,,,,,
Democratic Republic of the Congo,Nioki,,,,,,
Japan,Nishihara,,,,,,
Japan,Noboribetsu,,,,,,
India,Nokha,,,,,,
Germany,Nordenham,,,,,,
United States of America,Norridge,,,,,,
United States of America,North Augusta,,,,,,
United States of America,North Laurel,,,,,,
United States of America,North Ogden,,,,,,
United States of America,North Potomac,,,,,,
United States of America,North Reading,,,,,,
Serbia,Nova Varos,,,,,,
Ukraine,Novomyrhorod,,,,,,
Russian Federation,Novoulyanovsk,,,,,,
Nigeria,Nsukka,,,,,,
United Republic of Tanzania,Nsunga,,,,,,
United States of America,Oak Grove,,,,,,
United States of America,Oceanside,,,,,,
Germany,Ochsenfurt,,,,,,
Japan,Omachi,,,,,,
Nigeria,Ondo,,,,,,
Belize,Orange Walk,,,,,,
Romania,Oravita,,,,,,
Brazil,Osorio,,,,,,
Brazil,Padre Bernardo,,,,,,
Philippines,Paombong,,,,,,
India,Papanasam,,,,,,
Chile,Parral,,,,,,
India,Pasan,,,,,,
India,Pathanamthitta,,,,,,
India,Pendra,,,,,,
Brazil,Pentecoste,,,,,,
Guatemala,Petapa,,,,,,
Venezuela (Bolivarian Republic of),Petare,,,,,,
Russian Federation,Otradnaya,,,,,,
Belgium,Oud Turnhout,,,,,,
United States of America,Oxnard,,,,,,
Philippines,Ozamiz,,,,,,
Philippines,Pagsangahan,,,,,,
Spain,Palafrugell,,,,,,
United States of America,Palm Valley,,,,,,
Italy,Palmi,,,,,,
Indonesia,Panarukan,,,,,,
India,Madhoganj,,,,,,
United Republic of Tanzania,Mahuta,,,,,,
India,Majholi,,,,,,
Gabon,Makokou,,,,,,
Philippines,Malanday,,,,,,
Unknown,Mandurah,,,,,,
Brazil,Manga,,,,,,
United States of America,Maple Valley,,,,,,
Yemen,Bajil,,,,,,
India,Balod,,,,,,
Mauritius,Bambous,,,,,,
Thailand,Bang Ban,,,,,,
India,Banposh,,,,,,
India,Bansda,,,,,,
Brazil,Barreirinhas,,,,,,
France,Basse Terre,,,,,,
Germany,Bayreuth,,,,,,
Ethiopia,Bedesa,,,,,,
India,Begusarai,,,,,,
United States of America,Belton,,,,,,
United States of America,Belvidere,,,,,,
Malaysia,Bemban,,,,,,
India,Beohari,,,,,,
Italy,Bergamo,,,,,,
United States of America,Berkeley,,,,,,
Italy,Bibbiena,,,,,,
Brazil,Biritiba Mirim,,,,,,
Lithuania,Birzai,,,,,,
Germany,Bischofsheim,,,,,,
United Kingdom of Great Britain and Northern Ireland,Bishop Auckland,,,,,,
Poland,Biskupiec,,,,,,
Germany,Blomberg,,,,,,
Germany,Boizenburg,,,,,,
Italy,Borgo San Dalmazzo,,,,,,
Ukraine,Borzna,,,,,,
Central African Republic,Bossembele,,,,,,
Germany,Bottrop,,,,,,
United States of America,Bountiful,,,,,,
United Kingdom of Great Britain and Northern Ireland,Bournemouth,,,,,,
Czechia,Brandys Nad Labem Stara Boleslav,,,,,,
Brazil,Brasilia,,,,,,
Malaysia,Bukit Baru,,,,,,
United States of America,Burbank,,,,,,
Albania,Burrel,,,,,,
Unknown,Cabedelo,,,,,,
Brazil,Cachoeira,,,,,,
Romania,Calan,,,,,,
France,Cambrai,,,,,,
France,Canteleu,,,,,,
Mexico,Capulhuac,,,,,,
United States of America,Carmichael,,,,,,
Spain,Cartaya,,,,,,
Brazil,Cassilandia,,,,,,
United States of America,Catalina Foothills,,,,,,
Philippines,Cebu,,,,,,
Thailand,Chachoengsao,,,,,,
Thailand,Chaiyo,,,,,,
France,Chalons En Champagne,,,,,,
Kazakhstan,Chardara,,,,,,
Germany,Chemnitz,,,,,,
France,Chenove,,,,,,
Russian Federation,Cheremkhovo,,,,,,
Italy,Chiampo,,,,,,
Zambia,Chingola,,,,,,
Colombia,Chiriguana,,,,,,
Mexico,Cholula,,,,,,
Pakistan,Zafarwal,,,,,,
Ukraine,Zaporizhzhya,,,,,,
Russian Federation,Zavodskoy,,,,,,
Poland,Zawiercie,,,,,,
Ukraine,Zdolbuniv,,,,,,
United States of America,Zephyrhills,,,,,,
Germany,Zetel,,,,,,
China,Zhaotong,,,,,,
Pakistan,Zhob,,,,,,
China,Zhongxing,,,,,,
China,Zhuhai,,,,,,
Russian Federation,Zhukovka,,,,,,
Thailand,Yaring,,,,,,
Russian Federation,Yayva,,,,,,
China,Yiyang,,,,,,
China,Yizheng,,,,,,
Colombia,Yopal,,,,,,
Tajikistan,Yovon,,,,,,
China,Yuancheng,,,,,,
Mexico,Yuriria,,,,,,
Malawi,Zomba,,,,,,
Russian Federation,Zverevo,,,,,,
Germany,Zwonitz,,,,,,
El Salvador,Delgado,,,,,,
United States of America,Denison,,,,,,
India,Deoband,,,,,,
India,Deogarh,,,,,,
India,Depalpur,,,,,,
Iran (Islamic Republic of),Dezful,,,,,,
Russian Federation,Dobrinka,,,,,,
Russian Federation,Dolinsk,,,,,,
Kazakhstan,Abay,,,,,,
Benin,Abomey Calavi,,,,,,
Sudan,Abu Jubayhah,,,,,,
Brazil,Acucena,,,,,,
Brazil,Agudos,,,,,,
Greece,Aigaleo,,,,,,
India,Aklera,,,,,,
Egypt,Alexandria,,,,,,
Portugal,Alfena,,,,,,
Brazil,Alfenas,,,,,,
Belgium,Amay,,,,,,
India,Ambattur,,,,,,
India,Amudalavalasa,,,,,,
Ukraine,Amvrosiyivka,,,,,,
Brazil,Anicuns,,,,,,
Germany,Anklam,,,,,,
China,Aojiang,,,,,,
Brazil,Aparecida,,,,,,
Mexico,Apodaca,,,,,,
Kazakhstan,Aqtobe,,,,,,
India,Arantangi,,,,,,
Spain,Arenys De Mar,,,,,,
Denmark,Arhus,,,,,,
United States of America,Artesia,,,,,,
Uruguay,Artigas,,,,,,
India,Aruppukkottai,,,,,,
Russian Federation,Assinovskaya,,,,,,
Kazakhstan,Atbasar,,,,,,
United States of America,Auburn Hills,,,,,,
El Salvador,Ayutuxtepeque,,,,,,
Indonesia,Babakan,,,,,,
Germany,Bad Salzdetfurth,,,,,,
Germany,Bad Salzuflen,,,,,,
Germany,Bad Worishofen,,,,,,
India,Badnawar,,,,,,
Mexico,Balancan,,,,,,
India,Bangarmau,,,,,,
India,Bantva,,,,,,
China,Baoqing,,,,,,
Brazil,Barra Velha,,,,,,
United States of America,Beaver Dam,,,,,,
India,Bedi,,,,,,
United States of America,Belchertown,,,,,,
United Kingdom of Great Britain and Northern Ireland,Belfast,,,,,,
United States of America,Belle Glade,,,,,,
Russian Federation,Belovo,,,,,,
United States of America,Bentonville,,,,,,
Malaysia,Beranang,,,,,,
Thailand,Betong,,,,,,
Germany,Bexbach,,,,,,
India,Bhopal,,,,,,
France,Billere,,,,,,
Central African Republic,Birao,,,,,,
United Kingdom of Great Britain and Northern Ireland,Blyth,,,,,,
Côte d'Ivoire,Bocanda,,,,,,
Central African Republic,Boda,,,,,,
Belgium,Bonheiden,,,,,,
Côte d'Ivoire,Bouafle,,,,,,
United States of America,Bradley,,,,,,
Cameroon,Buea,,,,,,
India,Buguda,,,,,,
Germany,Buhl,,,,,,
Pakistan,Burewala,,,,,,
United Kingdom of Great Britain and Northern Ireland,Burgess Hill,,,,,,
Iran (Islamic Republic of),Bushehr,,,,,,
Italy,Busto Arsizio,,,,,,
Italy,Caltagirone,,,,,,
Italy,Calvizzano,,,,,,
Italy,Canosa Di Puglia,,,,,,
United States of America,Canton,,,,,,
Italy,Carini,,,,,,
United Kingdom of Great Britain and Northern Ireland,Carluke,,,,,,
Italy,Cerignola,,,,,,
India,Chanasma,,,,,,
Italy,Villa San Giovanni,,,,,,
Colombia,Villanueva,,,,,,
Spain,Villena,,,,,,
Nepal,Waling,,,,,,
United Kingdom of Great Britain and Northern Ireland,Walkden,,,,,,
Belgium,Wemmel,,,,,,
United Kingdom of Great Britain and Northern Ireland,Whitstable,,,,,,
United States of America,Wichita Falls,,,,,,
Germany,Wickede,,,,,,
Poland,Wielun,,,,,,
Belgium,Wingene,,,,,,
Netherlands,Winsum,,,,,,
United States of America,Winter Garden,,,,,,
United Kingdom of Great Britain and Northern Ireland,Wokingham,,,,,,
Ethiopia,Wonji,,,,,,
United States of America,Woodridge,,,,,,
Mexico,Yajalon,,,,,,
Ukraine,Yakymivka,,,,,,
Japan,Yanai,,,,,,
China,Yingshang,,,,,,
Japan,Yokkaichi,,,,,,
Peru,Yurimaguas,,,,,,
Russian Federation,Yuryevets,,,,,,
Iran (Islamic Republic of),Zarand,,,,,,
Kazakhstan,Zhanaozen,,,,,,
China,Zigong,,,,,,
Russian Federation,Znamenka,,,,,,
Switzerland,Zofingen,,,,,,
Serbia,Zrenjanin,,,,,,
Canada,Charlottetown,,,,,,
France,Chateauneuf Les Martigues,,,,,,
France,Chelles,,,,,,
Russian Federation,Chernogolovka,,,,,,
Bangladesh,Chilmari,,,,,,
Colombia,Chimichagua,,,,,,
Zambia,Chipata,,,,,,
United Kingdom of Great Britain and Northern Ireland,Chippenham,,,,,,
Poland,Ciechocinek,,,,,,
Indonesia,Cileunyi,,,,,,
United States of America,Clive,,,,,,
Romania,Codlea,,,,,,
Brazil,Colina,,,,,,
United States of America,Columbus,,,,,,
United Kingdom of Great Britain and Northern Ireland,Congleton,,,,,,
United States of America,Coon Rapids,,,,,,
United States of America,Corsicana,,,,,,
Brazil,Crateus,,,,,,
Brazil,Cruz Das Almas,,,,,,
Guatemala,Cubulco,,,,,,
Philippines,Taytay,,,,,,
United Kingdom of Great Britain and Northern Ireland,Telford,,,,,,
Mexico,Temascalcingo,,,,,,
Serbia,Temerin,,,,,,
Bulgaria,Teteven,,,,,,
Netherlands,Tholen,,,,,,
Nicaragua,Ticuantepe,,,,,,
Mexico,Tizapan El Alto,,,,,,
Mexico,Tlanalapan,,,,,,
Indonesia,Tomohon,,,,,,
Belgium,Tongeren,,,,,,
China,Tongzhou,,,,,,
China,Tongzi,,,,,,
France,Torcy,,,,,,
Germany,Torgelow,,,,,,
Portugal,Torres Novas,,,,,,
Japan,Tosu,,,,,,
India,Tral,,,,,,
Brazil,Tucurui,,,,,,
United States of America,Tulare,,,,,,
Bolivia (Plurinational State of),Tupiza,,,,,,
India,Udaipur,,,,,,
Japan,Uenohara,,,,,,
Brazil,Uniao Dos Palmares,,,,,,
United States of America,Uniontown,,,,,,
Japan,Urayasu,,,,,,
India,Vadnagar,,,,,,
Italy,Varazze,,,,,,
Germany,Vechelde,,,,,,
Italy,Velletri,,,,,,
Italy,Venosa,,,,,,
Portugal,Vialonga,,,,,,
Russian Federation,Votkinsk,,,,,,
Germany,Weil Im Schonbuch,,,,,,
South Africa,Bisho,,,,,,
Russian Federation,Bolkhov,,,,,,
Russian Federation,Bolokhovo,,,,,,
Germany,Bonn,,,,,,
Russian Federation,Borovskiy,,,,,,
Belgium,Bredene,,,,,,
Ukraine,Buchach,,,,,,
Chile,Buin,,,,,,
Philippines,Bunawan,,,,,,
Germany,Burgstadt,,,,,,
India,Burla,,,,,,
China,Caidian,,,,,,
Cuba,Calabazar De Sagua,,,,,,
United States of America,Camp Verde,,,,,,
Turkey,Can,,,,,,
Italy,Capua,,,,,,
Portugal,Cartaxo,,,,,,
Italy,Casalgrande,,,,,,
Portugal,Cascais,,,,,,
Ecuador,Catamayo,,,,,,
Chile,Cauquenes,,,,,,
Brazil,Ceara Mirim,,,,,,
United States of America,Cedarburg,,,,,,
Turkey,Cerkezkoy,,,,,,
United Republic of Tanzania,Chake Chake,,,,,,
India,Chakradharpur,,,,,,
Philippines,Codcod,,,,,,
United States of America,College Park,,,,,,
Brazil,Colonia Leopoldina,,,,,,
Spain,Conil,,,,,,
Mexico,Constitucion,,,,,,
United States of America,Corinth,,,,,,
Benin,Cotonou,,,,,,
France,Courbevoie,,,,,,
South Africa,Cradock,,,,,,
United Kingdom of Great Britain and Northern Ireland,Crawley,,,,,,
Turkey,Cubuk,,,,,,
Rwanda,Cyangugu,,,,,,
Brazil,Abaete,,,,,,
Ethiopia,Abiy Adi,,,,,,
Benin,Abomey,,,,,,
France,Agen,,,,,,
Greece,Akharnai,,,,,,
Turkey,Alanya,,,,,,
Ukraine,Aleksandriya,,,,,,
Russian Federation,Aleysk,,,,,,
Unknown,Almeirim,,,,,,
Brazil,Alvinopolis,,,,,,
Pakistan,Amangarh,,,,,,
Mexico,Amecameca,,,,,,
Russian Federation,Amursk,,,,,,
Russian Federation,Anastasiyevskaya,,,,,,
India,Anjar,,,,,,
Madagascar,Ankazobe,,,,,,
United States of America,Annapolis,,,,,,
Guatemala,Antigua Guatemala,,,,,,
India,Anuppur,,,,,,
Italy,Appiano,,,,,,
Brazil,Arapongas,,,,,,
Philippines,Aringay,,,,,,
Iran (Islamic Republic of),Bam,,,,,,
India,Banganapalle,,,,,,
Thailand,Bangkok,,,,,,
United States of America,Belmont,,,,,,
China,Bengbu,,,,,,
Indonesia,Bengkalis,,,,,,
Belgium,Beringen,,,,,,
Madagascar,Beroroha,,,,,,
India,Bhind,,,,,,
Poland,Bierun,,,,,,
China,Bijie,,,,,,
Germany,Billerbeck,,,,,,
United States of America,Billings,,,,,,
Unknown,Biloxi,,,,,,
United States of America,Binghamton,,,,,,
India,Binika,,,,,,
Nepal,Birganj,,,,,,
United Kingdom of Great Britain and Northern Ireland,Cheltenham,,,,,,
Mexico,Chiapa,,,,,,
Italy,Chieri,,,,,,
Colombia,Chigorodo,,,,,,
Panama,Chilibre,,,,,,
India,Chinna Salem,,,,,,
China,Chizhou,,,,,,
United Kingdom of Great Britain and Northern Ireland,Chorley,,,,,,
Thailand,Chumphon,,,,,,
China,Chutung,,,,,,
Indonesia,Cidahu,,,,,,
Italy,Cisterna,,,,,,
India,Asifabad,,,,,,
United States of America,Atascocita,,,,,,
United States of America,Aurora,,,,,,
Spain,Azpeitia,,,,,,
Cameroon,Bafang,,,,,,
United States of America,Baldwin,,,,,,
Ukraine,Bar,,,,,,
Italy,Barletta,,,,,,
United States of America,Batavia,,,,,,
Sri Lanka,Batticaloa,,,,,,
Cuba,Bauta,,,,,,
Madagascar,Bealanana,,,,,,
Thailand,Phra Phutthabat,,,,,,
France,Pierrefitte Sur Seine,,,,,,
Philippines,Pila,,,,,,
Germany,Pocking,,,,,,
Brazil,Pocone,,,,,,
Italy,Pomezia,,,,,,
United States of America,Ponca City,,,,,,
Romania,Popesti Leordeni,,,,,,
United States of America,Poquoson,,,,,,
Papua New Guinea,Port Moresby,,,,,,
Brazil,Porto Nacional,,,,,,
Russian Federation,Pravdinskiy,,,,,,
Republic of North Macedonia,Prilep,,,,,,
Argentina,Puerto Madryn,,,,,,
Unknown,Punta Umbria,,,,,,
Azerbaijan,Qazax,,,,,,
Brazil,Quata,,,,,,
Cuba,Quemado De Guines,,,,,,
Pakistan,Rajanpur,,,,,,
Israel,Ramat Gan,,,,,,
United States of America,Scarsdale,,,,,,
Germany,Scharbeutz,,,,,,
France,Seyssinet Pariset,,,,,,
India,Shahapur,,,,,,
Pakistan,Sharqpur,,,,,,
Belgium,Ronse,,,,,,
Unknown,Roseto Degli Abruzzi,,,,,,
United States of America,Roseville,,,,,,
France,Rouen,,,,,,
United States of America,Roy,,,,,,
Costa Rica,Sabanilla,,,,,,
Mexico,Sabinas Hidalgo,,,,,,
Slovakia,Sabinov,,,,,,
Saudi Arabia,Sabya,,,,,,
Egypt,Safaga,,,,,,
United States of America,Saint Augustine,,,,,,
Japan,Saitama,,,,,,
Italy,Sala Consilina,,,,,,
India,Samalkha,,,,,,
Ecuador,Samborondon,,,,,,
Colombia,San Benito Abad,,,,,,
United States of America,San Gabriel,,,,,,
Colombia,San Gil,,,,,,
Dominican Republic,San Ignacio De Sabaneta,,,,,,
Guatemala,San Miguel Chicaj,,,,,,
Colombia,San Vicente De Chucuri,,,,,,
Philippines,Santa Ana,,,,,,
Cuba,Santa Cruz Del Norte,,,,,,
Cuba,Santa Cruz Del Sur,,,,,,
Peru,Santiago De Cao,,,,,,
Brazil,Sao Francisco De Assis,,,,,,
Brazil,Sao Luis De Montes Belos,,,,,,
Brazil,Sao Luis,,,,,,
Brazil,Sao Pedro Da Aldeia,,,,,,
Brazil,Sao Pedro Do Sul,,,,,,
Pakistan,Sarai Sidhu,,,,,,
Cuba,Ranchuelo,,,,,,
India,Ratlam,,,,,,
United States of America,Redondo Beach,,,,,,
Germany,Reinheim,,,,,,
Germany,Remscheid,,,,,,
India,Remuna,,,,,,
United States of America,Robstown,,,,,,
Greece,Rodos,,,,,,
France,Roissy En Brie,,,,,,
Czechia,Rokycany,,,,,,
France,Romainville,,,,,,
Thailand,Ron Phibun,,,,,,
Syrian Arab Republic,Damascus,,,,,,
Tajikistan,Dangara,,,,,,
United States of America,Danvers,,,,,,
United Kingdom of Great Britain and Northern Ireland,Darlington,,,,,,
China,Dashiqiao,,,,,,
China,Dashitou,,,,,,
Pakistan,Daulatpur,,,,,,
United States of America,De Land,,,,,,
Indonesia,Delanggu,,,,,,
India,Deoria,,,,,,
India,Dholka,,,,,,
United States of America,Dickinson,,,,,,
France,Dieppe,,,,,,
Chad,Doba,,,,,,
Romania,Dofteana,,,,,,
India,Dohrighat,,,,,,
Viet Nam,Dong Xoai,,,,,,
United States of America,Dorado,,,,,,
Niger,Dosso,,,,,,
India,Dostpur,,,,,,
United States of America,Duarte,,,,,,
Guinea,Dubreka,,,,,,
Syrian Arab Republic,Duma,,,,,,
United States of America,Duncanville,,,,,,
Switzerland,Ebikon,,,,,,
United States of America,Eden,,,,,,
Mexico,El Llano,,,,,,
India,Elumalai,,,,,,
United States of America,Elwood,,,,,,
Turkey,Erbaa,,,,,,
Germany,Erding,,,,,,
China,Erenhot,,,,,,
Guatemala,Escuintla,,,,,,
Brazil,Esperantinopolis,,,,,,
Brazil,Esteio,,,,,,
Brazil,Estrela,,,,,,
Portugal,Evora,,,,,,
United States of America,Fairborn,,,,,,
India,Faizabad,,,,,,
Madagascar,Fandriana,,,,,,
Italy,Fara In Sabina,,,,,,
Bangladesh,Fatikchhari,,,,,,
France,Fecamp,,,,,,
Iran (Islamic Republic of),Fereydun Kenar,,,,,,
Romania,Fetesti,,,,,,
Botswana,Francistown,,,,,,
United States of America,Frankfort,,,,,,
United States of America,Freehold,,,,,,
Germany,Friedeburg,,,,,,
Germany,Gaimersheim,,,,,,
India,Gangavalli,,,,,,
India,Gariaband,,,,,,
Belgium,Geraardsbergen,,,,,,
Germany,Gevelsberg,,,,,,
Republic of North Macedonia,Gevgelija,,,,,,
Ethiopia,Gidole,,,,,,
Germany,Giengen,,,,,,
United States of America,Gilroy,,,,,,
Canada,Sherbrooke,,,,,,
India,Shiliguri,,,,,,
Japan,Shimoda,,,,,,
United Republic of Tanzania,Shinyanga,,,,,,
Iran (Islamic Republic of),Shushtar,,,,,,
Ukraine,Shyroke,,,,,,
Italy,Signa,,,,,,
India,Simga,,,,,,
Philippines,Siquijor,,,,,,
Sweden,Skovde,,,,,,
Netherlands,Someren,,,,,,
United States of America,Somerville,,,,,,
Honduras,Sonaguera,,,,,,
India,Sonari,,,,,,
India,Songadh,,,,,,
Poland,Sopot,,,,,,
El Salvador,Soyapango,,,,,,
Italy,Spoleto,,,,,,
Indonesia,Srono,,,,,,
Russian Federation,Sterlitamak,,,,,,
Czechia,Sumperk,,,,,,
Russian Federation,Dalmatovo,,,,,,
India,Darjiling,,,,,,
United Kingdom of Great Britain and Northern Ireland,Darwen,,,,,,
United States of America,Davenport,,,,,,
United States of America,Deerfield Beach,,,,,,
United States of America,Del City,,,,,,
United States of America,Deltona,,,,,,
Italy,Desenzano Del Garda,,,,,,
Slovakia,Detva,,,,,,
Germany,Diepholz,,,,,,
Pakistan,Dir,,,,,,
Romania,Viseu De Sus,,,,,,
France,Voiron,,,,,,
Poland,Wadowice,,,,,,
United States of America,Waimalu,,,,,,
United States of America,Wake Forest,,,,,,
India,Yellapur,,,,,,
Ukraine,Yevpatoriya,,,,,,
China,Yining,,,,,,
China,Yushu,,,,,,
Serbia,Zajecar,,,,,,
Russian Federation,Zayukovo,,,,,,
Germany,Zeulenroda,,,,,,
China,Zhuzhou,,,,,,
Belgium,Zonnebeke,,,,,,
Netherlands,Zundert,,,,,,
New Zealand,Wellington,,,,,,
Germany,Welver,,,,,,
Germany,Wendelstein,,,,,,
United States of America,West Milford,,,,,,
United States of America,West New York,,,,,,
New Zealand,Whangarei,,,,,,
United States of America,Willoughby,,,,,,
Netherlands,Winschoten,,,,,,
China,Wuan,,,,,,
China,Wuxi,,,,,,
Brazil,Xique Xique,,,,,,
India,Yamunanagar,,,,,,
Cuba,Yara,,,,,,
China,Dongsheng,,,,,,
China,Dongzhen,,,,,,
Russian Federation,Dudinka,,,,,,
Germany,Dulmen,,,,,,
Philippines,Dumaguete,,,,,,
India,Dundwaraganj,,,,,,
Germany,Durmersheim,,,,,,
China,Duyun,,,,,,
Unknown,Dzaoudzi,,,,,,
United States of America,East Bethel,,,,,,
India,Egra,,,,,,
Panama,El Coco,,,,,,
Colombia,El Doncello,,,,,,
United States of America,El Dorado,,,,,,
Poland,Elblag,,,,,,
Netherlands,Elburg,,,,,,
United Kingdom of Great Britain and Northern Ireland,Ellesmere Port,,,,,,
South Africa,Elliot,,,,,,
Turkey,Emet,,,,,,
Mexico,Emiliano Zapata,,,,,,
Germany,Emmendingen,,,,,,
Brazil,Extremoz,,,,,,
United States of America,Fairhaven,,,,,,
United States of America,Fairview Park,,,,,,
Germany,Feldkirchen Westerham,,,,,,
China,Fengshan,,,,,,
Germany,Feuchtwangen,,,,,,
Italy,Fisciano,,,,,,
France,Fontenay Le Comte,,,,,,
Guinea,Forecariah,,,,,,
Philippines,Mariveles,,,,,,
Germany,Markgroningen,,,,,,
United States of America,Marrero,,,,,,
Syrian Arab Republic,Masyaf,,,,,,
Uzbekistan,Matcha,,,,,,
India,Maur,,,,,,
Unknown,Mawlamyine,,,,,,
Belgium,Meise,,,,,,
United States of America,Merritt Island,,,,,,
Croatia,Metkovic,,,,,,
Iran (Islamic Republic of),Meybod,,,,,,
France,Miramas,,,,,,
Netherlands,Moerdijk,,,,,,
India,Mon,,,,,,
Malawi,Monkey Bay,,,,,,
Brazil,Monte Santo De Minas,,,,,,
India,Morena,,,,,,
Unknown,Mtwara,,,,,,
Thailand,Mukdahan,,,,,,
India,Mundi,,,,,,
Russian Federation,Murmansk,,,,,,
Australia,Muswellbrook,,,,,,
Pakistan,Muzaffarabad,,,,,,
India,Muzaffarnagar,,,,,,
Ukraine,Mykhaylivka,,,,,,
India,Nagina,,,,,,
Thailand,Nakhon Phanom,,,,,,
Bangladesh,Nalchiti,,,,,,
United States of America,Nantucket,,,,,,
Germany,Lahr,,,,,,
United States of America,Lake Grove,,,,,,
United States of America,Lake In The Hills,,,,,,
India,Lakhnau,,,,,,
India,Lalganj,,,,,,
Bangladesh,Lalmanir Hat,,,,,,
Italy,Lanciano,,,,,,
Italy,Lariano,,,,,,
Australia,Launceston,,,,,,
United States of America,Laurel,,,,,,
France,Le Pre Saint Gervais,,,,,,
Andorra,Les Escaldes,,,,,,
United States of America,Lincolnwood,,,,,,
China,Linshu,,,,,,
China,Liusha,,,,,,
Malawi,Liwonde,,,,,,
Spain,Logrono,,,,,,
United Kingdom of Great Britain and Northern Ireland,Long Eaton,,,,,,
Spain,Lora Del Rio,,,,,,
Angola,Luanda,,,,,,
Unknown,Luganville,,,,,,
Zambia,Maamba,,,,,,
India,Mainaguri,,,,,,
Spain,Mairena Del Aljarafe,,,,,,
Brazil,Mairinque,,,,,,
Philippines,Mambajao,,,,,,
India,Mangaldai,,,,,,
Uzbekistan,Mangit,,,,,,
Germany,Mannheim,,,,,,
India,Marhaura,,,,,,
India,Kamthi,,,,,,
Russian Federation,Kamyshin,,,,,,
Russian Federation,Kapustin Yar 1,,,,,,
Togo,Kara,,,,,,
Ukraine,Karlivka,,,,,,
Nepal,Kathmandu,,,,,,
Philippines,Katipunan,,,,,,
Russian Federation,Kedrovka,,,,,,
United Kingdom of Great Britain and Northern Ireland,Keighley,,,,,,
India,Kelamangalam,,,,,,
Germany,Kelheim,,,,,,
Germany,Kempten,,,,,,
Indonesia,Kepanjen,,,,,,
Poland,Kety,,,,,,
India,Khagaul,,,,,,
India,Khandela,,,,,,
Russian Federation,Kharabali,,,,,,
India,Kharagpur,,,,,,
India,Khardaha,,,,,,
India,Khilchipur,,,,,,
Greece,Khios,,,,,,
Canada,Kitchener,,,,,,
Russian Federation,Klimovsk,,,,,,
India,Kodoli,,,,,,
Poland,Koluszki,,,,,,
United Republic of Tanzania,Kongwa,,,,,,
Germany,Kornwestheim,,,,,,
India,Kottagudem,,,,,,
India,Kovur,,,,,,
India,Kulti,,,,,,
Poland,Kutno,,,,,,
Mexico,La Mira,,,,,,
Romania,Negresti Oas,,,,,,
United States of America,Newburg,,,,,,
Romania,Nicolae Balcescu,,,,,,
Spain,Nigran,,,,,,
Mali,Niono,,,,,,
United States of America,North Druid Hills,,,,,,
United Kingdom of Great Britain and Northern Ireland,Nottingham,,,,,,
Brazil,Nova Russas,,,,,,
Ukraine,Nova Vodolaha,,,,,,
Afghanistan,Nuristan,,,,,,
Kenya,Nyahururu,,,,,,
United States of America,Ocoee,,,,,,
Germany,Offenburg,,,,,,
United Republic of Tanzania,Karema,,,,,,
Germany,Kaufbeuren,,,,,,
Indonesia,Kawalu,,,,,,
Russian Federation,Kemerovo,,,,,,
Poland,Kepno,,,,,,
India,Lakhipur,,,,,,
Pakistan,Larkana,,,,,,
Germany,Laubach,,,,,,
India,Lawar,,,,,,
United States of America,Lawndale,,,,,,
Serbia,Lazarevac,,,,,,
France,Le Francois,,,,,,
France,Le Mans,,,,,,
France,Le Plessis Robinson,,,,,,
United States of America,Leesburg,,,,,,
United States of America,Lehigh Acres,,,,,,
Germany,Lehre,,,,,,
Netherlands,Lelystad,,,,,,
France,Les Clayes Sous Bois,,,,,,
Ireland,Letterkenny,,,,,,
France,Kourou,,,,,,
Greece,Kozani,,,,,,
Russian Federation,Krasnobrodskiy,,,,,,
India,Kundgol,,,,,,
Russian Federation,Kungur,,,,,,
Russian Federation,Kuznetsk,,,,,,
Mexico,La Canada,,,,,,
Unknown,La Porte,,,,,,
Pakistan,Lachi,,,,,,
Russian Federation,Kholmskaya,,,,,,
Unknown,Kijang,,,,,,
South Africa,Kimberley,,,,,,
United Republic of Tanzania,Kingori,,,,,,
United States of America,Kings Mountain,,,,,,
Kenya,Kisii,,,,,,
Japan,Kitsuki,,,,,,
Bulgaria,Kjustendil,,,,,,
Uganda,Koboko,,,,,,
Japan,Komatsu,,,,,,
India,Konch,,,,,,
Russian Federation,Kondopoga,,,,,,
Malaysia,Kota Belud,,,,,,
Colombia,San Antero,,,,,,
Italy,San Giorgio A Cremano,,,,,,
Venezuela (Bolivarian Republic of),San Juan De Los Morros,,,,,,
Guatemala,San Lucas Toliman,,,,,,
Guatemala,San Pedro Ayampuc,,,,,,
Costa Rica,San Vicente,,,,,,
Germany,Sankt Wendel,,,,,,
Mexico,Santa Maria Del Rio,,,,,,
Colombia,Santa Rosa De Osos,,,,,,
Brazil,Santa Vitoria,,,,,,
Spain,Santiago De Compostela,,,,,,
Brazil,Santo Estevao,,,,,,
Brazil,Sao Bento Do Una,,,,,,
Czechia,Prostejov,,,,,,
El Salvador,Puerto El Triunfo,,,,,,
Cuba,Puerto Padre,,,,,,
Unknown,Puerto Vallarta,,,,,,
Somalia,Qandala,,,,,,
Iran (Islamic Republic of),Qorveh,,,,,,
Germany,Radeberg,,,,,,
Ukraine,Rakitnoye,,,,,,
India,Ramanathapuram,,,,,,
Nigeria,Olupona,,,,,,
Afghanistan,Orgun,,,,,,
Italy,Orvieto,,,,,,
Kenya,Oyugis,,,,,,
Myanmar,Pakokku,,,,,,
Lao People's Democratic Republic,Pakxe,,,,,,
South Africa,Phuthaditjhaba,,,,,,
Mexico,Piedras Negras,,,,,,
Peru,Pimentel,,,,,,
Paraguay,Piribebuy,,,,,,
Pakistan,Pishin,,,,,,
Russian Federation,Plast,,,,,,
Germany,Plauen,,,,,,
Mexico,Playa Del Carmen,,,,,,
United States of America,Pleasantville,,,,,,
Italy,Polignano A Mare,,,,,,
France,Pont Sainte Maxence,,,,,,
United Kingdom of Great Britain and Northern Ireland,Pontypridd,,,,,,
New Zealand,Porirua,,,,,,
Unknown,Port Hedland,,,,,,
United States of America,Portsmouth,,,,,,
Italy,Preganziol,,,,,,
Serbia,Prizren,,,,,,
United States of America,Rosemead,,,,,,
Zimbabwe,Rusape,,,,,,
India,Sabalgarh,,,,,,
Colombia,Sabanagrande,,,,,,
India,Sadasivpet,,,,,,
India,Safidon,,,,,,
United States of America,Saginaw,,,,,,
Haiti,Saint Marc,,,,,,
France,Saint Martin De Crau,,,,,,
France,Saintes,,,,,,
United States of America,Salmon Creek,,,,,,
Ghana,Saltpond,,,,,,
Colombia,Samaniego,,,,,,
India,Panihati,,,,,,
India,Papparapatti,,,,,,
India,Parlakimidi,,,,,,
Uruguay,Paso De Carrasco,,,,,,
India,Patrasaer,,,,,,
United States of America,Perrysburg,,,,,,
United States of America,Petaluma,,,,,,
United States of America,Phenix City,,,,,,
Netherlands,Reeuwijk,,,,,,
Germany,Regen,,,,,,
Pakistan,Renala Khurd,,,,,,
Netherlands,Rheden,,,,,,
Germany,Ribnitz Damgarten,,,,,,
Belgium,Riemst,,,,,,
Latvia,Riga,,,,,,
Canada,Rimouski,,,,,,
France,Riviere Pilote,,,,,,
India,Robertsonpet,,,,,,
Russian Federation,Rodniki,,,,,,
France,Rognac,,,,,,
United States of America,Ramona,,,,,,
India,Rampur,,,,,,
Germany,Rastatt,,,,,,
India,Raxaul,,,,,,
Canada,Red Deer,,,,,,
India,Nongpoh,,,,,,
United States of America,Norristown,,,,,,
United States of America,North Adams,,,,,,
United States of America,North Saint Paul,,,,,,
United States of America,Norwell,,,,,,
Brazil,Nossa Senhora Da Gloria,,,,,,
Brazil,Nova Esperanca,,,,,,
United States of America,Novi,,,,,,
Russian Federation,Novomikhaylovskiy,,,,,,
Russian Federation,Novospasskoye,,,,,,
Uganda,Ntungamo,,,,,,
Japan,Numata,,,,,,
Denmark,Nyborg,,,,,,
Poland,Nysa,,,,,,
Côte d'Ivoire,Odienne,,,,,,
United States of America,Okemos,,,,,,
India,Okha,,,,,,
Belgium,Olen,,,,,,
Bulgaria,Karnobat,,,,,,
Turkey,Kastamonu,,,,,,
Senegal,Kedougou,,,,,,
Sri Lanka,Kelaniya,,,,,,
India,Khambhaliya,,,,,,
Thailand,Khao Yoi,,,,,,
Iran (Islamic Republic of),Kamyaran,,,,,,
Russian Federation,Kandalaksha,,,,,,
India,Kangayam,,,,,,
Uganda,Kanungu,,,,,,
Turkey,Karacabey,,,,,,
United Republic of Tanzania,Karatu,,,,,,
Sweden,Karlskoga,,,,,,
India,Katpadi,,,,,,
India,Katras,,,,,,
Turkey,Kayseri,,,,,,
Germany,Kelkheim,,,,,,
Bangladesh,Keshabpur,,,,,,
United States of America,Roselle,,,,,,
United Republic of Tanzania,Ruangwa,,,,,,
Italy,Rubano,,,,,,
Italy,Rubiera,,,,,,
France,Saint Raphael,,,,,,
India,Samthar,,,,,,
United States of America,San Anselmo,,,,,,
Italy,San Donato Milanese,,,,,,
Costa Rica,San Rafael,,,,,,
El Salvador,San Salvador,,,,,,
Unknown,Sanary Sur Mer,,,,,,
Trinidad and Tobago,Sangre Grande,,,,,,
Brazil,Santa Rita Do Passa Quatro,,,,,,
Colombia,Santander De Quilichao,,,,,,
Brazil,Sao Cristovao,,,,,,
Brazil,Sao Lourenco Da Mata,,,,,,
Brazil,Sao Miguel Dos Campos,,,,,,
United States of America,Saratoga Springs,,,,,,
Japan,Satte,,,,,,
Thailand,Satuk,,,,,,
Lao People's Democratic Republic,Savannakhet,,,,,,
Turkmenistan,Sayat,,,,,,
India,Sayla,,,,,,
Italy,Scandicci,,,,,,
Netherlands,Scheemda,,,,,,
United States of America,Scranton,,,,,,
Germany,Seesen,,,,,,
India,Selam,,,,,,
Brazil,Senges,,,,,,
France,Senlis,,,,,,
Portugal,Sesimbra,,,,,,
Italy,Sessa Aurunca,,,,,,
Russian Federation,Severodvinsk,,,,,,
Germany,Eppingen,,,,,,
Germany,Ergolding,,,,,,
Egypt,Esna,,,,,,
United States of America,Sheboygan,,,,,,
United Republic of Tanzania,Shelui,,,,,,
Russian Federation,Shilovo,,,,,,
Zimbabwe,Shurugwi,,,,,,
India,Sidhauli,,,,,,
Turkey,Sile,,,,,,
Hungary,Siofok,,,,,,
Nepal,Siraha,,,,,,
Russian Federation,Skhodnya,,,,,,
Ukraine,Slavuta,,,,,,
Malta,Sliema,,,,,,
Ireland,Sligo,,,,,,
Poland,Slupsk,,,,,,
United Republic of Tanzania,Sokoni,,,,,,
Azerbaijan,Susa,,,,,,
Czechia,Susice,,,,,,
Ukraine,Svatove,,,,,,
Russian Federation,Svirsk,,,,,,
Japan,Tagawa,,,,,,
Thailand,Tak,,,,,,
Japan,Takahama,,,,,,
India,Talikota,,,,,,
United States of America,Tallahassee,,,,,,
Japan,Tamamura,,,,,,
India,Tambaram,,,,,,
United Republic of Tanzania,Tandahimba,,,,,,
Indonesia,Tangerang,,,,,,
Philippines,Tangub,,,,,,
China,Taozhuang,,,,,,
Brazil,Tapiramuta,,,,,,
France,Tarare,,,,,,
Colombia,Taraza,,,,,,
Romania,Targu Lapus,,,,,,
Romania,Targu Mures,,,,,,
Brazil,Taruma,,,,,,
Bangladesh,Rangpur,,,,,,
United States of America,Redford,,,,,,
France,Reims,,,,,,
Italy,Rho,,,,,,
Philippines,Rizal,,,,,,
Belgium,Roeselare,,,,,,
France,Somain,,,,,,
Russian Federation,Sovetskaya,,,,,,
Russian Federation,Staromyshastovskaya,,,,,,
Germany,Steinbach,,,,,,
China,Suining,,,,,,
India,Sunel,,,,,,
Japan,Imari,,,,,,
Serbia,Indija,,,,,,
Brazil,Inhambupe,,,,,,
Kyrgyzstan,Isfana,,,,,,
Italy,Isola Del Liri,,,,,,
Paraguay,Ita,,,,,,
Brazil,Itanhaem,,,,,,
United Republic of Tanzania,Itigi,,,,,,
Japan,Ito,,,,,,
Italy,Ivrea,,,,,,
Japan,Izumo,,,,,,
Brazil,Jaboticabal,,,,,,
Mexico,Jacona,,,,,,
India,Jamkhed,,,,,,
United Kingdom of Great Britain and Northern Ireland,Hindley,,,,,,
Japan,Hiroshima,,,,,,
Uganda,Hoima,,,,,,
United States of America,Honolulu,,,,,,
China,Hsintien,,,,,,
United States of America,Huntington Park,,,,,,
India,Husainabad,,,,,,
Brazil,Ibirama,,,,,,
Ukraine,Ichnya,,,,,,
Niger,Illela,,,,,,
Nigeria,Ilorin,,,,,,
Turkey,Bismil,,,,,,
Brazil,Boa Esperanca,,,,,,
France,Bobigny,,,,,,
Burkina Faso,Bobo Dioulasso,,,,,,
Netherlands,Bodegraven,,,,,,
Turkey,Bolu,,,,,,
Italy,Borgosesia,,,,,,
France,Bourg Les Valence,,,,,,
Canada,Brantford,,,,,,
Belgium,Bree,,,,,,
China,Buhe,,,,,,
Kenya,Bungoma,,,,,,
Germany,Burgthann,,,,,,
India,Burhanpur,,,,,,
Germany,Buttelborn,,,,,,
Brazil,Cachoeira Do Sul,,,,,,
Brazil,Cacule,,,,,,
Brazil,Cambe,,,,,,
Italy,Campi Bisenzio,,,,,,
Paraguay,Capiata,,,,,,
Mexico,Casimiro Castillo,,,,,,
Italy,Casoria,,,,,,
Italy,Castelfidardo,,,,,,
Portugal,Castelo Branco,,,,,,
Venezuela (Bolivarian Republic of),Caucaguita,,,,,,
Venezuela (Bolivarian Republic of),Chacao,,,,,,
Thailand,Chaiya,,,,,,
Pakistan,Chak Jhumra,,,,,,
Germany,Cham,,,,,,
India,Chamrajnagar,,,,,,
Italy,Acerra,,,,,,
Russian Federation,Achinsk,,,,,,
Brazil,Afonso Claudio,,,,,,
Colombia,Agustin Codazzi,,,,,,
Ghana,Akropong,,,,,,
Turkey,Alaca,,,,,,
Spain,Albacete,,,,,,
Italy,Alfonsine,,,,,,
United States of America,Alhambra,,,,,,
Sweden,Alingsas,,,,,,
India,Alot,,,,,,
Madagascar,Ambatolampy,,,,,,
Brazil,America Dourada,,,,,,
India,Amla,,,,,,
Togo,Aneho,,,,,,
Austria,Ansfelden,,,,,,
Iran (Islamic Republic of),Arak,,,,,,
Turkey,Ardahan,,,,,,
France,Arras,,,,,,
India,Ayodhya,,,,,,
Thailand,Ayutthaya,,,,,,
Germany,Bad Oeynhausen,,,,,,
Germany,Bad Vilbel,,,,,,
Indonesia,Bae,,,,,,
Philippines,Baganga,,,,,,
India,Balaghat,,,,,,
United Kingdom of Great Britain and Northern Ireland,Ballymena,,,,,,
Peru,Bambamarca,,,,,,
Benin,Banikoara,,,,,,
United Kingdom of Great Britain and Northern Ireland,Basildon,,,,,,
India,Batala,,,,,,
Unknown,Dana Point,,,,,,
Romania,Darabani,,,,,,
Netherlands,De Bilt,,,,,,
United States of America,Deer Park,,,,,,
Romania,Deva,,,,,,
India,Dhanaura,,,,,,
Brazil,Diamantina,,,,,,
United States of America,Dickson,,,,,,
Philippines,Digos,,,,,,
Burkina Faso,Djibo,,,,,,
Brazil,Dom Pedrito,,,,,,
France,Domont,,,,,,
France,Beauvais,,,,,,
Belgium,Beerse,,,,,,
China,Beibei,,,,,,
Benin,Bembereke,,,,,,
China,Benxi,,,,,,
Netherlands,Bergen Op Zoom,,,,,,
Israel,Bet Shemesh,,,,,,
United Kingdom of Great Britain and Northern Ireland,Beverley,,,,,,
India,Bhadra,,,,,,
India,Bhainsdehi,,,,,,
Poland,Bielsko Biala,,,,,,
India,Channarayapatna,,,,,,
United States of America,Cheektowaga,,,,,,
United States of America,Chesterton,,,,,,
Guatemala,Chinautla,,,,,,
Japan,Chino,,,,,,
United States of America,Choctaw,,,,,,
Italy,Cinisi,,,,,,
Indonesia,Cisarua,,,,,,
France,Clamart,,,,,,
Unknown,Don Sak,,,,,,
United States of America,Colesville,,,,,,
Chile,Collipulli,,,,,,
United States of America,Columbia,,,,,,
Italy,Comacchio,,,,,,
Brazil,Conceicao Do Coite,,,,,,
Romania,Corabia,,,,,,
Ireland,Cork,,,,,,
Italy,Corridonia,,,,,,
Poland,Czarnkow,,,,,,
Ethiopia,Dabat,,,,,,
India,Dabwali,,,,,,
United States of America,Westport,,,,,,
United States of America,Wichita,,,,,,
Germany,Wildberg,,,,,,
Indonesia,Wonogiri,,,,,,
Germany,Wunsiedel,,,,,,
Belgium,Wuustwezel,,,,,,
United States of America,Wylie,,,,,,
China,Xinzhou,,,,,,
Syrian Arab Republic,Yabrud,,,,,,
India,Yadgir,,,,,,
Russian Federation,Yaya,,,,,,
Russian Federation,Yelizavetinskaya,,,,,,
Canada,Yorkton,,,,,,
Japan,Yoshida,,,,,,
United States of America,Yucaipa,,,,,,
China,Yuyao,,,,,,
Mexico,Zaachila,,,,,,
Mexico,Zapotlanejo,,,,,,
Netherlands,Zelhem,,,,,,
Kazakhstan,Zhezkazgan,,,,,,
Slovakia,Zilina,,,,,,
Slovakia,Zlate Moravce,,,,,,
India,Zunheboto,,,,,,
Russian Federation,Zvenigorod,,,,,,
Germany,Syke,,,,,,
Hungary,Szekesfehervar,,,,,,
Philippines,Tagbina,,,,,,
Iran (Islamic Republic of),Takestan,,,,,,
Romania,Targu Ocna,,,,,,
India,Tattayyangarpettai,,,,,,
Mexico,Tempoal,,,,,,
Mexico,Tequixquitla,,,,,,
Thailand,Tha Rua,,,,,,
Myanmar,Thanatpin,,,,,,
Pakistan,Thul,,,,,,
Republic of Moldova,Tighina,,,,,,
India,Tikri,,,,,,
India,Tirupati,,,,,,
Brazil,Vigia,,,,,,
Italy,Villa Literno,,,,,,
France,Villiers Le Bel,,,,,,
Viet Nam,Vinh Long,,,,,,
India,Virar,,,,,,
India,Viravanallur,,,,,,
United Republic of Tanzania,Vwawa,,,,,,
Pakistan,Warah,,,,,,
Belgium,Waremme,,,,,,
India,Warora,,,,,,
United States of America,Warrensburg,,,,,,
United States of America,Warrensville Heights,,,,,,
India,Warud,,,,,,
Japan,Watari,,,,,,
United States of America,Watertown,,,,,,
United States of America,Webster Groves,,,,,,
China,Tongliao,,,,,,
Germany,Tonisvorst,,,,,,
Australia,Toowoomba,,,,,,
Côte d'Ivoire,Toumodi,,,,,,
Unknown,Tsukumi,,,,,,
Brazil,Tucano,,,,,,
France,Tulle,,,,,,
United States of America,Tulsa,,,,,,
Thailand,Udon Thani,,,,,,
Japan,Uozu,,,,,,
Venezuela (Bolivarian Republic of),Upata,,,,,,
Russian Federation,Urussu,,,,,,
Netherlands,Utrecht,,,,,,
Republic of North Macedonia,Valandovo,,,,,,
Portugal,Valbom,,,,,,
Finland,Valkeakoski,,,,,,
Mexico,Valtierrilla,,,,,,
India,Vandavasi,,,,,,
Italy,Vetralla,,,,,,
Italy,Viadana,,,,,,
Mexico,Oluta,,,,,,
Mexico,Ometepec,,,,,,
Japan,Omihachiman,,,,,,
Italy,Osimo,,,,,,
Ukraine,Ovruch,,,,,,
Mexico,Oxkutzcab,,,,,,
Italy,Paderno Dugnano,,,,,,
India,Pakala,,,,,,
United States of America,Palos Hills,,,,,,
Bangladesh,Panchagarh,,,,,,
Romania,Ramnicu Valcea,,,,,,
Iran (Islamic Republic of),Ramsar,,,,,,
India,Rangia,,,,,,
India,Rani,,,,,,
United States of America,Redan,,,,,,
Germany,Rehlingen Siersburg,,,,,,
United Kingdom of Great Britain and Northern Ireland,Rhondda,,,,,,
Portugal,Rio Maior,,,,,,
Brazil,Rio Negrinho,,,,,,
United States of America,Rockland,,,,,,
Germany,Rodenbach,,,,,,
United States of America,Romeoville,,,,,,
Spain,Priego De Cordoba,,,,,,
India,Pulivendla,,,,,,
United Republic of Tanzania,Puma,,,,,,
India,Purwa,,,,,,
Azerbaijan,Qaracuxur,,,,,,
Iran (Islamic Republic of),Qarchak,,,,,,
China,Qingdao,,,,,,
Dominican Republic,Quisqueya,,,,,,
Democratic Republic of the Congo,Goma,,,,,,
France,Gonesse,,,,,,
Indonesia,Gorontalo,,,,,,
Brazil,Gramado,,,,,,
Spain,Granadilla De Abona,,,,,,
Switzerland,Grenchen,,,,,,
Germany,Grunberg,,,,,,
Spain,Guadalajara,,,,,,
Mexico,Guaymas,,,,,,
Russian Federation,Gubkinskiy,,,,,,
Uganda,Gulu,,,,,,
India,Gumla,,,,,,
India,Hajipur,,,,,,
Unknown,Hamina,,,,,,
United States of America,Hamptons At Boca Raton,,,,,,
United States of America,Harper Woods,,,,,,
China,Heishan,,,,,,
Germany,Heppenheim,,,,,,
Japan,Ina,,,,,,
Mozambique,Inhambane,,,,,,
United States of America,Inver Grove Heights,,,,,,
United Kingdom of Great Britain and Northern Ireland,Inverness,,,,,,
Tajikistan,Isfara,,,,,,
Brazil,Itapetinga,,,,,,
United States of America,Jamestown,,,,,,
Colombia,Jamundi,,,,,,
India,Jangipur,,,,,,
India,Jasidih,,,,,,
United States of America,Jersey City,,,,,,
Uganda,Jinja,,,,,,
China,Jinji,,,,,,
China,Jinzhou,,,,,,
Brazil,Joao Monlevade,,,,,,
Lithuania,Joniskis,,,,,,
El Salvador,Jucuapa,,,,,,
Brazil,Jundiai,,,,,,
India,Kabrai,,,,,,
Portugal,Povoa De Varzim,,,,,,
United States of America,Poway,,,,,,
Brazil,Prado,,,,,,
United States of America,Prescott,,,,,,
Poland,Prudnik,,,,,,
Unknown,Puerto Plata,,,,,,
Indonesia,Purbalingga,,,,,,
Tunisia,Qibili,,,,,,
Israel,Qiryat Atta,,,,,,
Guatemala,Quetzaltenango,,,,,,
Brazil,Quirinopolis,,,,,,
India,Rahatgarh,,,,,,
Italy,Rosarno,,,,,,
Spain,Rota,,,,,,
Italy,Rovigo,,,,,,
United States of America,Royal Palm Beach,,,,,,
Colombia,Sabanalarga,,,,,,
Panama,Sabanitas,,,,,,
Saudi Arabia,Safwah,,,,,,
France,Saint Etienne Du Rouvray,,,,,,
France,Saint Mande,,,,,,
Unknown,Ramsgate,,,,,,
India,Rangapara,,,,,,
United States of America,Raymore,,,,,,
United States of America,Red Bank,,,,,,
Burkina Faso,Reo,,,,,,
India,Repalle,,,,,,
United States of America,Rexburg,,,,,,
Germany,Rheinbach,,,,,,
Unknown,Rianxo,,,,,,
Bolivia (Plurinational State of),Riberalta,,,,,,
Mexico,Rincon De Tamayo,,,,,,
Brazil,Rio Verde De Mato Grosso,,,,,,
Italy,Rivalta Di Torino,,,,,,
China,Rizhao,,,,,,
United States of America,Rome,,,,,,
Democratic Republic of the Congo,Kananga,,,,,,
Unknown,Kanda,,,,,,
Sri Lanka,Kandy,,,,,,
Iran (Islamic Republic of),Karaj,,,,,,
Japan,Kaseda,,,,,,
Kenya,Kericho,,,,,,
Pakistan,Khairpur,,,,,,
Pakistan,Khanewal,,,,,,
India,Kharakvasla,,,,,,
Burundi,Bubanza,,,,,,
India,Buxar,,,,,,
Portugal,Caldas Da Rainha,,,,,,
Spain,Cambrils,,,,,,
United States of America,Cameron Park,,,,,,
Canada,Camrose,,,,,,
Costa Rica,Canas,,,,,,
United Kingdom of Great Britain and Northern Ireland,Cannock,,,,,,
Italy,Carlentini,,,,,,
Portugal,Carregado,,,,,,
Brazil,Cascavel,,,,,,
United States of America,Casper,,,,,,
Panama,Cativa,,,,,,
United States of America,Cedar Hill,,,,,,
Indonesia,Ceper,,,,,,
India,Chandvad,,,,,,
Germany,Biedenkopf,,,,,,
Turkey,Bilecik,,,,,,
Ukraine,Bilyayivka,,,,,,
Chad,Massaguet,,,,,,
United States of America,Mastic Beach,,,,,,
United Republic of Tanzania,Masumbwe,,,,,,
Italy,Matera,,,,,,
Indonesia,Maumere,,,,,,
France,Meaux,,,,,,
Italy,Meda,,,,,,
United States of America,Medfield,,,,,,
Brazil,Mendes,,,,,,
United States of America,Mesa,,,,,,
Germany,Lindlar,,,,,,
Germany,Lobau,,,,,,
Italy,Lodi,,,,,,
France,Lognes,,,,,,
Poland,Lomza,,,,,,
China,Longjing,,,,,,
Germany,Lorch,,,,,,
United States of America,Loveland,,,,,,
Angola,Lucapa,,,,,,
Switzerland,Lugano,,,,,,
United Republic of Tanzania,Madimba,,,,,,
Brazil,Mage,,,,,,
India,Mairwa,,,,,,
Unknown,Makung,,,,,,
Mexico,Manuel Doblado,,,,,,
Philippines,Maramag,,,,,,
Italy,Umbertide,,,,,,
Mexico,Uriangato,,,,,,
Unknown,Urk,,,,,,
Brazil,Uruguaiana,,,,,,
United States of America,Uxbridge,,,,,,
Germany,Vaihingen,,,,,,
Czechia,Valasske Mezirici,,,,,,
United States of America,Valley Station,,,,,,
United States of America,Van Wert,,,,,,
Germany,Vaterstetten,,,,,,
Sri Lanka,Vavuniya,,,,,,
France,Velizy Villacoublay,,,,,,
Netherlands,Venray,,,,,,
Switzerland,Vernier,,,,,,
Philippines,Vigan,,,,,,
India,Vijayawada,,,,,,
Russian Federation,Vikhorevka,,,,,,
Paraguay,Villa Hayes,,,,,,
Spain,Villablino,,,,,,
Colombia,Villavicencio,,,,,,
France,Villefontaine,,,,,,
France,Villefranche De Rouergue,,,,,,
France,Villiers Sur Marne,,,,,,
Germany,Velten,,,,,,
United States of America,Waltham,,,,,,
United Kingdom of Great Britain and Northern Ireland,Warwick,,,,,,
United States of America,Waterloo,,,,,,
United States of America,Wayland,,,,,,
Kenya,Webuye,,,,,,
Italy,Dalmine,,,,,,
India,Daltenganj,,,,,,
Thailand,Damnoen Saduak,,,,,,
Indonesia,Dampit,,,,,,
United States of America,Danville,,,,,,
United States of America,Dekalb,,,,,,
Central African Republic,Dekoa,,,,,,
Haiti,Desdunes,,,,,,
Ethiopia,Dese,,,,,,
United States of America,Detroit,,,,,,
France,Deville Les Rouen,,,,,,
India,Dhana,,,,,,
India,Dharmabad,,,,,,
Germany,Dinslaken,,,,,,
Mexico,Coatlinchan,,,,,,
India,Colgong,,,,,,
Unknown,Colwyn Bay,,,,,,
Cuba,Consolacion Del Sur,,,,,,
Spain,Coslada,,,,,,
Romania,Craiova,,,,,,
United States of America,Crystal,,,,,,
Colombia,Cucuta,,,,,,
United Kingdom of Great Britain and Northern Ireland,Cwmbran,,,,,,
United States of America,Donna,,,,,,
Burkina Faso,Dori,,,,,,
Romania,Drobeta Turnu Severin,,,,,,
Netherlands,Druten,,,,,,
Uzbekistan,Druzhba,,,,,,
Germany,Bitburg,,,,,,
Indonesia,Bitung,,,,,,
Russian Federation,Boguchar,,,,,,
France,Bonneville,,,,,,
Belgium,Boortmeerbeek,,,,,,
Brazil,Borba,,,,,,
United States of America,Bridgeton,,,,,,
Iran (Islamic Republic of),Omidiyeh,,,,,,
Netherlands,Oosterhout,,,,,,
Belgium,Oostkamp,,,,,,
India,Orai,,,,,,
United States of America,Orlando,,,,,,
Norway,Oslo,,,,,,
Mexico,Oteapan,,,,,,
Thailand,Pa Sang,,,,,,
Pakistan,Pabbi,,,,,,
India,Padrauna,,,,,,
Thailand,Pak Chong,,,,,,
Guatemala,Palencia,,,,,,
India,Pallikonda,,,,,,
Philippines,Pandi,,,,,,
Greece,Panorama,,,,,,
India,Pathankot,,,,,,
Italy,Pavia,,,,,,
Colombia,Paz De Ariporo,,,,,,
Indonesia,Pekalongan,,,,,,
United States of America,Pella,,,,,,
Indonesia,Pemangkat,,,,,,
Spain,Penarroya Pueblonuevo,,,,,,
Mexico,Penjamo,,,,,,
United States of America,Perris,,,,,,
Thailand,Phimai,,,,,,
Germany,Pinneberg,,,,,,
Poland,Pionki,,,,,,
France,Plougastel Daoulas,,,,,,
Ukraine,Pomichna,,,,,,
Venezuela (Bolivarian Republic of),Porlamar,,,,,,
United States of America,Port Orange,,,,,,
Brazil,Porto Alegre,,,,,,
Italy,Porto Tolle,,,,,,
France,Porto Vecchio,,,,,,
United States of America,Wheat Ridge,,,,,,
Unknown,Winthrop,,,,,,
China,Xiaoyi,,,,,,
China,Xihua,,,,,,
China,Xintai,,,,,,
China,Yangjiang,,,,,,
Japan,Yao,,,,,,
Netherlands,Aalten,,,,,,
United States of America,Aberdeen,,,,,,
Iran (Islamic Republic of),Abhar,,,,,,
Iran (Islamic Republic of),Agha Jari,,,,,,
Turkey,Akcaabat,,,,,,
Democratic Republic of the Congo,Aketi,,,,,,
Spain,Algete,,,,,,
Iran (Islamic Republic of),Aligudarz,,,,,,
Switzerland,Allschwil,,,,,,
Mexico,Asuncion Nochixtlan,,,,,,
Germany,Aue,,,,,,
Netherlands,Axel,,,,,,
Mali,Bafoulabe,,,,,,
Netherlands,Aalsmeer,,,,,,
Brazil,Aguas De Lindoia,,,,,,
Mexico,Ahome,,,,,,
Libya,Ajdabiya,,,,,,
Ethiopia,Aksum,,,,,,
Italy,Albino,,,,,,
Spain,Almeria,,,,,,
United States of America,Amherst Center,,,,,,
Colombia,Andalucia,,,,,,
India,Annur,,,,,,
Portugal,Anta,,,,,,
Unknown,Alvarado,,,,,,
Nigeria,Ankpa,,,,,,
Colombia,Aracataca,,,,,,
United States of America,Arlington Heights,,,,,,
Germany,Arnstadt,,,,,,
United States of America,Asbury Park,,,,,,
United Kingdom of Great Britain and Northern Ireland,Ashford,,,,,,
Russian Federation,Aykhal,,,,,,
Indonesia,Babat,,,,,,
Germany,Drensteinfurt,,,,,,
Ukraine,Dubno,,,,,,
France,Dumbea,,,,,,
Poland,Dzierzoniow,,,,,,
United States of America,East Northport,,,,,,
Belgium,Eeklo,,,,,,
United States of America,Egypt Lake Leto,,,,,,
Colombia,El Bordo,,,,,,
Mexico,El Fuerte,,,,,,
Venezuela (Bolivarian Republic of),El Tigre,,,,,,
Israel,Elat,,,,,,
United States of America,Ellington,,,,,,
United States of America,Elmira,,,,,,
Mexico,Encarnacion,,,,,,
Brazil,Encruzilhada Do Sul,,,,,,
Germany,Erwitte,,,,,,
Turkey,Eskisehir,,,,,,
United States of America,Everett,,,,,,
India,Farrukhabad,,,,,,
Turkey,Fatsa,,,,,,
Mexico,Fernandez,,,,,,
United States of America,Festus,,,,,,
United States of America,Fillmore,,,,,,
Italy,Follonica,,,,,,
United States of America,Fontana,,,,,,
Finland,Forssa,,,,,,
Russian Federation,Kamskiye Polyany,,,,,,
Japan,Kashiba,,,,,,
India,Kathor,,,,,,
India,Katwa,,,,,,
Canada,Kelowna,,,,,,
United States of America,Kelso,,,,,,
Morocco,Kenitra,,,,,,
United States of America,Key Largo,,,,,,
Iran (Islamic Republic of),Khomeynishahr,,,,,,
Ukraine,Kiev,,,,,,
Russian Federation,Kineshma,,,,,,
United States of America,Kingsburg,,,,,,
Kenya,Kisumu,,,,,,
Ukraine,Kivsharivka,,,,,,
India,Kodar,,,,,,
India,Kodungallur,,,,,,
Ukraine,Komsomolskoye,,,,,,
Iceland,Kopavogur,,,,,,
Burkina Faso,Koupela,,,,,,
Russian Federation,Kozmodemyansk,,,,,,
Cambodia,Kracheh,,,,,,
Indonesia,Kresek,,,,,,
Nigeria,Kumo,,,,,,
Japan,Kurihashi,,,,,,
Turkey,Kurtalan,,,,,,
Philippines,Labangan,,,,,,
United States of America,Ladson,,,,,,
Italy,Limbiate,,,,,,
Switzerland,Littau,,,,,,
China,Liuzhou,,,,,,
Zambia,Livingstone,,,,,,
Italy,Loano,,,,,,
Cameroon,Lolodorf,,,,,,
Mexico,Lombardia,,,,,,
France,Lorient,,,,,,
United Kingdom of Great Britain and Northern Ireland,Lowestoft,,,,,,
China,Lubu,,,,,,
Belgium,Lummen,,,,,,
Sweden,Lund,,,,,,
Sierra Leone,Lunsar,,,,,,
Russian Federation,Lvovskiy,,,,,,
United States of America,Lynwood,,,,,,
France,Lyon,,,,,,
Russian Federation,Magnitogorsk,,,,,,
Japan,Maizuru,,,,,,
Hungary,Mako,,,,,,
India,Mallasamudram,,,,,,
Mexico,Mapastepec,,,,,,
Spain,Marchena,,,,,,
Unknown,Martinsicuro,,,,,,
Japan,Mashiko,,,,,,
France,Mayenne,,,,,,
Russian Federation,Mayrtup,,,,,,
Italy,Menfi,,,,,,
France,Mennecy,,,,,,
Italy,Mentana,,,,,,
Italy,Mercogliano,,,,,,
Belgium,Meulebeke,,,,,,
Pakistan,Lahore,,,,,,
Brazil,Lajeado,,,,,,
Thailand,Lamphun,,,,,,
Germany,Landau,,,,,,
Germany,Landshut,,,,,,
United States of America,Lansdale,,,,,,
Italy,Latiano,,,,,,
France,Le Bouscat,,,,,,
Serbia,Lebane,,,,,,
Finland,Lempaala,,,,,,
China,Miaoli,,,,,,
Libya,Misratah,,,,,,
United States of America,Mission,,,,,,
Japan,Miyakonojo,,,,,,
United Republic of Tanzania,Mlandizi,,,,,,
India,Mohgaon,,,,,,
Italy,Molinella,,,,,,
Italy,Monreale,,,,,,
Belgium,Mons,,,,,,
Italy,Montale,,,,,,
France,Montbrison,,,,,,
Brazil,Monte Azul,,,,,,
Belgium,Moorslede,,,,,,
Japan,Moriguchi,,,,,,
France,Moulins,,,,,,
Malawi,Mponela,,,,,,
Uganda,Mubende,,,,,,
India,Murwara,,,,,,
United Republic of Tanzania,Mwanga,,,,,,
Ukraine,Myrhorod,,,,,,
Denmark,Naestved,,,,,,
Libya,Nalut,,,,,,
Philippines,Natappian,,,,,,
Uganda,Nebbi,,,,,,
Netherlands,Nederweert,,,,,,
Belgium,Neerpelt,,,,,,
Paraguay,Nemby,,,,,,
India,New Delhi,,,,,,
United States of America,Newport Beach,,,,,,
United States of America,Niceville,,,,,,
United States of America,North Bethesda,,,,,,
United States of America,North Marysville,,,,,,
United States of America,North Palm Beach,,,,,,
Zimbabwe,Norton,,,,,,
Poland,Nowa Sol,,,,,,
France,Obernai,,,,,,
Germany,Oberursel,,,,,,
Romania,Ocna Mures,,,,,,
Brazil,Oeiras Do Para,,,,,,
Poland,Olawa,,,,,,
United States of America,Chantilly,,,,,,
Bangladesh,Char Bhadrasan,,,,,,
Brazil,Chavantes,,,,,,
China,Chenghai,,,,,,
Mexico,Cheran,,,,,,
United States of America,Cheyenne,,,,,,
Italy,Chiari,,,,,,
France,Choisy Le Roi,,,,,,
Italy,Cicciano,,,,,,
Poland,Cieszyn,,,,,,
United Kingdom of Great Britain and Northern Ireland,Dumfries,,,,,,
United States of America,Easton,,,,,,
Turkey,Edirne,,,,,,
Germany,Einbeck,,,,,,
Colombia,El Banco,,,,,,
Egypt,El Mahalla El Kubra,,,,,,
Egypt,El Wasta,,,,,,
United States of America,Elizabethtown,,,,,,
Switzerland,Emmen,,,,,,
South Africa,Hermanus,,,,,,
Japan,Higashine,,,,,,
Czechia,Hlinsko,,,,,,
Belgium,Hoeilaart,,,,,,
United States of America,Holden,,,,,,
Cuba,Holguin,,,,,,
United States of America,Houston,,,,,,
Thailand,Huai Thalaeng,,,,,,
Mexico,Ensenada,,,,,,
France,Epinal,,,,,,
South Africa,Eshowe,,,,,,
United States of America,Fajardo,,,,,,
India,Farrukhnagar,,,,,,
Madagascar,Fenoarivo Atsinanana,,,,,,
United States of America,Fern Creek,,,,,,
Brazil,Flores Da Cunha,,,,,,
Germany,Florsheim,,,,,,
Brazil,Formoso Do Araguaia,,,,,,
United States of America,Fort Lee,,,,,,
Germany,Friesoythe,,,,,,
China,Fuyu,,,,,,
Unknown,Gallipoli,,,,,,
France,Gardanne,,,,,,
Germany,Garrel,,,,,,
Turkey,Gebze,,,,,,
Unknown,Girne,,,,,,
Colombia,Giron,,,,,,
Mexico,Miahuatlan,,,,,,
Kenya,Migori,,,,,,
Italy,Milan,,,,,,
Brazil,Mimoso Do Sul,,,,,,
Japan,Minamata,,,,,,
Japan,Miura,,,,,,
Spain,Moana,,,,,,
United States of America,Mobile,,,,,,
Italy,Moncalieri,,,,,,
Mozambique,Montepuez,,,,,,
Italy,Montesarchio,,,,,,
Canada,Montreal,,,,,,
United States of America,Moore,,,,,,
Switzerland,Morges,,,,,,
France,Morlaix,,,,,,
Russian Federation,Nazran,,,,,,
Greece,Nea Erithraia,,,,,,
Dominican Republic,Neiba,,,,,,
Israel,Netivot,,,,,,
Burundi,Ngozi,,,,,,
Netherlands,Nijkerk,,,,,,
Italy,Nizza Monferrato,,,,,,
United States of America,Nogales,,,,,,
Finland,Nokia,,,,,,
China,Nongan,,,,,,
United States of America,North Lindenhurst,,,,,,
United States of America,North Port,,,,,,
Italy,Novara,,,,,,
Nicaragua,Nueva Guinea,,,,,,
Central African Republic,Obo,,,,,,
United States of America,Oconomowoc,,,,,,
Mexico,Octopan,,,,,,
Poland,Olesnica,,,,,,
Germany,Mossingen,,,,,,
United States of America,Mount Pleasant,,,,,,
France,Mouvaux,,,,,,
Germany,Much,,,,,,
Germany,Muhlacker,,,,,,
Viet Nam,Nam Dinh,,,,,,
Mexico,Nanacamilpa,,,,,,
China,Nantou,,,,,,
Belgium,Mettet,,,,,,
United States of America,Mexico,,,,,,
Russian Federation,Mezhdurechenskiy,,,,,,
Tajikistan,Tursunzoda,,,,,,
Germany,Tuttlingen,,,,,,
Russian Federation,Tver,,,,,,
Italy,Udine,,,,,,
Spain,Torredonjimeno,,,,,,
United States of America,Torrington,,,,,,
France,Toul,,,,,,
France,Toulouse,,,,,,
France,Tours,,,,,,
Bosnia and Herzegovina,Trebinje,,,,,,
Slovakia,Trnava,,,,,,
Germany,Trostberg,,,,,,
Russian Federation,Tsimlyansk,,,,,,
Brazil,Tubarao,,,,,,
Kazakhstan,Shemonaikha,,,,,,
Kazakhstan,Shetpe,,,,,,
Japan,Shirakawa,,,,,,
Germany,Simbach,,,,,,
India,Sohagpur,,,,,,
Nigeria,Sokoto,,,,,,
Italy,Sarezzo,,,,,,
India,Sargur,,,,,,
Netherlands,Sassenheim,,,,,,
Angola,Saurimo,,,,,,
Germany,Schwetzingen,,,,,,
Unknown,Seal Beach,,,,,,
Turkey,Sebinkarahisar,,,,,,
Indonesia,Sewon,,,,,,
United States of America,Seguin,,,,,,
Unknown,Sept Iles,,,,,,
Italy,Seveso,,,,,,
Russian Federation,Tayga,,,,,,
Spain,Telde,,,,,,
Mexico,Teocaltiche,,,,,,
Brazil,Terra Roxa,,,,,,
Spain,Terrassa,,,,,,
Mexico,Tetla,,,,,,
Thailand,Tha Mai,,,,,,
China,Tieli,,,,,,
Belgium,Tielt,,,,,,
India,Tiruppuvanam,,,,,,
Russian Federation,Tolbazy,,,,,,
United States of America,Southfield,,,,,,
United States of America,Spring Hill,,,,,,
United Kingdom of Great Britain and Northern Ireland,Stamford,,,,,,
Netherlands,Steenbergen,,,,,,
United States of America,Stockbridge,,,,,,
Canada,Sudbury,,,,,,
Netherlands,Susteren,,,,,,
Russian Federation,Svobody,,,,,,
Russian Federation,Syasstroy,,,,,,
Hungary,Szombathely,,,,,,
Thailand,Takhli,,,,,,
Malaysia,Tanjong Karang,,,,,,
Malaysia,Tanjong Sepat,,,,,,
Mexico,Tarimoro,,,,,,
Spain,Tarrega,,,,,,
Bangladesh,Sarankhola,,,,,,
France,Sarcelles,,,,,,
Germany,Sarstedt,,,,,,
Iran (Islamic Republic of),Saveh,,,,,,
Japan,Sawara,,,,,,
Germany,Schwarzenberg,,,,,,
Brazil,Seabra,,,,,,
Côte d'Ivoire,Seguela,,,,,,
Indonesia,Semarang,,,,,,
Brazil,Senhor Do Bonfim,,,,,,
Brazil,Sento Se,,,,,,
Kazakhstan,Serebryansk,,,,,,
China,Shaowu,,,,,,
United States of America,Sharon,,,,,,
United States of America,Shasta Lake,,,,,,
Germany,Singen,,,,,,
Belgium,Sint Katelijne Waver,,,,,,
India,Sirhind,,,,,,
India,Sirpur,,,,,,
India,Sirsaganj,,,,,,
Turkey,Sivas,,,,,,
Chile,Rancagua,,,,,,
India,Ranchi,,,,,,
United States of America,Randolph,,,,,,
Indonesia,Rangkasbitung,,,,,,
Indonesia,Rantauprapat,,,,,,
United States of America,Red Wing,,,,,,
Mexico,Reforma,,,,,,
India,Reoti,,,,,,
Mexico,Reynosa,,,,,,
Belgium,Rixensart,,,,,,
United States of America,Rock Springs,,,,,,
Germany,Rodental,,,,,,
Colombia,Roldanillo,,,,,,
Spain,Ronda,,,,,,
United States of America,Rosemont,,,,,,
Italy,Rovato,,,,,,
Spain,Rubi,,,,,,
Rwanda,Ruhengeri,,,,,,
Germany,Saalfeld,,,,,,
France,Saint Jean De Braye,,,,,,
United States of America,Salisbury,,,,,,
Mexico,San Agustin,,,,,,
Colombia,San Andres,,,,,,
Spain,San Fernando De Henares,,,,,,
Mexico,San Sebastian El Grande,,,,,,
China,Sanbu,,,,,,
Brazil,Santa Adelia,,,,,,
Philippines,Santa Ignacia,,,,,,
Brazil,Sao Leopoldo,,,,,,
India,Baikunthpur,,,,,,
India,Bakhtiyarpur,,,,,,
Azerbaijan,Baku,,,,,,
India,Balapur,,,,,,
India,Balasinor,,,,,,
Thailand,Bang Krathum,,,,,,
India,Bangalore,,,,,,
India,Barghat,,,,,,
India,Bargur,,,,,,
Guatemala,Barillas,,,,,,
Spain,Bejar,,,,,,
Brazil,Bela Vista De Goias,,,,,,
India,Beldanga,,,,,,
Nigeria,Bende,,,,,,
Brazil,Benjamin Constant,,,,,,
India,Betamcherla,,,,,,
Spain,Betera,,,,,,
United States of America,Beverly Hills,,,,,,
United States of America,Bexley,,,,,,
Turkey,Beysehir,,,,,,
Germany,Biberach,,,,,,
India,Bilsanda,,,,,,
Italy,Bitritto,,,,,,
Colombia,Bolivar,,,,,,
Portugal,Braga,,,,,,
Romania,Brasov,,,,,,
France,Brignoles,,,,,,
United States of America,Broken Arrow,,,,,,
France,Bron,,,,,,
Netherlands,Brunssum,,,,,,
Brazil,Brusque,,,,,,
Poland,Brzeg Dolny,,,,,,
Indonesia,Buaran,,,,,,
Uganda,Bundibugyo,,,,,,
India,Burhar,,,,,,
Russian Federation,Buturlinovka,,,,,,
Germany,Butzbach,,,,,,
Rwanda,Byumba,,,,,,
Venezuela (Bolivarian Republic of),Calabozo,,,,,,
Philippines,Calauan,,,,,,
Cuba,Camaguey,,,,,,
Brazil,Campo Grande,,,,,,
Mexico,Cancun,,,,,,
Brazil,Candeias,,,,,,
Italy,Capaccio,,,,,,
Morocco,Casablanca,,,,,,
Spain,Catarroja,,,,,,
France,Cenon,,,,,,
United States of America,Central Point,,,,,,
Mexico,Cerro Azul,,,,,,
Italy,Cervia,,,,,,
Australia,Cessnock,,,,,,
India,Chaibasa,,,,,,
Iran (Islamic Republic of),Chalus,,,,,,
United States of America,Champlin,,,,,,
China,Changji,,,,,,
Russian Federation,Chaplygin,,,,,,
France,Chatillon,,,,,,
Russian Federation,Cherepovets,,,,,,
China,Chongqing,,,,,,
Unknown,Clacton On Sea,,,,,,
Indonesia,Soreang,,,,,,
Russian Federation,Sosnovka,,,,,,
United States of America,South Miami,,,,,,
Poland,Sroda Wielkopolska,,,,,,
Germany,Stadtlohn,,,,,,
United States of America,Sterling,,,,,,
Czechia,Sternberk,,,,,,
Germany,Stockelsdorf,,,,,,
United States of America,Streamwood,,,,,,
Russian Federation,Sudogda,,,,,,
United States of America,Sugar Hill,,,,,,
Mongolia,Suhbaatar,,,,,,
China,Suicheng,,,,,,
Japan,Sunagawa,,,,,,
India,Sundarnagar,,,,,,
United Kingdom of Great Britain and Northern Ireland,Godalming,,,,,,
Turkey,Golkoy,,,,,,
Mexico,Gonzalez,,,,,,
Italy,Gorizia,,,,,,
Russian Federation,Gorno Altaysk,,,,,,
Netherlands,Gouda,,,,,,
United States of America,Grapevine,,,,,,
United States of America,Great Falls,,,,,,
Indonesia,Grogol,,,,,,
Malaysia,Gua Musang,,,,,,
Brazil,Guaiba,,,,,,
Ecuador,Guayaquil,,,,,,
Italy,Guidonia,,,,,,
India,Guntur,,,,,,
India,Gurdaspur,,,,,,
Belgium,Haacht,,,,,,
Japan,Handa,,,,,,
Japan,Hannan,,,,,,
Netherlands,Harenkarspel,,,,,,
United States of America,Harrisonburg,,,,,,
United Kingdom of Great Britain and Northern Ireland,Hartlepool,,,,,,
Denmark,Hedensted,,,,,,
South Africa,Heilbron,,,,,,
France,Hennebont,,,,,,
Belgium,Herselt,,,,,,
Germany,Hildburghausen,,,,,,
Germany,Hilter,,,,,,
Japan,Hirosaki,,,,,,
China,Huaidian,,,,,,
Romania,Hunedoara,,,,,,
Germany,Hurth,,,,,,
Japan,Iida,,,,,,
Japan,Ikeda,,,,,,
Republic of North Macedonia,Ilinden,,,,,,
Philippines,Irosin,,,,,,
India,Islamnagar,,,,,,
United States of America,Ives Estates,,,,,,
Japan,Iwakura,,,,,,
Russian Federation,Izobilnyy,,,,,,
United States of America,Jacinto City,,,,,,
Guatemala,Jalapa,,,,,,
India,Jashpurnagar,,,,,,
Brazil,Jequie,,,,,,
India,Jhargram,,,,,,
Brazil,Joacaba,,,,,,
Brazil,Jose De Freitas,,,,,,
Uruguay,Juan Lacaze,,,,,,
Russian Federation,Kaduy,,,,,,
India,Kalagarh,,,,,,
United States of America,Kalispell,,,,,,
India,Kalol,,,,,,
Uganda,Kamuli,,,,,,
Russian Federation,Kantyshevo,,,,,,
Malawi,Karonga,,,,,,
Zambia,Katete,,,,,,
India,Kathua,,,,,,
Japan,Katsuyama,,,,,,
India,Kayalpattinam,,,,,,
United States of America,Kewanee,,,,,,
Iran (Islamic Republic of),Khalkhal,,,,,,
Pakistan,Khangah Dogran,,,,,,
Thailand,Khao Wong,,,,,,
Colombia,Marinilla,,,,,,
Sweden,Marsta,,,,,,
Italy,Massafra,,,,,,
Pakistan,Matiari,,,,,,
Pakistan,Matli,,,,,,
