Country,City,Unnamed: 2,Unnamed: 3,Unnamed: 4,Unnamed: 5,Unnamed: 6,Unnamed: 7
Philippines,Bayugan,,,,,,
Portugal,Arrentela,,,,,,
India,Asansol,,,,,,
Russian Federation,Astrakhan,,,,,,
Portugal,Aveiro,,,,,,
Mauritania,Bababe,,,,,,
Cameroon,Bafut,,,,,,
United States of America,Carol Stream,,,,,,
France,Carquefou,,,,,,
Italy,Cerea,,,,,,
Italy,Cerro Maggiore,,,,,,
United Republic of Tanzania,Chalinze,,,,,,
United States of America,Brownsburg,,,,,,
Netherlands,Bunschoten,,,,,,
Viet Nam,Buon Me Thuot,,,,,,
Poland,Busko Zdroj,,,,,,
Brazil,Cabrobo,,,,,,
Brazil,Cafelandia,,,,,,
United States of America,Richmond Heights,,,,,,
United States of America,Rio Linda,,,,,,
Russian Federation,Plavsk,,,,,,
United States of America,Poplar Bluff,,,,,,
Unknown,Porec,,,,,,
Italy,Pozzuoli,,,,,,
Switzerland,Prilly,,,,,,
India,Pudukkottai,,,,,,
Italy,Pulsano,,,,,,
Belgium,Putte,,,,,,
Nicaragua,Quilali,,,,,,
Germany,Raesfeld,,,,,,
Ukraine,Rakhiv,,,,,,
Nigeria,Otukpo,,,,,,
United States of America,Pacifica,,,,,,
Philippines,Parang,,,,,,
Germany,Peine,,,,,,
Ukraine,Shchors,,,,,,
Russian Federation,Shilka,,,,,,
Japan,Shobu,,,,,,
Lao People's Democratic Republic,Si Chiang Mai,,,,,,
Brazil,Sidrolandia,,,,,,
India,Sikar,,,,,,
India,Sindhnur,,,,,,
Switzerland,Aesch,,,,,,
Azerbaijan,Agsu,,,,,,
India,Ajra,,,,,,
Nigeria,Akure,,,,,,
Iran (Islamic Republic of),Alashtar,,,,,,
United Kingdom of Great Britain and Northern Ireland,Grays,,,,,,
United States of America,Greensburg,,,,,,
Russian Federation,Gremyachinsk,,,,,,
Germany,Grimma,,,,,,
Venezuela (Bolivarian Republic of),Guigue,,,,,,
India,Haflong,,,,,,
Hungary,Hajduszoboszlo,,,,,,
Denmark,Hjorring,,,,,,
Germany,Horstel,,,,,,
Germany,Hovelhof,,,,,,
China,Huicheng,,,,,,
Finland,Hyvinkaa,,,,,,
United Republic of Tanzania,Iguguno,,,,,,
Nigeria,Ijero,,,,,,
Brazil,Ijui,,,,,,
United States of America,Iowa City,,,,,,
India,Irinjalakuda,,,,,,
Egypt,Ismailia,,,,,,
Zambia,Isoka,,,,,,
Brazil,Itatinga,,,,,,
Brazil,Itirucu,,,,,,
Brazil,Jaragua Do Sul,,,,,,
Unknown,Jibuti,,,,,,
Saudi Arabia,Jizan,,,,,,
India,Kadiri,,,,,,
Netherlands,Kapelle,,,,,,
India,Karjat,,,,,,
Uganda,Kasese,,,,,,
Germany,Kaufungen,,,,,,
India,Kanodar,,,,,,
Japan,Kariya,,,,,,
Japan,Kashiwara,,,,,,
Ghana,Keta,,,,,,
Benin,Ketou,,,,,,
Unknown,Oxelosund,,,,,,
Bangladesh,Pabna,,,,,,
Italy,Paese,,,,,,
Cuba,Palma Soriano,,,,,,
United States of America,Pampa,,,,,,
United States of America,Orland Park,,,,,,
United States of America,Park Ridge,,,,,,
Russian Federation,Petrovskaya,,,,,,
United States of America,Schenectady,,,,,,
Switzerland,Schlieren,,,,,,
Italy,Segrate,,,,,,
Malaysia,Sekudai,,,,,,
Japan,Sendai,,,,,,
India,Naregal,,,,,,
Uzbekistan,Navoi,,,,,,
Russian Federation,Nikolsko Arkhangelskiy,,,,,,
India,Noamundi,,,,,,
United States of America,North Andover,,,,,,
Italy,Noto,,,,,,
Togo,Notse,,,,,,
Brazil,Novo Oriente,,,,,,
Ukraine,Novoukrayinka,,,,,,
Tajikistan,Obigarm,,,,,,
United States of America,Ocala,,,,,,
United States of America,Okmulgee,,,,,,
Germany,Wernigerode,,,,,,
Germany,Westerkappeln,,,,,,
United States of America,White Plains,,,,,,
Thailand,Wiang Sa,,,,,,
United States of America,Windham,,,,,,
Germany,Wurzen,,,,,,
China,Xinan,,,,,,
Germany,Viernheim,,,,,,
United States of America,Villa Rica,,,,,,
Dominican Republic,Villa Vazquez,,,,,,
Russian Federation,Vrangel,,,,,,
France,Sarreguemines,,,,,,
Germany,Schiffdorf,,,,,,
India,Shantipur,,,,,,
Japan,Shinichi,,,,,,
United States of America,Shorewood,,,,,,
United Republic of Tanzania,Singida,,,,,,
India,Sirur,,,,,,
India,Sitamau,,,,,,
Russian Federation,Siverskiy,,,,,,
United States of America,Slidell,,,,,,
Brazil,Santo Anastacio,,,,,,
Colombia,Santuario,,,,,,
Brazil,Sao Jose De Mipibu,,,,,,
United Kingdom of Great Britain and Northern Ireland,Rotherham,,,,,,
Iran (Islamic Republic of),Rudbar,,,,,,
Russian Federation,Salsk,,,,,,
United States of America,Secaucus,,,,,,
United States of America,Olivehurst,,,,,,
Iran (Islamic Republic of),Orumiyeh,,,,,,
Brazil,Ourinhos,,,,,,
United States of America,Pahrump,,,,,,
Slovenia,Maribor,,,,,,
Brazil,Matao,,,,,,
Cuba,Mayari,,,,,,
Australia,Melton,,,,,,
China,Mentougou,,,,,,
United Kingdom of Great Britain and Northern Ireland,Merthyr Tydfil,,,,,,
Cameroon,Mfou,,,,,,
Spain,Mijas,,,,,,
China,Mingyue,,,,,,
Japan,Mishima,,,,,,
Japan,Mitake,,,,,,
South Africa,Mmabatho,,,,,,
India,Mohanur,,,,,,
India,Mokama,,,,,,
India,Mul,,,,,,
Tunisia,Nabul,,,,,,
India,Nagamangala,,,,,,
Germany,Nagold,,,,,,
Kenya,Nairobi,,,,,,
China,Nanlong,,,,,,
India,Narsipatnam,,,,,,
Brazil,Navegantes,,,,,,
Russian Federation,Navoloki,,,,,,
Belgium,Nazareth,,,,,,
Turkey,Nigde,,,,,,
United States of America,North Olmsted,,,,,,
United Kingdom of Great Britain and Northern Ireland,Northampton,,,,,,
Russian Federation,Ob,,,,,,
Japan,Ofunato,,,,,,
United Republic of Tanzania,Old Shinyanga,,,,,,
Spain,Reus,,,,,,
Cameroon,Rey Bouba,,,,,,
Italy,Riccione,,,,,,
Serbia,Ripanj,,,,,,
Poland,Piastow,,,,,,
China,Pingdingshan,,,,,,
Brazil,Pitangui,,,,,,
United States of America,Point Pleasant,,,,,,
Slovakia,Puchov,,,,,,
China,Pumiao,,,,,,
China,Qingan,,,,,,
India,Rabkavi,,,,,,
Spain,Onda,,,,,,
Canada,Orillia,,,,,,
India,Panchgani,,,,,,
Mexico,Papantla,,,,,,
Indonesia,Pasarkemis,,,,,,
Romania,Pascani,,,,,,
Philippines,Pasil,,,,,,
Russian Federation,Pervomayskiy,,,,,,
Russian Federation,Pervouralsk,,,,,,
Albania,Peshkopi,,,,,,
Unknown,Puerto Cortes,,,,,,
Chile,Puerto Montt,,,,,,
Brazil,Quarai,,,,,,
India,Rath,,,,,,
Pakistan,Rawalpindi,,,,,,
France,Rive De Gier,,,,,,
United States of America,River Grove,,,,,,
Russian Federation,Rostov Na Donu,,,,,,
Spain,Rute,,,,,,
Russian Federation,Rybinsk,,,,,,
Portugal,Sacavem,,,,,,
India,Safipur,,,,,,
United Kingdom of Great Britain and Northern Ireland,Saint Austell,,,,,,
Germany,Salzhemmendorf,,,,,,
Germany,Schoneiche,,,,,,
Italy,Sciacca,,,,,,
India,Shahganj,,,,,,
Cameroon,Mutengene,,,,,,
Japan,Namioka,,,,,,
Nicaragua,Nandaime,,,,,,
Germany,Nauen,,,,,,
Unknown,Necocli,,,,,,
South Africa,Nelspruit,,,,,,
United States of America,New Berlin,,,,,,
Thailand,Non Sang,,,,,,
United States of America,North Babylon,,,,,,
United States of America,North Branford,,,,,,
Ukraine,Nosivka,,,,,,
Russian Federation,Novosibirsk,,,,,,
Mexico,Nuevo Mexico,,,,,,
Germany,Numbrecht,,,,,,
United Republic of Tanzania,Nyanguge,,,,,,
India,Lakhisarai,,,,,,
Spain,Laviana,,,,,,
Germany,Lich,,,,,,
Denmark,Lillerod,,,,,,
Ukraine,Lokhvytsya,,,,,,
Bulgaria,Lom,,,,,,
China,Longyan,,,,,,
Cameroon,Loum,,,,,,
Democratic Republic of the Congo,Lusambo,,,,,,
India,Madanpur,,,,,,
India,Madhyamgram,,,,,,
Colombia,Madrid,,,,,,
Madagascar,Mananjary,,,,,,
India,Mandsaur,,,,,,
Madagascar,Manjakandriana,,,,,,
Brazil,Marau,,,,,,
United States of America,Sweetwater,,,,,,
Hungary,Szekszard,,,,,,
Hungary,Szolnok,,,,,,
Côte d'Ivoire,Tabou,,,,,,
Russian Federation,Taksimo,,,,,,
India,Talbahat,,,,,,
Japan,Tanuma,,,,,,
India,Tarakeswar,,,,,,
Australia,Taree,,,,,,
Pakistan,Taunsa,,,,,,
Unknown,Terracina,,,,,,
South Africa,Thabazimbi,,,,,,
Nepal,Tikapur,,,,,,
Algeria,Timizart,,,,,,
Sweden,Timra,,,,,,
India,Tirukkattuppalli,,,,,,
India,Tiruvottiyur,,,,,,
Spain,Tomino,,,,,,
South Sudan,Maridi,,,,,,
Italy,Massa,,,,,,
United States of America,Mastic,,,,,,
Germany,Memmingen,,,,,,
Hungary,Mezobereny,,,,,,
United States of America,Miami Shores,,,,,,
United Republic of Tanzania,Misasi,,,,,,
United Republic of Tanzania,Mlalo,,,,,,
Colombia,Mocoa,,,,,,
Italy,Mondragone,,,,,,
Germany,Morbach,,,,,,
India,Khatauli,,,,,,
India,Kheri,,,,,,
India,Kiraoli,,,,,,
Iraq,Kirkuk,,,,,,
Japan,Komagane,,,,,,
Russian Federation,Kosaya Gora,,,,,,
Russian Federation,Kotlas,,,,,,
Malaysia,Kuah,,,,,,
Austria,Kufstein,,,,,,
India,Kutiyana,,,,,,
United States of America,Lafayette,,,,,,
Italy,San Miniato,,,,,,
Unknown,Santa Margherita Ligure,,,,,,
Brazil,Santa Maria Da Boa Vista,,,,,,
Guatemala,Santiago Atitlan,,,,,,
Brazil,Sao Jose Da Laje,,,,,,
China,Shaoxing,,,,,,
Unknown,Shcholkine,,,,,,
Spain,Sabadell,,,,,,
France,Saint Leu La Foret,,,,,,
France,Saint Pierre,,,,,,
Uzbekistan,Salar,,,,,,
Turkey,Sungurlu,,,,,,
Brazil,Tabatinga,,,,,,
China,Taixing,,,,,,
Japan,Takayama,,,,,,
India,Shirdi,,,,,,
India,Shorapur,,,,,,
India,Shrirangapattana,,,,,,
India,Siddipet,,,,,,
Canada,Simcoe,,,,,,
China,Sishui,,,,,,
Ukraine,Snyatyn,,,,,,
Unknown,Sorong,,,,,,
Russian Federation,Staroshcherbinovskaya,,,,,,
Austria,Steyr,,,,,,
Brazil,Sumare,,,,,,
Japan,Hamakita,,,,,,
India,Hassan,,,,,,
Sweden,Hassleholm,,,,,,
United States of America,Hastings,,,,,,
China,Hebi,,,,,,
India,Dehri,,,,,,
Burkina Faso,Diebougou,,,,,,
Bangladesh,Dinajpur,,,,,,
Thailand,Doembang Nangbuat,,,,,,
France,Douchy Les Mines,,,,,,
United States of America,Drexel Heights,,,,,,
Lithuania,Druskininkai,,,,,,
Kazakhstan,Dzhusaly,,,,,,
Venezuela (Bolivarian Republic of),Ejido,,,,,,
Mexico,Escarcega,,,,,,
Brazil,Estancia Velha,,,,,,
Italy,Falconara Marittima,,,,,,
United States of America,Fernley,,,,,,
United States of America,Florida Ridge,,,,,,
South Africa,Fort Beaufort,,,,,,
United States of America,Pine Hills,,,,,,
Colombia,Planeta Rica,,,,,,
Russian Federation,Polyarnyy,,,,,,
Poland,Pruszkow,,,,,,
Bolivia (Plurinational State of),Puerto Suarez,,,,,,
Spain,Fuengirola,,,,,,
United States of America,Gainesville,,,,,,
Bangladesh,Gazipur,,,,,,
Germany,Gerstetten,,,,,,
China,Yuxia,,,,,,
Japan,Yuzawa,,,,,,
France,Yzeure,,,,,,
China,Zalantun,,,,,,
Russian Federation,Zernograd,,,,,,
Ethiopia,Ziway,,,,,,
United States of America,Wellesley,,,,,,
Unknown,Weymouth,,,,,,
Poland,Wieliczka,,,,,,
United States of America,Winfield,,,,,,
United Kingdom of Great Britain and Northern Ireland,Witham,,,,,,
United States of America,Woodburn,,,,,,
Germany,Wulfrath,,,,,,
China,Yangzhou,,,,,,
Morocco,Agadir,,,,,,
Mexico,Ahualulco,,,,,,
Spain,Aller,,,,,,
Brazil,Amambai,,,,,,
Spain,Amposta,,,,,,
India,Anantapur,,,,,,
Brazil,Araras,,,,,,
Mexico,Arcelia,,,,,,
Brazil,Areia,,,,,,
United Republic of Tanzania,Arusha,,,,,,
Philippines,Asia,,,,,,
Morocco,Asilah,,,,,,
Iran (Islamic Republic of),Baft,,,,,,
Japan,Hokota,,,,,,
Austria,Hollabrunn,,,,,,
Germany,Holzkirchen,,,,,,
Ukraine,Horodok,,,,,,
Spain,Huelva,,,,,,
Ukraine,Hulyaypole,,,,,,
Brazil,Ibirataia,,,,,,
United States of America,Idylwood,,,,,,
Madagascar,Ihosy,,,,,,
Brazil,Canoas,,,,,,
France,Castres,,,,,,
Honduras,Catacamas,,,,,,
Argentina,Catamarca,,,,,,
Colombia,Caucasia,,,,,,
Italy,Cesena,,,,,,
United States of America,Clayton,,,,,,
Mexico,Cuautla,,,,,,
India,Cuddapah,,,,,,
Peru,Cusco,,,,,,
United States of America,Vincennes,,,,,,
Russian Federation,Vladivostok,,,,,,
Russian Federation,Volosovo,,,,,,
Russian Federation,Vychegodskiy,,,,,,
Netherlands,Wageningen,,,,,,
Bolivia (Plurinational State of),Warnes,,,,,,
South Sudan,Waw,,,,,,
Germany,Wehr,,,,,,
Canada,Williams Lake,,,,,,
Germany,Wittenberge,,,,,,
United States of America,Wolcott,,,,,,
Unknown,Worthing,,,,,,
China,Xinyang,,,,,,
China,Xucheng,,,,,,
Russian Federation,Yandyrka,,,,,,
Russian Federation,Yessentukskaya,,,,,,
China,Yuci,,,,,,
China,Zhangdian,,,,,,
China,Zhengjiatun,,,,,,
Colombia,Zipaquira,,,,,,
France,Taverny,,,,,,
India,Teghra,,,,,,
Ghana,Teshie,,,,,,
Nicaragua,Tipitapa,,,,,,
Hungary,Tiszavasvari,,,,,,
Germany,Titisee Neustadt,,,,,,
Sweden,Tranas,,,,,,
Germany,Traunreut,,,,,,
Canada,Truro,,,,,,
Bosnia and Herzegovina,Tuzla,,,,,,
Germany,Uetze,,,,,,
Germany,Uhingen,,,,,,
Cuba,Union De Reyes,,,,,,
India,Uran,,,,,,
Spain,Utrera,,,,,,
United States of America,Vancouver,,,,,,
South Africa,Vanderbijlpark,,,,,,
Netherlands,Vianen,,,,,,
Philippines,Victorias,,,,,,
South Africa,Sasolburg,,,,,,
Switzerland,Schaffhausen,,,,,,
Russian Federation,Shagonar,,,,,,
India,Shahabad,,,,,,
Ukraine,Shepetivka,,,,,,
Afghanistan,Shibarghan,,,,,,
Poland,Siemianowice Slaskie,,,,,,
Dominican Republic,Sanchez,,,,,,
Brazil,Sao Miguel Do Guama,,,,,,
United States of America,Somersworth,,,,,,
Italy,Sommacampagna,,,,,,
Germany,Starnberg,,,,,,
Czechia,Strakonice,,,,,,
Indonesia,Sumedang,,,,,,
United States of America,Chanhassen,,,,,,
China,Chaohu,,,,,,
United States of America,Charleston,,,,,,
Belgium,Chaumont Gistoux,,,,,,
Russian Federation,Chulym,,,,,,
France,Clichy Sous Bois,,,,,,
Italy,Comiso,,,,,,
Cuba,Corralillo,,,,,,
India,Abu Road,,,,,,
Spain,Alcala De Guadaira,,,,,,
Portugal,Aldeia De Paio Pires,,,,,,
United States of America,Aliquippa,,,,,,
Kazakhstan,Almaty,,,,,,
Australia,Darwin,,,,,,
Pakistan,Darya Khan,,,,,,
United Kingdom of Great Britain and Northern Ireland,Dewsbury,,,,,,
India,Diphu,,,,,,
Ethiopia,Dodola,,,,,,
United Kingdom of Great Britain and Northern Ireland,Prescot,,,,,,
Mexico,Puente De Ixtla,,,,,,
Israel,Qiryat Motzkin,,,,,,
France,Pirae,,,,,,
Brazil,Porto Ferreira,,,,,,
Italy,Portomaggiore,,,,,,
Sweden,Ronneby,,,,,,
Brazil,Rubiataba,,,,,,
United States of America,Saint Peters,,,,,,
France,Saint Maur Des Fosses,,,,,,
Colombia,Sampues,,,,,,
Italy,San Nicola,,,,,,
Italy,San Vito Dei Normanni,,,,,,
Brazil,Sao Goncalo Dos Campos,,,,,,
India,Razole,,,,,,
United States of America,Ridgefield,,,,,,
Denmark,Ronne,,,,,,
Germany,Olsberg,,,,,,
Brazil,Osasco,,,,,,
Finland,Oulu,,,,,,
Brazil,Palmeiras De Goias,,,,,,
United States of America,Paterson,,,,,,
United States of America,Pennsauken,,,,,,
India,Shrirampur,,,,,,
China,Shuangyashan,,,,,,
Sweden,Skoghall,,,,,,
Russian Federation,Narva,,,,,,
India,Narwana,,,,,,
Unknown,Nassau,,,,,,
Russian Federation,Nevinnomyssk,,,,,,
Russian Federation,Nikolskoye,,,,,,
United States of America,North Richland Hills,,,,,,
Russian Federation,Novosergiyevka,,,,,,
United States of America,Oakley,,,,,,
Germany,Oberhaching,,,,,,
Argentina,Olavarria,,,,,,
India,Kanor,,,,,,
India,Kanpur,,,,,,
Pakistan,Kashmor,,,,,,
Poland,Katowice,,,,,,
Spain,Dos Hermanas,,,,,,
United Kingdom of Great Britain and Northern Ireland,Droitwich,,,,,,
Russian Federation,Dugulubgey,,,,,,
United States of America,Dunmore,,,,,,
United States of America,Elmhurst,,,,,,
United States of America,Emmaus,,,,,,
United States of America,Fort Stewart,,,,,,
United States of America,Gallatin,,,,,,
China,Gannan,,,,,,
India,Gannavaram,,,,,,
Germany,Garching,,,,,,
Germany,Gescher,,,,,,
United States of America,Englewood,,,,,,
United States of America,Erie,,,,,,
Turkey,Erzincan,,,,,,
India,Etawah,,,,,,
Portugal,Figueira Da Foz,,,,,,
Australia,Flinders,,,,,,
Italy,Fondi,,,,,,
Brazil,Goianapolis,,,,,,
Turkey,Gonen,,,,,,
Cuba,Guisa,,,,,,
China,Hailar,,,,,,
India,Hanumangarh,,,,,,
Germany,Heide,,,,,,
Germany,Hof,,,,,,
Slovakia,Holic,,,,,,
Nigeria,Ibadan,,,,,,
Spain,Igualada,,,,,,
Japan,Ikoma,,,,,,
Madagascar,Ikongo,,,,,,
Brazil,Jatai,,,,,,
Uganda,Kabale,,,,,,
Sierra Leone,Kambia,,,,,,
United States of America,Dania Beach,,,,,,
United States of America,Drexel Hill,,,,,,
Croatia,Dubrovnik,,,,,,
Pakistan,Dullewala,,,,,,
United Kingdom of Great Britain and Northern Ireland,Dunstable,,,,,,
United States of America,East Millcreek,,,,,,
United States of America,East Norriton,,,,,,
United States of America,East Palo Alto,,,,,,
United States of America,East Wenatchee Bench,,,,,,
Turkey,Elmadag,,,,,,
Mexico,Taxco,,,,,,
Mexico,Tepeji,,,,,,
India,Tiruvalla,,,,,,
Unknown,Tonosho,,,,,,
Canada,Toronto,,,,,,
Italy,Trani,,,,,,
Unknown,Troon,,,,,,
United States of America,Troutdale,,,,,,
United States of America,Tupelo,,,,,,
Poland,Turek,,,,,,
India,Uklana Mandi,,,,,,
Turkey,Unye,,,,,,
Chile,Vallenar,,,,,,
India,Vedasandur,,,,,,
Republic of North Macedonia,Veles,,,,,,
Germany,Soltau,,,,,,
United States of America,South Hadley,,,,,,
Netherlands,Staphorst,,,,,,
Kazakhstan,Stepnogorsk,,,,,,
United States of America,Streator,,,,,,
Germany,Sulzbach,,,,,,
India,Sundargarh,,,,,,
Russian Federation,Sunzha,,,,,,
Serbia,Surcin,,,,,,
Thailand,Suwannaphum,,,,,,
Unknown,Svetlyy,,,,,,
Poland,Szydlowiec,,,,,,
Russian Federation,Taganrog,,,,,,
Venezuela (Bolivarian Republic of),Tariba,,,,,,
Germany,Taufkirchen,,,,,,
United States of America,University Park,,,,,,
Mexico,Valle Hermoso,,,,,,
Switzerland,Vevey,,,,,,
Côte d'Ivoire,Ndouci,,,,,,
Bangladesh,Netrakona,,,,,,
India,Murliganj,,,,,,
United Republic of Tanzania,Nachingwea,,,,,,
China,Nanpiao,,,,,,
Poland,Nowa Ruda,,,,,,
Mexico,Mineral Del Monte,,,,,,
Italy,Misterbianco,,,,,,
Brazil,Monte Siao,,,,,,
United States of America,Montgomery,,,,,,
Indonesia,Metro,,,,,,
Poland,Gliwice,,,,,,
Denmark,Grenaa,,,,,,
Italy,Grottaglie,,,,,,
Russian Federation,Gulkevichi,,,,,,
Russian Federation,Gvardeysk,,,,,,
United States of America,Hartselle,,,,,,
Japan,Hashimoto,,,,,,
Netherlands,Hengelo,,,,,,
Netherlands,Hilvarenbeek,,,,,,
Tajikistan,Hisor,,,,,,
Germany,Hosbach,,,,,,
China,Hulan Ergi,,,,,,
Israel,Iksal,,,,,,
Italy,Ispica,,,,,,
Brazil,Itauna,,,,,,
Ukraine,Izmayil,,,,,,
Brazil,Jau,,,,,,
France,Joinville Le Pont,,,,,,
Guatemala,Joyabaj,,,,,,
Malaysia,Juru,,,,,,
United States of America,Keene,,,,,,
Indonesia,Kertosono,,,,,,
Turkey,Keskin,,,,,,
France,Lingolsheim,,,,,,
Germany,Linnich,,,,,,
Unknown,Loutrakion,,,,,,
United States of America,Lunenburg,,,,,,
Thailand,Mae Chan,,,,,,
Sri Lanka,Maharagama,,,,,,
United Kingdom of Great Britain and Northern Ireland,Maidenhead,,,,,,
United Republic of Tanzania,Makuyuni,,,,,,
Lithuania,Marijampole,,,,,,
Germany,Marktheidenfeld,,,,,,
Democratic Republic of the Congo,Mbuji Mayi,,,,,,
Italy,Melfi,,,,,,
United States of America,Melvindale,,,,,,
Switzerland,Langenthal,,,,,,
China,Lanxi,,,,,,
Italy,Lavello,,,,,,
Spain,Lena,,,,,,
Nigeria,Lere,,,,,,
France,Les Abymes,,,,,,
United States of America,Liberty,,,,,,
South Africa,Kirkwood,,,,,,
Poland,Kolobrzeg,,,,,,
India,Kondagaon,,,,,,
Serbia,Kragujevac,,,,,,
Germany,Kreuzau,,,,,,
India,Krishnanagar,,,,,,
Czechia,Krupka,,,,,,
India,Kudchi,,,,,,
India,Kushalgarh,,,,,,
Unknown,La Maddalena,,,,,,
Brazil,Lagoa Da Prata,,,,,,
United States of America,North Platte,,,,,,
Myanmar,Nyaunglebin,,,,,,
Turkmenistan,Murgab,,,,,,
United Republic of Tanzania,Namalenga,,,,,,
India,Nandgaon,,,,,,
India,Navapur,,,,,,
United States of America,Newburyport,,,,,,
United Kingdom of Great Britain and Northern Ireland,Newry,,,,,,
United States of America,Niagara Falls,,,,,,
United Republic of Tanzania,Mhango,,,,,,
Mali,Mopti,,,,,,
Germany,Saarwellingen,,,,,,
France,Saint Laurent Du Var,,,,,,
India,Machhiwara,,,,,,
Italy,Maddaloni,,,,,,
Peru,Mala,,,,,,
Equatorial Guinea,Malabo,,,,,,
India,Malpe,,,,,,
India,Mankachar,,,,,,
Brazil,Conchal,,,,,,
United States of America,Corona,,,,,,
Unknown,Corpus Christi,,,,,,
Australia,Cranbourne,,,,,,
Brazil,Cunha,,,,,,
Brazil,Currais Novos,,,,,,
France,Ploufragan,,,,,,
Indonesia,Porong,,,,,,
United States of America,Prattville,,,,,,
Russian Federation,Primorsko Akhtarsk,,,,,,
Afghanistan,Qarqin,,,,,,
Argentina,Rafaela,,,,,,
Italy,San Severino Marche,,,,,,
Argentina,Santiago Del Estero,,,,,,
Portugal,Santo Antonio Da Charneca,,,,,,
Peru,Saposoa,,,,,,
Russian Federation,Chelyabinsk,,,,,,
Bangladesh,Chhagalnaiya,,,,,,
United States of America,Christiansburg,,,,,,
Chile,Copiapo,,,,,,
United Kingdom of Great Britain and Northern Ireland,Cramlington,,,,,,
Mexico,Cunduacan,,,,,,
India,Curti,,,,,,
Somalia,Afmadu,,,,,,
Azerbaijan,Agdam,,,,,,
India,Agra,,,,,,
Cuba,Aguada De Pasajeros,,,,,,
India,Ahmadpur,,,,,,
United States of America,Algonquin,,,,,,
Argentina,Alta Gracia,,,,,,
Japan,Anjo,,,,,,
Turkey,Ankara,,,,,,
India,Ankola,,,,,,
Brazil,Aracruz,,,,,,
Brazil,Areado,,,,,,
Pakistan,Badin,,,,,,
India,Badlapur,,,,,,
Germany,Eschweiler,,,,,,
Germany,Ettlingen,,,,,,
United States of America,Eunice,,,,,,
China,Ezhou,,,,,,
Germany,Damme,,,,,,
Ghana,Foso,,,,,,
India,Gadag,,,,,,
India,Gangarampur,,,,,,
United Kingdom of Great Britain and Northern Ireland,Gateshead,,,,,,
Switzerland,Geneva,,,,,,
France,Ducos,,,,,,
India,Duliagaon,,,,,,
South Africa,East London,,,,,,
Cameroon,Ebolowa,,,,,,
United States of America,Elfers,,,,,,
Germany,Emden,,,,,,
South Africa,Bethal,,,,,,
Pakistan,Bhakkar,,,,,,
Malaysia,Bintulu,,,,,,
Austria,Bludenz,,,,,,
United States of America,Blue Island,,,,,,
Belgium,Bornem,,,,,,
United States of America,Bourne,,,,,,
India,Brahmapuri,,,,,,
Germany,Braunfels,,,,,,
Spain,Aspe,,,,,,
France,Aubagne,,,,,,
Niger,Ayorou,,,,,,
Germany,Bad Berleburg,,,,,,
Pakistan,Badah,,,,,,
India,Badgam,,,,,,
Gambia,Bakau,,,,,,
Thailand,Bang Khla,,,,,,
Brazil,Barreirinha,,,,,,
Hungary,Budapest,,,,,,
India,Budhgaon,,,,,,
Serbia,Bujanovac,,,,,,
Cuba,Cabaiguan,,,,,,
Brazil,Cacapava,,,,,,
Republic of Moldova,Cahul,,,,,,
Cuba,Calimete,,,,,,
Brazil,Camboriu,,,,,,
India,Chandannagar,,,,,,
Central African Republic,Kembe,,,,,,
Greece,Khania,,,,,,
United States of America,Ensley,,,,,,
Madagascar,Farafangana,,,,,,
Iran (Islamic Republic of),Fereydunshahr,,,,,,
Germany,Feucht,,,,,,
Italy,Fidenza,,,,,,
India,Firozpur,,,,,,
Spain,Fraga,,,,,,
Germany,Frankenberg,,,,,,
Mali,Gao,,,,,,
Pakistan,Garh Maharaja,,,,,,
Australia,Gawler,,,,,,
Colombia,Marsella,,,,,,
United States of America,Mason,,,,,,
Ireland,Maynooth,,,,,,
Italy,Melito Di Porto Salvo,,,,,,
India,Merta,,,,,,
United States of America,Mesquite,,,,,,
Poland,Miedzyrzec Podlaski,,,,,,
United States of America,Moss Point,,,,,,
India,Mulbagal,,,,,,
Mozambique,Nacala,,,,,,
Russian Federation,Nakhodka,,,,,,
India,Nandikotkur,,,,,,
United States of America,West Chicago,,,,,,
United States of America,West Memphis,,,,,,
Belgium,Willebroek,,,,,,
Germany,Wolnzach,,,,,,
China,Wufeng,,,,,,
Germany,Wurzburg,,,,,,
Poland,Wyszkow,,,,,,
Spain,Villacarrillo,,,,,,
Austria,Villach,,,,,,
Russian Federation,Vorotynsk,,,,,,
Slovakia,Vranov,,,,,,
United States of America,Waco,,,,,,
Germany,Warburg,,,,,,
India,Haldaur,,,,,,
Turkey,Hendek,,,,,,
Switzerland,Gland,,,,,,
Russian Federation,Golitsyno,,,,,,
France,Hoenheim,,,,,,
India,Hole Narsipur,,,,,,
Viet Nam,Hong Gai,,,,,,
China,Huaiyin,,,,,,
Mexico,Huilango,,,,,,
United States of America,Huntersville,,,,,,
India,Iglas,,,,,,
Pakistan,Yazman,,,,,,
Finland,Ylivieska,,,,,,
Uganda,Yumbe,,,,,,
Belgium,Zele,,,,,,
Germany,Zerbst,,,,,,
Russian Federation,Zlatoust,,,,,,
Indonesia,Ungaran,,,,,,
Germany,Usingen,,,,,,
Brazil,Varzea Paulista,,,,,,
Peru,Vice,,,,,,
South Africa,Whittlesea,,,,,,
United Kingdom of Great Britain and Northern Ireland,Wickford,,,,,,
United States of America,Wildwood,,,,,,
United States of America,Willingboro,,,,,,
Brazil,Xaxim,,,,,,
Netherlands,Vlagtwedde,,,,,,
Russian Federation,Vorgashor,,,,,,
Uganda,Wakiso,,,,,,
United States of America,Waynesboro,,,,,,
Italy,Frascati,,,,,,
Georgia,Gali,,,,,,
India,Ganganagar,,,,,,
Germany,Geeste,,,,,,
France,Le Vesinet,,,,,,
Portugal,Linda A Velha,,,,,,
United States of America,Livermore,,,,,,
Brazil,Loanda,,,,,,
Thailand,Loei,,,,,,
Pakistan,Khewra,,,,,,
Russian Federation,Khilok,,,,,,
South Africa,Komatipoort,,,,,,
India,Kondapalle,,,,,,
Indonesia,Jetis,,,,,,
United States of America,Joplin,,,,,,
Cuba,Jovellanos,,,,,,
Germany,Julich,,,,,,
Thailand,Kabin Buri,,,,,,
India,Kaimur,,,,,,
Philippines,Damilag,,,,,,
United States of America,Darien,,,,,,
India,Dhekiajuli,,,,,,
China,Dingzhou,,,,,,
Republic of North Macedonia,Dolna Banjica,,,,,,
United States of America,Dolton,,,,,,
Czechia,Domazlice,,,,,,
Canada,Kanata,,,,,,
Unknown,Karlskrona,,,,,,
Namibia,Keetmanshoop,,,,,,
United States of America,Kennebunk,,,,,,
India,Khamgaon,,,,,,
China,Dongkan,,,,,,
Netherlands,Doorn,,,,,,
Switzerland,Dubendorf,,,,,,
Bulgaria,Dupnica,,,,,,
France,Eaubonne,,,,,,
Republic of Moldova,Edinet,,,,,,
Egypt,El Faiyum,,,,,,
Germany,Ennigerloh,,,,,,
Turkey,Eskil,,,,,,
Guatemala,Esquipulas,,,,,,
United States of America,Farmington Hills,,,,,,
Senegal,Koungheul,,,,,,
India,Kovvur,,,,,,
Togo,Kpalime,,,,,,
Russian Federation,Krasnouralsk,,,,,,
Germany,Kyritz,,,,,,
Panama,La Chorrera,,,,,,
Italy,La Spezia,,,,,,
Cuba,Mariel,,,,,,
United States of America,Markham,,,,,,
Russian Federation,Maryanskaya,,,,,,
Kazakhstan,Merke,,,,,,
United States of America,Prospect Heights,,,,,,
Japan,Sanda,,,,,,
Brazil,Santa Barbara,,,,,,
Spain,Santa Cruz De Tenerife,,,,,,
Guatemala,Santa Lucia Cotzumalguapa,,,,,,
Brazil,Santana De Parnaiba,,,,,,
Brazil,Santo Antonio Do Sudoeste,,,,,,
Brazil,Sao Jose Do Rio Pardo,,,,,,
Germany,Seelze,,,,,,
Brazil,Miguel Pereira,,,,,,
Japan,Miki,,,,,,
Spain,Montilla,,,,,,
India,Moradabad,,,,,,
Madagascar,Moramanga,,,,,,
India,Shillong,,,,,,
Estonia,Sillamae,,,,,,
Colombia,Soata,,,,,,
United States of America,Southbridge,,,,,,
South Africa,Soweto,,,,,,
Switzerland,Spiez,,,,,,
Russian Federation,Sredneuralsk,,,,,,
Germany,Straubing,,,,,,
Poland,Sulechow,,,,,,
Kyrgyzstan,Suluktu,,,,,,
Germany,Rostock,,,,,,
Finland,Salo,,,,,,
Australia,Nerang,,,,,,
Indonesia,Ngawi,,,,,,
Ghana,Nkawkaw,,,,,,
Brazil,Morro Da Fumaca,,,,,,
India,Mundra,,,,,,
Viet Nam,My Tho,,,,,,
Japan,Nanae,,,,,,
Rwanda,Nyanza,,,,,,
United States of America,Oakland,,,,,,
Japan,Otake,,,,,,
India,Ratangarh,,,,,,
Germany,Rellingen,,,,,,
Netherlands,Renkum,,,,,,
Pakistan,Rojhan,,,,,,
Germany,Telgte,,,,,,
Mexico,Temixco,,,,,,
Italy,Termoli,,,,,,
Russian Federation,Syktyvkar,,,,,,
China,Tachia,,,,,,
India,Taki,,,,,,
Japan,Toyota,,,,,,
United States of America,Tullahoma,,,,,,
United States of America,Tustin Foothills,,,,,,
Sweden,Uddevalla,,,,,,
Hungary,Tiszafoldvar,,,,,,
Madagascar,Toamasina,,,,,,
Germany,Erlangen,,,,,,
Mexico,Escuinapa,,,,,,
Philippines,Estancia,,,,,,
United States of America,Evanston,,,,,,
Spain,Felanitx,,,,,,
France,Forbach,,,,,,
Romania,Focsani,,,,,,
Unknown,Folkestone,,,,,,
Germany,Hirschaid,,,,,,
United States of America,Holiday,,,,,,
Mongolia,Hovd,,,,,,
Germany,Hoxter,,,,,,
Brazil,Igarassu,,,,,,
Turkey,Igdir,,,,,,
India,Adilabad,,,,,,
France,Albert,,,,,,
India,Allahabad,,,,,,
Russian Federation,Angarsk,,,,,,
Portugal,Angra,,,,,,
Turkey,Antakya,,,,,,
Mexico,Apatzingan,,,,,,
Brazil,Araguatins,,,,,,
Italy,Ariano Irpino,,,,,,
Australia,Armidale,,,,,,
Russian Federation,Atkarsk,,,,,,
Mexico,Atlautla,,,,,,
France,Aubenas,,,,,,
Peru,Azangaro,,,,,,
Brazil,Baependi,,,,,,
Iran (Islamic Republic of),Bafq,,,,,,
India,Bagru,,,,,,
India,Balotra,,,,,,
Bangladesh,Bandarban,,,,,,
Cameroon,Bangangte,,,,,,
India,Barakpur,,,,,,
Russian Federation,Baranchinskiy,,,,,,
Italy,Barrafranca,,,,,,
Dominican Republic,Bayaguana,,,,,,
Spain,Benavente,,,,,,
Brazil,Bezerros,,,,,,
Poland,Bielsk Podlaski,,,,,,
Nepal,Biratnagar,,,,,,
Belgium,Boom,,,,,,
Netherlands,Boxmeer,,,,,,
United States of America,Boynton Beach,,,,,,
United States of America,Broomall,,,,,,
United Republic of Tanzania,Bukoba,,,,,,
Poland,Bukowno,,,,,,
Poland,Bytow,,,,,,
Italy,Carmiano,,,,,,
United Kingdom of Great Britain and Northern Ireland,Castleford,,,,,,
United States of America,Central Islip,,,,,,
France,Chamalieres,,,,,,
Spain,Villaviciosa De Odon,,,,,,
France,Villeneuve Les Avignon,,,,,,
Russian Federation,Volgorechensk,,,,,,
United States of America,Welby,,,,,,
United States of America,West Chester,,,,,,
Germany,Witzenhausen,,,,,,
India,Yavatmal,,,,,,
Japan,Yonezawa,,,,,,
Uruguay,Young,,,,,,
Iran (Islamic Republic of),Zabol,,,,,,
Poland,Zabrze,,,,,,
Romania,Zalau,,,,,,
Mexico,Zimapan,,,,,,
Unknown,Teknaf,,,,,,
Thailand,Tha Bo,,,,,,
Brazil,Timon,,,,,,
Japan,Tokoname,,,,,,
Colombia,Toro,,,,,,
Spain,Torre Pacheco,,,,,,
Ecuador,Tosagua,,,,,,
Japan,Toyonaka,,,,,,
China,Tunxi,,,,,,
United States of America,Twin Falls,,,,,,
Germany,Uetersen,,,,,,
Montenegro,Ulcinj,,,,,,
United States of America,University City,,,,,,
Argentina,Ushuaia,,,,,,
India,Uttamapalaiyam,,,,,,
United States of America,Vestavia Hills,,,,,,
Mexico,Vicente Guerrero,,,,,,
United States of America,Vidalia,,,,,,
India,Adur,,,,,,
Brazil,Agua Preta,,,,,,
India,Akodia,,,,,,
Italy,Altavilla Vicentina,,,,,,
United States of America,Alvin,,,,,,
Greece,Amarousion,,,,,,
United Kingdom of Great Britain and Northern Ireland,Amersham,,,,,,
Madagascar,Amparafaravola,,,,,,
Mexico,Anenecuilco,,,,,,
China,Anlu,,,,,,
Germany,Apolda,,,,,,
Portugal,Arcozelo,,,,,,
India,Arkalgud,,,,,,
Israel,Ashqelon,,,,,,
Spain,Ayamonte,,,,,,
India,Chhibramau,,,,,,
Colombia,Chivolo,,,,,,
Nicaragua,Ciudad Dario,,,,,,
Italy,Crema,,,,,,
United Republic of Tanzania,Tabora,,,,,,
China,Talin,,,,,,
United States of America,Talladega,,,,,,
Mexico,Tangancicuaro,,,,,,
China,Taonan,,,,,,
Germany,Friedland,,,,,,
Turkey,Hakkari,,,,,,
Iran (Islamic Republic of),Hamadan,,,,,,
Uzbekistan,Muborak,,,,,,
India,Mungeli,,,,,,
United States of America,Murrieta,,,,,,
Oman,Muscat,,,,,,
Japan,Nagareyama,,,,,,
Germany,Neuenrade,,,,,,
United Republic of Tanzania,Ngudu,,,,,,
Ukraine,Nizhyn,,,,,,
Central African Republic,Nola,,,,,,
United States of America,North Lauderdale,,,,,,
United States of America,North Little Rock,,,,,,
United States of America,Northborough,,,,,,
Switzerland,Oftringen,,,,,,
Indonesia,Langsa,,,,,,
Brazil,Lapao,,,,,,
Russian Federation,Lgov,,,,,,
Austria,Lienz,,,,,,
China,Linhai,,,,,,
Germany,Ludwigsburg,,,,,,
Paraguay,Luque,,,,,,
India,Madukkarai,,,,,,
Venezuela (Bolivarian Republic of),Tacarigua,,,,,,
Uruguay,Tacuarembo,,,,,,
India,Talwandi Bhai,,,,,,
Brazil,Tapejara,,,,,,
Syrian Arab Republic,Tartus,,,,,,
Guatemala,Tecpan Guatemala,,,,,,
Mexico,Tequixquiac,,,,,,
Botswana,Thamaga,,,,,,
Myanmar,Thaton,,,,,,
United Republic of Tanzania,Tinde,,,,,,
India,Tiruvidaimarudur,,,,,,
Peru,Tocache,,,,,,
Madagascar,Toliary,,,,,,
Japan,Tonami,,,,,,
Kenya,Mariakani,,,,,,
Sweden,Mariestad,,,,,,
India,Maudaha,,,,,,
Zambia,Mbala,,,,,,
Russian Federation,Mednogorsk,,,,,,
Russian Federation,Medvedovskaya,,,,,,
Greece,Melissia,,,,,,
United States of America,Mendota Heights,,,,,,
Unknown,Milazzo,,,,,,
France,Montbeliard,,,,,,
Italy,Montescaglioso,,,,,,
Democratic Republic of the Congo,Tshikapa,,,,,,
Italy,Turi,,,,,,
United States of America,Tuscaloosa,,,,,,
United States of America,Twentynine Palms,,,,,,
Germany,Uberherrn,,,,,,
India,Ullal,,,,,,
Russian Federation,Uray,,,,,,
France,Vauvert,,,,,,
Belgium,Veurne,,,,,,
Russian Federation,Chaykovskiy,,,,,,
Ukraine,Chernyakhiv,,,,,,
India,Chidambaram,,,,,,
Guatemala,Chiquimulilla,,,,,,
Peru,Chocope,,,,,,
United States of America,Clearwater,,,,,,
Mexico,Puruandiro,,,,,,
United States of America,Rancho Cucamonga,,,,,,
Poland,Rawicz,,,,,,
China,Ruian,,,,,,
France,Saint Jean De Luz,,,,,,
Austria,Sankt Veit,,,,,,
Spain,Santa Cruz De La Palma,,,,,,
Brazil,Sao Paulo,,,,,,
United States of America,Asheboro,,,,,,
Germany,Bad Lippspringe,,,,,,
United States of America,Bellmore,,,,,,
Brazil,Benevides,,,,,,
India,Bhadohi,,,,,,
Germany,Bissendorf,,,,,,
United Kingdom of Great Britain and Northern Ireland,Bletchley,,,,,,
United States of America,Brecksville,,,,,,
Russian Federation,Bulanash,,,,,,
Philippines,Bulaon,,,,,,
Nigeria,Calabar,,,,,,
Brazil,Campo Bom,,,,,,
Brazil,Cariacica,,,,,,
France,Castelnau Le Lez,,,,,,
Spain,Cehegin,,,,,,
Thailand,Soeng Sang,,,,,,
Brazil,Aguas Formosas,,,,,,
Colombia,Aguazul,,,,,,
Germany,Aichach,,,,,,
China,Aksu,,,,,,
Turkey,Aliaga,,,,,,
China,Anda,,,,,,
Mexico,Apan,,,,,,
Italy,Saronno,,,,,,
Ukraine,Sartana,,,,,,
Hungary,Satoraljaujhely,,,,,,
Philippines,Sebu,,,,,,
Malaysia,Segamat,,,,,,
India,Sidlaghatta,,,,,,
Belgium,Sint Niklaas,,,,,,
Indonesia,Solok,,,,,,
Guatemala,Solola,,,,,,
Belgium,Spa,,,,,,
Slovenia,Trbovlje,,,,,,
Brazil,Tres Barras,,,,,,
Brazil,Tuntum,,,,,,
Russian Federation,Ulan Ude,,,,,,
Honduras,Tegucigalpa,,,,,,
Germany,Templin,,,,,,
Viet Nam,Thanh Hoa,,,,,,
New Zealand,Timaru,,,,,,
Brazil,Timbo,,,,,,
Canada,Grande Prairie,,,,,,
United States of America,Great Bend,,,,,,
United States of America,Greenwood,,,,,,
Philippines,Guihing,,,,,,
Cuba,Guines,,,,,,
Kazakhstan,Glubokoe,,,,,,
South Africa,Grahamstown,,,,,,
Germany,Greiz,,,,,,
Italy,Grottaferrata,,,,,,
Russian Federation,Gubakha,,,,,,
Indonesia,Kemang,,,,,,
United Republic of Tanzania,Kilindoni,,,,,,
Russian Federation,Kinel,,,,,,
Canada,Kitimat,,,,,,
Ghana,Koforidua,,,,,,
China,Kuanshan,,,,,,
Albania,Kucove,,,,,,
Peru,La Brea,,,,,,
France,La Trinite,,,,,,
India,Ladnun,,,,,,
India,Hansot,,,,,,
Japan,Ichinoseki,,,,,,
India,Ikauna,,,,,,
China,Ilan,,,,,,
United States of America,Indio,,,,,,
Unknown,Ishikari,,,,,,
Unknown,Isla Vista,,,,,,
Poland,Jelenia Gora,,,,,,
Mexico,Jiquilpan,,,,,,
Pakistan,Kalabagh,,,,,,
Russian Federation,Kalinino,,,,,,
United Republic of Tanzania,Kamachumu,,,,,,
Russian Federation,Kamen Rybolov,,,,,,
Jordan,Umm Nuwarah,,,,,,
India,Un,,,,,,
Netherlands,Valkenswaard,,,,,,
India,Vaniyambadi,,,,,,
India,Vejalpur,,,,,,
Netherlands,Veldhoven,,,,,,
India,Vengurla,,,,,,
United States of America,Vernon Hills,,,,,,
Switzerland,Versoix,,,,,,
China,Yongchang,,,,,,
India,Zahirabad,,,,,,
Italy,Zevio,,,,,,
Libya,Zlitan,,,,,,
Czechia,Znojmo,,,,,,
Spain,Blanes,,,,,,
India,Bodinayakkanur,,,,,,
Ghana,Bolgatanga,,,,,,
United States of America,Castle Rock,,,,,,
United States of America,Central Falls,,,,,,
Germany,Furth,,,,,,
United States of America,Gaffney,,,,,,
India,Garulia,,,,,,
Germany,Geilenkirchen,,,,,,
France,Colmar,,,,,,
United States of America,Cornelius,,,,,,
United Kingdom of Great Britain and Northern Ireland,Cowdenbeath,,,,,,
Brazil,Crato,,,,,,
United States of America,Cabot,,,,,,
United States of America,Calverton,,,,,,
Spain,Cambados,,,,,,
Italy,Eraclea,,,,,,
Denmark,Flong,,,,,,
United States of America,Beeville,,,,,,
India,Begamganj,,,,,,
Russian Federation,Belokurikha,,,,,,
Belgium,Berlaar,,,,,,
France,Besancon,,,,,,
India,Bhatkal,,,,,,
Hungary,Debrecen,,,,,,
Mexico,Degollado,,,,,,
India,Dehra Dun,,,,,,
Turkey,Denizli,,,,,,
China,Dinghai,,,,,,
Russian Federation,Dobryanka,,,,,,
Czechia,Olomouc,,,,,,
Colombia,Orito,,,,,,
India,Paithan,,,,,,
Hungary,Papa,,,,,,
France,Papeete,,,,,,
Brazil,Peabiru,,,,,,
India,Peddapalli,,,,,,
United States of America,Pendleton,,,,,,
Russian Federation,Perm,,,,,,
Mexico,Pinotepa Nacional,,,,,,
France,Plaisir,,,,,,
United States of America,Pompton Lakes,,,,,,
Colombia,Ponedera,,,,,,
Italy,Pordenone,,,,,,
United States of America,Port Washington,,,,,,
Unknown,Wewak,,,,,,
China,Xunchang,,,,,,
United States of America,Yauco,,,,,,
Russian Federation,Yefremov,,,,,,
Russian Federation,Yeniseysk,,,,,,
China,Yingko,,,,,,
Unknown,Ystad,,,,,,
Poland,Zlotow,,,,,,
Russian Federation,Vladimir,,,,,,
Russian Federation,Voronezh,,,,,,
Russian Federation,Voskresensk,,,,,,
Netherlands,Waalre,,,,,,
United States of America,Wadsworth,,,,,,
United States of America,Wakefield,,,,,,
Germany,Weil Der Stadt,,,,,,
Netherlands,Woensdrecht,,,,,,
United Kingdom of Great Britain and Northern Ireland,Kirkintilloch,,,,,,
Hungary,Kisvarda,,,,,,
India,Kolaras,,,,,,
Uganda,Kotido,,,,,,
Germany,Kronshagen,,,,,,
South Africa,Kroonstad,,,,,,
Belgium,Kruibeke,,,,,,
India,Kunda,,,,,,
United States of America,Lake Station,,,,,,
India,Lakhnadon,,,,,,
Indonesia,Lembang,,,,,,
Botswana,Letlhakane,,,,,,
United States of America,Levittown,,,,,,
Latvia,Livani,,,,,,
Philippines,Lucban,,,,,,
Ecuador,Machachi,,,,,,
Japan,Imabari,,,,,,
Kenya,Isiolo,,,,,,
Brazil,Itapage,,,,,,
Zambia,Kabwe,,,,,,
Egypt,Gizeh,,,,,,
Japan,Gosen,,,,,,
United States of America,Graham,,,,,,
Mexico,Guamuchil,,,,,,
Spain,Guimar,,,,,,
Canada,Hauterive,,,,,,
Russian Federation,Heihe,,,,,,
India,Hinjilikatu,,,,,,
Japan,Hirakata,,,,,,
Brazil,Paranaiba,,,,,,
United States of America,Pearl River,,,,,,
Portugal,Perafita,,,,,,
France,Perpignan,,,,,,
Italy,Omegna,,,,,,
United States of America,Oshkosh,,,,,,
Croatia,Osijek,,,,,,
Italy,Paceco,,,,,,
India,Omalur,,,,,,
United States of America,Palm Beach Gardens,,,,,,
South Africa,Burgersdorp,,,,,,
Brazil,Capao Bonito,,,,,,
United States of America,Cape Coral,,,,,,
Italy,Castel Volturno,,,,,,
Mexico,Chalco,,,,,,
India,Baldeo,,,,,,
India,Basmat,,,,,,
Cuba,Bayamo,,,,,,
India,Bharthana,,,,,,
Unknown,Birkenhead,,,,,,
Dominican Republic,Bonao,,,,,,
Germany,Bretten,,,,,,
Italy,Altopascio,,,,,,
Benin,Aplahoue,,,,,,
France,Auxerre,,,,,,
United States of America,Avenel,,,,,,
India,Ayakudi,,,,,,
Germany,Bad Reichenhall,,,,,,
Russian Federation,Kugesi,,,,,,
Slovakia,Kysucke Nove Mesto,,,,,,
Mexico,La Ceiba,,,,,,
Venezuela (Bolivarian Republic of),La Dolorita,,,,,,
France,La Possession,,,,,,
Japan,Kobe,,,,,,
South Africa,Kokstad,,,,,,
Russian Federation,Konakovo,,,,,,
Russian Federation,Kondrovo,,,,,,
Japan,Kosugi,,,,,,
United States of America,Schertz,,,,,,
Brazil,Serra,,,,,,
Pakistan,Shahpur Chakar,,,,,,
India,Dhrol,,,,,,
Israel,Dimona,,,,,,
France,Douai,,,,,,
Germany,Duisburg,,,,,,
United States of America,Eagle,,,,,,
United States of America,East Moline,,,,,,
Germany,Eckernforde,,,,,,
United States of America,Effingham,,,,,,
Australia,Maryborough,,,,,,
United Republic of Tanzania,Mazinde,,,,,,
Romania,Medias,,,,,,
Spain,Melilla,,,,,,
China,Miyang,,,,,,
Cuba,Moa,,,,,,
Zambia,Mongu,,,,,,
Colombia,Montelibano,,,,,,
Germany,Muhlheim,,,,,,
Unknown,Muisne,,,,,,
United States of America,Nacogdoches,,,,,,
Denmark,Nakskov,,,,,,
Germany,Neu Wulmstorf,,,,,,
Italy,Nocera Inferiore,,,,,,
Papua New Guinea,Lae,,,,,,
Cyprus,Lemesos,,,,,,
Russian Federation,Leninkent,,,,,,
Russian Federation,Leninsk Kuznetskiy,,,,,,
United Kingdom of Great Britain and Northern Ireland,Letchworth,,,,,,
France,Lille,,,,,,
China,Linkou,,,,,,
Romania,Lipova,,,,,,
United States of America,Little Falls,,,,,,
France,Longwy,,,,,,
India,Loyabad,,,,,,
China,Macheng,,,,,,
Ireland,Malahide,,,,,,
India,Manwath,,,,,,
Tunisia,Manzil Jamil,,,,,,
Argentina,Mar Del Plata,,,,,,
United Republic of Tanzania,Ilongero,,,,,,
Brazil,Ipaba,,,,,,
United States of America,Irving,,,,,,
Italy,Isola Della Scala,,,,,,
Nepal,Itahari,,,,,,
Mexico,Jalostotitlan,,,,,,
India,Karera,,,,,,
India,Kasba,,,,,,
Malawi,Kasungu,,,,,,
Poland,Kobylka,,,,,,
United States of America,Jefferson,,,,,,
France,Juvisy Sur Orge,,,,,,
India,Visnagar,,,,,,
Germany,Walldorf,,,,,,
Germany,Weilburg,,,,,,
United States of America,Wilbraham,,,,,,
United States of America,Wilsonville,,,,,,
Germany,Wittmund,,,,,,
Germany,Wolfen,,,,,,
China,Xingcheng,,,,,,
Russian Federation,Yakhroma,,,,,,
Ukraine,Yalta,,,,,,
Brazil,Rosario Oeste,,,,,,
Serbia,Ruma,,,,,,
Poland,Rybnik,,,,,,
Canada,Saint Jerome,,,,,,
Brazil,Santo Antonio De Padua,,,,,,
Brazil,Sao Miguel Do Iguacu,,,,,,
Brazil,Sao Sebastiao,,,,,,
India,Savanur,,,,,,
United States of America,Selden,,,,,,
India,Shahjahanpur,,,,,,
Poland,Otwock,,,,,,
United States of America,Pascagoula,,,,,,
Brazil,Paulo Afonso,,,,,,
Canada,Penticton,,,,,,
Russian Federation,Penza,,,,,,
Bangladesh,Phultala,,,,,,
Colombia,Puerto Lopez,,,,,,
Poland,Raciborz,,,,,,
China,Shizilu,,,,,,
Colombia,Sogamoso,,,,,,
Thailand,Sungai Padi,,,,,,
Poland,Szczecinek,,,,,,
Philippines,Talibon,,,,,,
India,Tarn Taran,,,,,,
United States of America,Tarrytown,,,,,,
United States of America,North Chicago,,,,,,
United Republic of Tanzania,Nyamuswa,,,,,,
Italy,Oderzo,,,,,,
Latvia,Ogre,,,,,,
Russian Federation,Starodub,,,,,,
United States of America,Sugar Land,,,,,,
Russian Federation,Yaroslavl,,,,,,
Afghanistan,Zaranj,,,,,,
Russian Federation,Zavitinsk,,,,,,
Ukraine,Zhovti Vody,,,,,,
India,Addanki,,,,,,
Turkey,Afyonkarahisar,,,,,,
Malawi,Salima,,,,,,
United States of America,Oneonta,,,,,,
United States of America,Paramus,,,,,,
Russian Federation,Pechory,,,,,,
Montenegro,Pljevlja,,,,,,
Brazil,Ponta Pora,,,,,,
Brazil,Pontes E Lacerda,,,,,,
Canada,Port Alberni,,,,,,
Myanmar,Pyu,,,,,,
Central African Republic,Rafai,,,,,,
India,Ranavav,,,,,,
Lithuania,Raseiniai,,,,,,
United States of America,Reisterstown,,,,,,
United States of America,Sammamish,,,,,,
United States of America,Seatac,,,,,,
Sierra Leone,Segbwema,,,,,,
Malaysia,Serendah,,,,,,
Russian Federation,Seversk,,,,,,
Russian Federation,Shchigry,,,,,,
Netherlands,Amstelveen,,,,,,
Netherlands,Anna Paulowna,,,,,,
Philippines,Apalit,,,,,,
Russian Federation,Losino Petrovskiy,,,,,,
United States of America,Lowell,,,,,,
India,Ludhiana,,,,,,
Kenya,Marsabit,,,,,,
United Republic of Tanzania,Matongo,,,,,,
Senegal,Mbour,,,,,,
Indonesia,Mendahara,,,,,,
Belarus,Lida,,,,,,
India,Madanapalle,,,,,,
Philippines,Magallon,,,,,,
Mali,Sikasso,,,,,,
Slovenia,Skofja Loka,,,,,,
United States of America,Stephenville,,,,,,
Indonesia,Subang,,,,,,
Poland,Sulecin,,,,,,
Czechia,Podebrady,,,,,,
Indonesia,Pangkah,,,,,,
Guatemala,Pastores,,,,,,
Russian Federation,Peschanokopskoye,,,,,,
United Republic of Tanzania,Usagara,,,,,,
France,Ussel,,,,,,
Netherlands,Valkenburg,,,,,,
Latvia,Valmiera,,,,,,
India,Vasai,,,,,,
Russian Federation,Vasyurinskaya,,,,,,
United States of America,Vermillion,,,,,,
Unknown,Viareggio,,,,,,
United States of America,Sunrise Manor,,,,,,
Indonesia,Surakarta,,,,,,
Russian Federation,Suzun,,,,,,
India,Talgram,,,,,,
Russian Federation,Talovaya,,,,,,
United States of America,San Juan Capistrano,,,,,,
Brazil,Santana Do Acarau,,,,,,
Brazil,Sao Joao Batista,,,,,,
India,Vikramasingapuram,,,,,,
France,Villeneuve Loubet,,,,,,
India,Virudunagar,,,,,,
South Africa,Volksrust,,,,,,
China,Wanxian,,,,,,
Mexico,San Antonio De La Cal,,,,,,
Italy,San Severo,,,,,,
India,Sangod,,,,,,
Brazil,Santa Cecilia,,,,,,
Germany,Schorndorf,,,,,,
Turkey,Selcuk,,,,,,
Belgium,Seraing,,,,,,
Germany,Nordhausen,,,,,,
France,Olivet,,,,,,
Brazil,Osvaldo Cruz,,,,,,
Czechia,Varnsdorf,,,,,,
India,Vattalkundu,,,,,,
Canada,Trois Rivieres,,,,,,
Russian Federation,Tyazhinskiy,,,,,,
Brazil,Uba,,,,,,
Brazil,Uberlandia,,,,,,
Czechia,Uhersky Brod,,,,,,
Germany,Werneck,,,,,,
United States of America,Westlake,,,,,,
Mexico,Xoxtla,,,,,,
Libya,Yafran,,,,,,
France,Villemomble,,,,,,
United States of America,Waipahu,,,,,,
Japan,Wako,,,,,,
United States of America,Lindenhurst,,,,,,
United Republic of Tanzania,Liwale,,,,,,
United States of America,Lorain,,,,,,
Russian Federation,Magadan,,,,,,
Madagascar,Mahajanga,,,,,,
Japan,Makabe,,,,,,
Guinea,Mamou,,,,,,
China,Laibin,,,,,,
United States of America,Lake Charles,,,,,,
Unknown,Le Gosier,,,,,,
United States of America,Leander,,,,,,
Germany,Lengerich,,,,,,
Republic of Moldova,Leova,,,,,,
Kenya,Kilifi,,,,,,
Kenya,Kitale,,,,,,
Poland,Krosno Odrzanskie,,,,,,
Russian Federation,Kyshtym,,,,,,
Brazil,Lagoa Formosa,,,,,,
India,Kampli,,,,,,
Japan,Kannabe,,,,,,
Russian Federation,Kavalerovo,,,,,,
South Africa,Johannesburg,,,,,,
Central African Republic,Kabo,,,,,,
Japan,Kameda,,,,,,
Pakistan,Ranipur,,,,,,
Thailand,Roi Et,,,,,,
Italy,Ronchi Dei Legionari,,,,,,
Portugal,Sao Joao Da Madeira,,,,,,
Nigeria,Shaki,,,,,,
China,Shangqiu,,,,,,
United States of America,Shawnee,,,,,,
Thailand,Pak Kret,,,,,,
Pakistan,Pakpattan,,,,,,
Brazil,Parati,,,,,,
Russian Federation,Pavlovsk,,,,,,
United Kingdom of Great Britain and Northern Ireland,Peterhead,,,,,,
Indonesia,Ponorogo,,,,,,
United States of America,Portage,,,,,,
United States of America,Pueblo,,,,,,
United States of America,Solon,,,,,,
United States of America,South San Jose Hills,,,,,,
Romania,Sovata,,,,,,
Switzerland,Steffisburg,,,,,,
United States of America,Stillwater,,,,,,
Jordan,Suf,,,,,,
Pakistan,Sukkur,,,,,,
Sweden,Sundsvall,,,,,,
Canada,Swift Current,,,,,,
Brazil,Tabuleiro Do Norte,,,,,,
Peru,Tambopata,,,,,,
Indonesia,Tanjung Morawa,,,,,,
Georgia,Tbilisi,,,,,,
United States of America,Temple City,,,,,,
India,Thoubal,,,,,,
Netherlands,Tilburg,,,,,,
India,Titlagarh,,,,,,
Mexico,Tizayuca,,,,,,
India,Tohana,,,,,,
Slovakia,Trebisov,,,,,,
Democratic Republic of the Congo,Tshela,,,,,,
Georgia,Tskaltubo,,,,,,
Austria,Tulln,,,,,,
Turkmenistan,Turkmenabat,,,,,,
Germany,Twistringen,,,,,,
Russian Federation,Uglegorsk,,,,,,
South Africa,Uitenhage,,,,,,
India,Umred,,,,,,
Pakistan,Usta Muhammad,,,,,,
Poland,Ustron,,,,,,
United States of America,Uvalde,,,,,,
India,Vallam,,,,,,
United States of America,Ventnor City,,,,,,
China,Shima,,,,,,
Serbia,Sjenica,,,,,,
Belgium,Soignies,,,,,,
Colombia,Miranda,,,,,,
Colombia,Mompos,,,,,,
Germany,Montabaur,,,,,,
Italy,Montegranaro,,,,,,
France,Montigny Les Metz,,,,,,
Spain,Montornes Del Valles,,,,,,
United States of America,Mount Kisco,,,,,,
United States of America,Muskegon,,,,,,
United States of America,Martinez,,,,,,
Mexico,Matehuala,,,,,,
Myanmar,Meiktila,,,,,,
India,Melur,,,,,,
Unknown,Mersin,,,,,,
India,Methala,,,,,,
Germany,Marktoberdorf,,,,,,
Brazil,Martinopolis,,,,,,
Germany,Melsungen,,,,,,
Germany,Mering,,,,,,
Mozambique,Mocuba,,,,,,
Brazil,Montenegro,,,,,,
Germany,Murnau,,,,,,
Australia,Murray Bridge,,,,,,
Ecuador,Naranjal,,,,,,
Botswana,Kanye,,,,,,
India,Keshod,,,,,,
India,Kharar,,,,,,
United States of America,North Plainfield,,,,,,
United States of America,North Wantagh,,,,,,
Hungary,Nyirbator,,,,,,
United States of America,Mercer Island,,,,,,
Germany,Hilpoltstein,,,,,,
Australia,Hobart,,,,,,
Germany,Hohenstein Ernstthal,,,,,,
United States of America,Holtsville,,,,,,
United Republic of Tanzania,Ilula,,,,,,
India,Indri,,,,,,
Australia,Innisfail,,,,,,
Central African Republic,Ippy,,,,,,
United States of America,Irmo,,,,,,
Spain,Irun,,,,,,
Mexico,Jaral Del Progreso,,,,,,
Belgium,Grobbendonk,,,,,,
Unknown,Grover Beach,,,,,,
Russian Federation,Gryazovets,,,,,,
France,Guebwiller,,,,,,
Germany,Haigerloch,,,,,,
Hungary,Hajduboszormeny,,,,,,
United Kingdom of Great Britain and Northern Ireland,Havant,,,,,,
United States of America,Haverhill,,,,,,
United States of America,Herndon,,,,,,
United States of America,Hickory,,,,,,
Ukraine,Ordzhonikidze,,,,,,
India,Palghar,,,,,,
Uruguay,Pando,,,,,,
Mexico,Paraiso,,,,,,
Mexico,Periban,,,,,,
Sudan,Sawakin,,,,,,
Russian Federation,Severskaya,,,,,,
India,Chirawa,,,,,,
India,Churachandpur,,,,,,
Russian Federation,Chusovoy,,,,,,
Bolivia (Plurinational State of),Cochabamba,,,,,,
Romania,Comarnic,,,,,,
Italy,Corciano,,,,,,
Mexico,Culiacan,,,,,,
Hungary,Dabas,,,,,,
United States of America,Bedford Heights,,,,,,
United States of America,Bemidji,,,,,,
Ukraine,Beryslav,,,,,,
India,Betul,,,,,,
Pakistan,Bhopalwala,,,,,,
India,Bhuj,,,,,,
Democratic Republic of the Congo,Boende,,,,,,
Poland,Boguszow Gorce,,,,,,
Germany,Braunau,,,,,,
Brazil,Campos Sales,,,,,,
Spain,Cangas,,,,,,
France,Castelnaudary,,,,,,
Australia,Bairnsdale,,,,,,
Indonesia,Baki,,,,,,
Germany,Bamberg,,,,,,
India,Banswara,,,,,,
United Kingdom of Great Britain and Northern Ireland,Broxburn,,,,,,
Italy,Brusciano,,,,,,
Angola,Caala,,,,,,
Venezuela (Bolivarian Republic of),Cabimas,,,,,,
United States of America,Calexico,,,,,,
Sweden,Ostersund,,,,,,
India,Pahasu,,,,,,
India,Panaji,,,,,,
Malaysia,Pantai Remis,,,,,,
India,Pathalgaon,,,,,,
Poland,Pleszew,,,,,,
United Kingdom of Great Britain and Northern Ireland,Pontefract,,,,,,
Senegal,Pout,,,,,,
Romania,Pucioasa,,,,,,
India,Punahana,,,,,,
Israel,Qiryat Shemona,,,,,,
United States of America,Saint Peter,,,,,,
France,Saint Jean De La Ruelle,,,,,,
Thailand,Rayong,,,,,,
United States of America,Reedley,,,,,,
Brazil,Riacho De Santana,,,,,,
India,Rishikesh,,,,,,
Uzbekistan,Romitan,,,,,,
Germany,Siegburg,,,,,,
Sudan,Sinnar,,,,,,
Serbia,Smederevo,,,,,,
Lithuania,Plunge,,,,,,
Portugal,Pontinha,,,,,,
United Kingdom of Great Britain and Northern Ireland,Prestwich,,,,,,
Brazil,Prudentopolis,,,,,,
Turkey,Bahce,,,,,,
Thailand,Bang Saphan,,,,,,
India,Baramula,,,,,,
Unknown,Barawe,,,,,,
Poland,Bartoszyce,,,,,,
France,Begles,,,,,,
United States of America,Bethpage,,,,,,
India,Bijni,,,,,,
Russian Federation,Borodino,,,,,,
United States of America,Bridgeport,,,,,,
Australia,Caboolture,,,,,,
Colombia,Cali,,,,,,
United States of America,Campbellsville,,,,,,
France,Carcassonne,,,,,,
United Kingdom of Great Britain and Northern Ireland,Chapeltown,,,,,,
United Republic of Tanzania,Chato,,,,,,
Guatemala,Chisec,,,,,,
Cuba,Cienfuegos,,,,,,
New Zealand,Gisborne,,,,,,
Russian Federation,Gorodovikovsk,,,,,,
Russian Federation,Gramoteino,,,,,,
Canada,Grand Centre,,,,,,
Brazil,Guararapes,,,,,,
Russian Federation,Gudermes,,,,,,
China,Hanting,,,,,,
India,Haridwar,,,,,,
China,Hengshan,,,,,,
United States of America,Hybla Valley,,,,,,
Nigeria,Ife,,,,,,
Nigeria,Ifo,,,,,,
Pakistan,Isa Khel,,,,,,
Turkey,Islahiye,,,,,,
India,Jhabua,,,,,,
India,Jugsalai,,,,,,
Turkmenistan,Kaka,,,,,,
India,Kavali,,,,,,
United States of America,Keizer,,,,,,
United States of America,Stuart,,,,,,
Venezuela (Bolivarian Republic of),San Joaquin,,,,,,
Italy,Santa Maria Capua Vetere,,,,,,
Brazil,Santa Vitoria Do Palmar,,,,,,
Brazil,Sao Raimundo Nonato,,,,,,
Germany,Selb,,,,,,
France,Vieux Conde,,,,,,
Portugal,Vila Franca De Xira,,,,,,
Brazil,Vilhena,,,,,,
Germany,Waltershausen,,,,,,
United States of America,Washington,,,,,,
India,Khuldabad,,,,,,
Russian Federation,Kraskovo,,,,,,
Ukraine,Kremenchuk,,,,,,
India,Krishnagiri,,,,,,
Germany,Kurten,,,,,,
Kazakhstan,Kuryk,,,,,,
Guatemala,La Gomera,,,,,,
Honduras,La Paz,,,,,,
Brazil,Lages,,,,,,
Germany,Langerwehe,,,,,,
India,Lathi,,,,,,
United States of America,Lemont,,,,,,
Burkina Faso,Leo,,,,,,
China,Linping,,,,,,
Poland,Lipno,,,,,,
France,Lourdes,,,,,,
Turkey,Luleburgaz,,,,,,
United States of America,Lynden,,,,,,
United Kingdom of Great Britain and Northern Ireland,Maesteg,,,,,,
Canada,Magog,,,,,,
Brazil,Manaus,,,,,,
India,Manvi,,,,,,
United States of America,Gloversville,,,,,,
Hungary,God,,,,,,
United States of America,Goleta,,,,,,
United States of America,Fredericksburg,,,,,,
Germany,Friedrichsdorf,,,,,,
Germany,Dormagen,,,,,,
United States of America,Dover,,,,,,
United States of America,East Patchogue,,,,,,
United States of America,Eastpointe,,,,,,
Equatorial Guinea,Ebebiyin,,,,,,
Spain,El Astillero,,,,,,
Mexico,El Quince,,,,,,
United Kingdom of Great Britain and Northern Ireland,Chelmsford,,,,,,
Russian Federation,Chernenko,,,,,,
Ukraine,Chernivtsi,,,,,,
France,Cognac,,,,,,
India,Contai,,,,,,
Dominican Republic,Cotui,,,,,,
Mexico,Coyotepec,,,,,,
Ecuador,Cuenca,,,,,,
Netherlands,Dalfsen,,,,,,
India,Dibrugarh,,,,,,
United States of America,Dodge City,,,,,,
Slovenia,Domzale,,,,,,
Sri Lanka,Dambulla,,,,,,
Australia,Deception Bay,,,,,,
India,Dhar,,,,,,
India,Dinanagar,,,,,,
Japan,Ise,,,,,,
Brazil,Itabira,,,,,,
United States of America,Hillsboro,,,,,,
Iraq,Hit,,,,,,
Colombia,Ibague,,,,,,
Russian Federation,Orlovskiy,,,,,,
India,Panapakkam,,,,,,
France,Rosny Sous Bois,,,,,,
France,Saint Gaudens,,,,,,
Paraguay,San Juan Bautista,,,,,,
Romania,Santana,,,,,,
Brazil,Sao Raimundo Das Mangabeiras,,,,,,
Brazil,Sao Vicente,,,,,,
Brazil,Parelhas,,,,,,
United States of America,Parma Heights,,,,,,
Indonesia,Pasuruan,,,,,,
Italy,Paterno,,,,,,
India,Pauri,,,,,,
Brazil,Pedreiras,,,,,,
United States of America,Pierre,,,,,,
United States of America,Plano,,,,,,
Indonesia,Plered,,,,,,
Albania,Polican,,,,,,
Italy,Pompei,,,,,,
India,Sasni,,,,,,
Ghana,Sekondi,,,,,,
India,Shaikhpura,,,,,,
India,Shamli,,,,,,
Sweden,Skara,,,,,,
Russian Federation,Slyudyanka,,,,,,
United States of America,Soddy Daisy,,,,,,
Russian Federation,Staryy Oskol,,,,,,
Unknown,Copenhagen,,,,,,
Italy,Corleone,,,,,,
Paraguay,Coronel Oviedo,,,,,,
United States of America,Coshocton,,,,,,
United States of America,Cranford,,,,,,
Romania,Curtea De Arges,,,,,,
India,Daboh,,,,,,
Pakistan,Pindi Gheb,,,,,,
Peru,Piura,,,,,,
Colombia,Pivijay,,,,,,
India,Pokaran,,,,,,
Canada,Port Huron,,,,,,
Italy,Riposto,,,,,,
United States of America,Rochester,,,,,,
Thailand,Trang,,,,,,
Germany,Traunstein,,,,,,
United States of America,Traverse City,,,,,,
Sri Lanka,Trincomalee,,,,,,
Norway,Tromso,,,,,,
United Kingdom of Great Britain and Northern Ireland,Trowbridge,,,,,,
United Republic of Tanzania,Tukuyu,,,,,,
Sweden,Tumba,,,,,,
Brazil,Tupaciguara,,,,,,
Myanmar,Twante,,,,,,
India,Udpura,,,,,,
Hungary,Ullo,,,,,,
Malaysia,Ulu Tiram,,,,,,
Thailand,Uthai Thani,,,,,,
United States of America,Vernon,,,,,,
Spain,Vicar,,,,,,
Russian Federation,Vidnoye,,,,,,
Ecuador,Tena,,,,,,
Republic of North Macedonia,Tetovo,,,,,,
Brazil,Tibagi,,,,,,
France,Vierzon,,,,,,
Italy,Vimercate,,,,,,
New Zealand,Wanganui,,,,,,
Belgium,Waregem,,,,,,
United States of America,Waupun,,,,,,
India,Deori,,,,,,
India,Dindori,,,,,,
United States of America,Knoxville,,,,,,
Belgium,Kortrijk,,,,,,
France,Lamballe,,,,,,
Uruguay,Las Piedras,,,,,,
Italy,Latina,,,,,,
Italy,Lerici,,,,,,
Italy,Lurate Caccivio,,,,,,
Russian Federation,Lyangasovo,,,,,,
Philippines,Mabalacat,,,,,,
Turkey,Ergani,,,,,,
Ecuador,Esmeraldas,,,,,,
Germany,Essenbach,,,,,,
Afghanistan,Farah,,,,,,
Romania,Filipestii De Padure,,,,,,
China,Dongdu,,,,,,
France,Ecully,,,,,,
Kenya,Embu,,,,,,
Philippines,Goa,,,,,,
India,Golaghat,,,,,,
Germany,Gottingen,,,,,,
Brazil,Guara,,,,,,
India,Gumia,,,,,,
India,Gummidipundi,,,,,,
United Kingdom of Great Britain and Northern Ireland,Hawick,,,,,,
Germany,Hofheim,,,,,,
China,Huangzhou,,,,,,
United States of America,Fishers,,,,,,
Colombia,Florencia,,,,,,
United States of America,Fort Pierce,,,,,,
China,Foshan,,,,,,
Japan,Fujisawa,,,,,,
France,Gaillard,,,,,,
Russian Federation,Galich,,,,,,
Nepal,Gaur,,,,,,
Nigeria,Gboko,,,,,,
Belgium,Ath,,,,,,
India,Attingal,,,,,,
Morocco,Azimur,,,,,,
Philippines,Baao,,,,,,
Sudan,Babanusah,,,,,,
Unknown,Bacoli,,,,,,
Philippines,Bacoor,,,,,,
Brazil,Anapolis,,,,,,
Italy,Arcore,,,,,,
Brazil,Acajutiba,,,,,,
Italy,Adelfia,,,,,,
Azerbaijan,Agdas,,,,,,
Portugal,Aguas Santas,,,,,,
Pakistan,Sillanwali,,,,,,
Armenia,Sisian,,,,,,
India,Siyana,,,,,,
Russian Federation,Satka,,,,,,
India,Satrikh,,,,,,
Italy,Savigliano,,,,,,
Portugal,Setubal,,,,,,
Russian Federation,Sharya,,,,,,
India,Shahpur,,,,,,
Germany,Karlsfeld,,,,,,
Japan,Kawagoe,,,,,,
India,Kemri,,,,,,
India,Khurda,,,,,,
India,Kichha,,,,,,
Nigeria,Kishi,,,,,,
China,Kuche,,,,,,
Turkey,Kutahya,,,,,,
Unknown,La Rochelle,,,,,,
Spain,Laguna De Duero,,,,,,
Germany,Dossenheim,,,,,,
South Africa,Deneysville,,,,,,
India,Dharur,,,,,,
India,Dindigul,,,,,,
China,Dingtao,,,,,,
Russian Federation,Nevelsk,,,,,,
United States of America,New Hope,,,,,,
Indonesia,Ngawen,,,,,,
India,Nichlaul,,,,,,
India,Nirmal,,,,,,
Congo,Nkayi,,,,,,
United States of America,Middle River,,,,,,
Poland,Miedzychod,,,,,,
Philippines,Minalin,,,,,,
Botswana,Moshupa,,,,,,
Romania,Motru,,,,,,
Hungary,Nagykata,,,,,,
Brazil,Nova Lima,,,,,,
Nigeria,Ogbomosho,,,,,,
Italy,Nicosia,,,,,,
Cameroon,Nkongsamba,,,,,,
France,Nogent Sur Marne,,,,,,
Czechia,Nymburk,,,,,,
Russian Federation,Oboyan,,,,,,
United States of America,Fenton,,,,,,
United States of America,Ferguson,,,,,,
Romania,Filiasi,,,,,,
Russian Federation,Gatchina,,,,,,
Germany,Geseke,,,,,,
Benin,Tchaourou,,,,,,
India,Thrissur,,,,,,
India,Tindwari,,,,,,
Poland,Torun,,,,,,
France,Tournon Sur Rhone,,,,,,
Japan,Toyo,,,,,,
Brazil,Unai,,,,,,
South Africa,Upington,,,,,,
Czechia,Veseli Nad Moravou,,,,,,
Cuba,Pinar Del Rio,,,,,,
Unknown,Port Lincoln,,,,,,
Unknown,Premia De Mar,,,,,,
Poland,Pszow,,,,,,
Mexico,Puebla,,,,,,
Indonesia,Pundong,,,,,,
Ukraine,Malyn,,,,,,
Italy,Mantova,,,,,,
United States of America,Maple Heights,,,,,,
Italy,Susegana,,,,,,
Brazil,Tabira,,,,,,
Philippines,Taloc,,,,,,
Brazil,Sorocaba,,,,,,
United States of America,Southlake,,,,,,
Switzerland,Stafa,,,,,,
Guatemala,Suchiate,,,,,,
China,Zhifang,,,,,,
Poland,Zory,,,,,,
Germany,Zweibrucken,,,,,,
China,Mudu,,,,,,
Unknown,Nauplion,,,,,,
Greece,Nea Ionia,,,,,,
Mexico,Nextlalpan,,,,,,
Suriname,Nieuw Nickerie,,,,,,
Iran (Islamic Republic of),Lahijan,,,,,,
France,Lanester,,,,,,
United States of America,Mill Valley,,,,,,
Iran (Islamic Republic of),Minudasht,,,,,,
Zambia,Mkushi,,,,,,
Bulgaria,Montana,,,,,,
China,Lishu,,,,,,
United States of America,Logansport,,,,,,
Azerbaijan,Lokbatan,,,,,,
Colombia,Los Palmitos,,,,,,
Venezuela (Bolivarian Republic of),Los Rastrojos,,,,,,
Japan,Machida,,,,,,
Philippines,Majayjay,,,,,,
Brazil,Mascote,,,,,,
Brazil,Massape,,,,,,
United Kingdom of Great Britain and Northern Ireland,Matlock,,,,,,
Myanmar,Maubin,,,,,,
Russian Federation,Mendeleyevsk,,,,,,
Brazil,Novo Horizonte,,,,,,
Italy,Nuoro,,,,,,
Nigeria,Ogaminana,,,,,,
Brazil,Conceicao Da Barra,,,,,,
Hungary,Csongrad,,,,,,
Mexico,Cuitlahuac,,,,,,
India,Ganjam,,,,,,
Mexico,Garcia,,,,,,
Belgium,Genk,,,,,,
Afghanistan,Geresk,,,,,,
Japan,Iwakuni,,,,,,
Japan,Godo,,,,,,
Brazil,Goianesia,,,,,,
Switzerland,Gossau,,,,,,
Central African Republic,Grimari,,,,,,
Italy,Gualdo Tadino,,,,,,
India,Haldia,,,,,,
Germany,Heidenau,,,,,,
Kenya,Kakamega,,,,,,
China,Huangpi,,,,,,
China,Hushitai,,,,,,
Poland,Jaslo,,,,,,
Poland,Deblin,,,,,,
Ukraine,Derazhnya,,,,,,
Pakistan,Dipalpur,,,,,,
Uruguay,Durazno,,,,,,
United States of America,East Grand Rapids,,,,,,
United Kingdom of Great Britain and Northern Ireland,Edinburgh,,,,,,
India,Ellenabad,,,,,,
United States of America,Wilmington,,,,,,
United States of America,Wilton Manors,,,,,,
Indonesia,Wonopringgo,,,,,,
China,Xuanwu,,,,,,
Italy,Vignola,,,,,,
South Africa,Viljoenskroon,,,,,,
Italy,Villaricca,,,,,,
Germany,Vreden,,,,,,
Switzerland,Wallisellen,,,,,,
India,Wani,,,,,,
Pakistan,Wazirabad,,,,,,
Russian Federation,Kirovo Chepetsk,,,,,,
Germany,Konigs Wusterhausen,,,,,,
Japan,Koshigaya,,,,,,
Sri Lanka,Kotikawatta,,,,,,
Belgium,La Louviere,,,,,,
Mexico,La Poza,,,,,,
Albania,Lac,,,,,,
United States of America,Lynnwood,,,,,,
Unknown,Madre De Deus,,,,,,
Hungary,Maglod,,,,,,
Indonesia,Majenang,,,,,,
Romania,Maneciu,,,,,,
Chad,Mao,,,,,,
Romania,Marasesti,,,,,,
Italy,Mascalucia,,,,,,
China,Mata,,,,,,
Mexico,Matamoros,,,,,,
Nicaragua,Mateare,,,,,,
Philippines,Mati,,,,,,
Japan,Matsudo,,,,,,
United States of America,Mayaguez,,,,,,
United States of America,Menomonie,,,,,,
Peru,Soritor,,,,,,
Venezuela (Bolivarian Republic of),Acarigua,,,,,,
El Salvador,Ahuachapan,,,,,,
India,Aligarh,,,,,,
India,Amanpur,,,,,,
Unknown,Apia,,,,,,
Brazil,Aracoiaba Da Serra,,,,,,
Brazil,Araripina,,,,,,
Canada,Baie Comeau,,,,,,
United Kingdom of Great Britain and Northern Ireland,Basingstoke,,,,,,
Netherlands,Bemmel,,,,,,
France,Bollene,,,,,,
Netherlands,Borsele,,,,,,
India,Chhapar,,,,,,
India,Chikodi,,,,,,
Peru,Chongoyape,,,,,,
Spain,Ciempozuelos,,,,,,
Indonesia,Cikampek,,,,,,
Italy,Cisternino,,,,,,
Romania,Calinesti,,,,,,
Italy,Campi Salentina,,,,,,
Angola,Caxito,,,,,,
Russian Federation,Megion,,,,,,
Brazil,Messias,,,,,,
United Kingdom of Great Britain and Northern Ireland,Middlesbrough,,,,,,
United States of America,Midlothian,,,,,,
South Africa,Mogwase,,,,,,
Chad,Moussoro,,,,,,
India,Nanjangud,,,,,,
Brazil,Paulista,,,,,,
Germany,Penzberg,,,,,,
Russian Federation,Salavat,,,,,,
Unknown,Salou,,,,,,
Brazil,Orlandia,,,,,,
Burkina Faso,Ouagadougou,,,,,,
Germany,Reiskirchen,,,,,,
Colombia,Repelon,,,,,,
United States of America,Ridge,,,,,,
Russian Federation,Valuyki,,,,,,
Greece,Vari,,,,,,
France,Vaureal,,,,,,
Japan,Yamaga,,,,,,
United States of America,Yukon,,,,,,
France,Yvetot,,,,,,
Greece,Zakinthos,,,,,,
Germany,Troisdorf,,,,,,
Serbia,Trstenik,,,,,,
Poland,Trzebiatow,,,,,,
China,Tsaotun,,,,,,
Spain,Ubeda,,,,,,
India,Udayagiri,,,,,,
Finland,Ulvila,,,,,,
Brazil,Teofilo Otoni,,,,,,
India,Tinnanur,,,,,,
India,Tiruttani,,,,,,
Senegal,Tivaouane,,,,,,
Ukraine,Torez,,,,,,
Brazil,Tramandai,,,,,,
India,Jhalawar,,,,,,
China,Jingcheng,,,,,,
Brazil,Joao Camara,,,,,,
India,Kalas,,,,,,
United States of America,Depew,,,,,,
Ireland,Ennis,,,,,,
Denmark,Farum,,,,,,
India,Fatehgarh,,,,,,
Italy,Feltre,,,,,,
United States of America,Florence,,,,,,
Russian Federation,Dzerzhinskiy,,,,,,
Germany,Eltville,,,,,,
Indonesia,Galesong,,,,,,
South Africa,George,,,,,,
Brazil,Belo Jardim,,,,,,
Democratic Republic of the Congo,Beni,,,,,,
United States of America,Benton,,,,,,
United States of America,Bethany,,,,,,
Netherlands,Borne,,,,,,
Philippines,Cabanatuan,,,,,,
Brazil,Campinas,,,,,,
Romania,Agnita,,,,,,
Brazil,Alagoa Grande,,,,,,
Poland,Aleksandrow Lodzki,,,,,,
India,Almora,,,,,,
China,Anbu,,,,,,
France,Antony,,,,,,
Indonesia,Baturaja,,,,,,
Spain,Beasain,,,,,,
Italy,Acri,,,,,,
United States of America,Akron,,,,,,
Canada,Alliston,,,,,,
India,Amalner,,,,,,
Guatemala,Amatitlan,,,,,,
India,Avadi,,,,,,
Greece,Ayios Stefanos,,,,,,
India,Babrala,,,,,,
India,Bachhraon,,,,,,
Burkina Faso,Banfora,,,,,,
Russian Federation,Biysk,,,,,,
Indonesia,Blitar,,,,,,
Switzerland,Bulle,,,,,,
Germany,Bunde,,,,,,
United States of America,Callaway,,,,,,
Unknown,Caorle,,,,,,
Italy,Castenaso,,,,,,
Turkey,Catalca,,,,,,
India,Visavadar,,,,,,
Greece,Volos,,,,,,
Belgium,Wanze,,,,,,
United States of America,West Lake Stevens,,,,,,
Poland,Wladyslawowo,,,,,,
United States of America,Woodbridge,,,,,,
Japan,Yanagawa,,,,,,
Russian Federation,Yekaterinoslavka,,,,,,
India,Yeola,,,,,,
Russian Federation,Yessentuki,,,,,,
Russian Federation,Yeysk,,,,,,
China,Yongan,,,,,,
Mexico,Zinapecuaro,,,,,,
Unknown,Canico,,,,,,
United States of America,Carol City,,,,,,
Brazil,Cha Grande,,,,,,
Thailand,Chiang Kham,,,,,,
Albania,Corovode,,,,,,
Indonesia,Bengkulu,,,,,,
Indonesia,Biak,,,,,,
China,Fulitun,,,,,,
United States of America,Garfield Heights,,,,,,
Brazil,Escada,,,,,,
United States of America,Essex,,,,,,
Mexico,Lazaro Cardenas,,,,,,
France,Le Chambon Feugerolles,,,,,,
Italy,Leghorn,,,,,,
Finland,Lieksa,,,,,,
Slovakia,Lucenec,,,,,,
France,Luneville,,,,,,
United Republic of Tanzania,Lupiro,,,,,,
Brazil,Mairipora,,,,,,
India,Mangalam,,,,,,
Kenya,Maralal,,,,,,
United States of America,Morton,,,,,,
Mexico,Motozintla,,,,,,
Poland,Mragowo,,,,,,
Indonesia,Mundu,,,,,,
Japan,Musashino,,,,,,
Poland,Mysliborz,,,,,,
India,Nalhati,,,,,,
Russian Federation,Neryungri,,,,,,
Netherlands,Nuth,,,,,,
United States of America,Matthews,,,,,,
France,Melun,,,,,,
France,Mericourt,,,,,,
Brazil,Mococa,,,,,,
France,Montceau Les Mines,,,,,,
Brazil,Monte Alegre,,,,,,
Italy,Montegrotto Terme,,,,,,
Belgium,Herve,,,,,,
China,Hongjiang,,,,,,
Unknown,Imperia,,,,,,
Kazakhstan,Inderborskiy,,,,,,
Brazil,Jacarei,,,,,,
Nepal,Janakpur,,,,,,
Romania,Jibou,,,,,,
United States of America,Kingsland,,,,,,
Russian Federation,Kokhma,,,,,,
Thailand,Krathum Baen,,,,,,
Mexico,La Orilla,,,,,,
Malaysia,Labis,,,,,,
Senegal,Kaolack,,,,,,
Pakistan,Shekhupura,,,,,,
Uzbekistan,Soldatskiy,,,,,,
India,Anupgarh,,,,,,
Germany,Apen,,,,,,
Afghanistan,Asadabad,,,,,,
France,Athis Mons,,,,,,
Nigeria,Azare,,,,,,
Russian Federation,Arti,,,,,,
Spain,San Sebastian De Los Reyes,,,,,,
Honduras,Santa Rosa De Copan,,,,,,
Cuba,Santiago De Las Vegas,,,,,,
United Republic of Tanzania,Songwa,,,,,,
Germany,Springe,,,,,,
Germany,Stendal,,,,,,
Romania,Suceava,,,,,,
United States of America,Suffern,,,,,,
India,Sunam,,,,,,
United States of America,Sunbury,,,,,,
Japan,Takaishi,,,,,,
Japan,Takanosu,,,,,,
Poland,Tarnow,,,,,,
Netherlands,Roosendaal,,,,,,
Cuba,Sagua De Tanamo,,,,,,
Venezuela (Bolivarian Republic of),San Antonio Del Tachira,,,,,,
Venezuela (Bolivarian Republic of),San Carlos Del Zulia,,,,,,
Italy,San Mauro Torinese,,,,,,
Brazil,Santa Isabel Do Para,,,,,,
Brazil,Sao Miguel,,,,,,
Brazil,Oliveira,,,,,,
India,Ratnagiri,,,,,,
United States of America,Rolling Meadows,,,,,,
Nigeria,Owo,,,,,,
Serbia,Pancevo,,,,,,
India,Patancheru,,,,,,
Russian Federation,Pavlovskaya,,,,,,
Bulgaria,Pazardzik,,,,,,
Malaysia,Pengkalan Kundang,,,,,,
Viet Nam,Phan Thiet,,,,,,
Thailand,Phan Thong,,,,,,
Brazil,Jaguarari,,,,,,
United States of America,Jennings,,,,,,
Italy,Jesi,,,,,,
Thailand,Kaset Sombun,,,,,,
Iran (Islamic Republic of),Gorgan,,,,,,
United Kingdom of Great Britain and Northern Ireland,Gosport,,,,,,
United States of America,Wentzville,,,,,,
Australia,Wodonga,,,,,,
Germany,Wuppertal,,,,,,
China,Xianyang,,,,,,
Japan,Yasu,,,,,,
Australia,Yeppoon,,,,,,
Unknown,Yokosuka,,,,,,
China,Yungho,,,,,,
Russian Federation,Zelenodolsk,,,,,,
China,Zhaodong,,,,,,
Burkina Faso,Tougan,,,,,,
Côte d'Ivoire,Toulepleu,,,,,,
Russian Federation,Tovarkovo,,,,,,
Turkey,Trabzon,,,,,,
Italy,Troina,,,,,,
India,Udagamandalam,,,,,,
Angola,Uige,,,,,,
Kazakhstan,Ushtobe,,,,,,
India,Vadgaon,,,,,,
United States of America,Vallejo,,,,,,
United States of America,Valley Falls,,,,,,
Bulgaria,Varna,,,,,,
Armenia,Vedi,,,,,,
Slovenia,Velenje,,,,,,
Brazil,Videira,,,,,,
Germany,Vienenburg,,,,,,
Thailand,Taphan Hin,,,,,,
Peru,Tarma,,,,,,
Afghanistan,Taywarah,,,,,,
Mexico,Tehuacan,,,,,,
Spain,Tineo,,,,,,
Spain,Tomares,,,,,,
Ukraine,Volnovakha,,,,,,
Peru,Nazca,,,,,,
France,Neuilly Sur Seine,,,,,,
United States of America,Newberg,,,,,,
Czechia,Nove Mesto Nad Metuji,,,,,,
Germany,Hatten,,,,,,
Belgium,Chaudfontaine,,,,,,
Thailand,Chiang Klang,,,,,,
Romania,Alesd,,,,,,
Philippines,Amungan,,,,,,
United States of America,Andover,,,,,,
Sri Lanka,Anuradhapura,,,,,,
Russian Federation,Arkhara,,,,,,
United States of America,Cloquet,,,,,,
United States of America,College,,,,,,
Portugal,Cova Da Piedade,,,,,,
India,Cumbum,,,,,,
Japan,Ayabe,,,,,,
Romania,Bacau,,,,,,
Ethiopia,Bako,,,,,,
Unknown,Barra Dos Coqueiros,,,,,,
Unknown,Belize,,,,,,
Germany,Bensheim,,,,,,
United States of America,Blytheville,,,,,,
China,Boli,,,,,,
United States of America,Brockville,,,,,,
Unknown,Capesterre Belle Eau,,,,,,
United States of America,Carlsbad,,,,,,
Italy,Casaluce,,,,,,
Brazil,Catole Do Rocha,,,,,,
France,Cergy,,,,,,
United States of America,Yazoo City,,,,,,
China,Yidu,,,,,,
India,Yol,,,,,,
Russian Federation,Zakamensk,,,,,,
Kazakhstan,Zhanatas,,,,,,
Zimbabwe,Zvishavane,,,,,,
United States of America,Westborough,,,,,,
China,Wuxue,,,,,,
Azerbaijan,Xacmaz,,,,,,
Mexico,Xico,,,,,,
Japan,Yamada,,,,,,
Afghanistan,Kholm,,,,,,
Russian Federation,Klimovo,,,,,,
Germany,Konigswinter,,,,,,
Russian Federation,Kozlovka,,,,,,
China,Laohekou,,,,,,
