Country,City,Unnamed: 2,Unnamed: 3,Unnamed: 4,Unnamed: 5,Unnamed: 6,Unnamed: 7
India,Thanjavur,,,,,,
Thailand,Thanyaburi,,,,,,
United States of America,Tifton,,,,,,
Botswana,Maun,,,,,,
Germany,Mengen,,,,,,
United States of America,Middle Valley,,,,,,
India,Minjur,,,,,,
Belarus,Minsk,,,,,,
Spain,Miranda De Ebro,,,,,,
India,Mirik,,,,,,
Russian Federation,Mirnyy,,,,,,
Nigeria,Modakeke,,,,,,
Mexico,Momoxpan,,,,,,
Liberia,Monrovia,,,,,,
Italy,Monte San Pietro,,,,,,
France,Montreuil,,,,,,
Unknown,Vila Real De Santo Antonio,,,,,,
France,Villeneuve La Garenne,,,,,,
Germany,Vilshofen,,,,,,
Republic of North Macedonia,Vinica,,,,,,
Italy,Virgilio,,,,,,
Brazil,Vitoria De Santo Antao,,,,,,
Togo,Vogan,,,,,,
Netherlands,Voorschoten,,,,,,
Unknown,Vung Tau,,,,,,
India,Wadi,,,,,,
Poland,Wagrowiec,,,,,,
United States of America,Wanaque,,,,,,
United States of America,Waterville,,,,,,
Indonesia,Wates,,,,,,
Belgium,Tournai,,,,,,
United States of America,Trussville,,,,,,
Poland,Trzebinia,,,,,,
Japan,Tsuruoka,,,,,,
Colombia,Tumaco,,,,,,
Colombia,Turbaco,,,,,,
United States of America,Tyler,,,,,,
Sudan,Umm Kaddadah,,,,,,
Unknown,Umm Lajj,,,,,,
Sweden,Upplands Vasby,,,,,,
Colombia,Urrao,,,,,,
Brazil,Valenca Do Piaui,,,,,,
Colombia,Valledupar,,,,,,
Philippines,Vallehermoso,,,,,,
Italy,Valmadrera,,,,,,
Italy,Venafro,,,,,,
Brazil,Veranopolis,,,,,,
Russian Federation,Vereshchagino,,,,,,
India,Thakurdwara,,,,,,
Hungary,Tiszakecske,,,,,,
Japan,Togane,,,,,,
United States of America,Tolland,,,,,,
United States of America,Laplace,,,,,,
Brazil,Laranjeiras,,,,,,
United States of America,Leawood,,,,,,
Italy,Licata,,,,,,
China,Liling,,,,,,
India,Limbdi,,,,,,
Canada,Lindsay,,,,,,
India,Lingsugur,,,,,,
Senegal,Linguere,,,,,,
Australia,Lithgow,,,,,,
France,Livry Gargan,,,,,,
Russian Federation,Lodeynoye Pole,,,,,,
United States of America,Logan,,,,,,
France,Longjumeau,,,,,,
France,Loos,,,,,,
Ukraine,Lozova,,,,,,
Indonesia,Lumajang,,,,,,
Zambia,Lundazi,,,,,,
India,Maghar,,,,,,
India,Makhu,,,,,,
Nigeria,Malumfashi,,,,,,
Unknown,Mamoudzou,,,,,,
United States of America,Manhattan Beach,,,,,,
India,Manjeri,,,,,,
United States of America,Manville,,,,,,
United States of America,Maple Shade,,,,,,
Brazil,Maravilha,,,,,,
Iran (Islamic Republic of),Khorramshahr,,,,,,
Malaysia,Klang,,,,,,
United Republic of Tanzania,Kondoa,,,,,,
Croatia,Koprivnica,,,,,,
Japan,Koriyama,,,,,,
Belgium,Kortemark,,,,,,
Poland,Koscierzyna,,,,,,
Malaysia,Kota Tinggi,,,,,,
India,Kandla,,,,,,
Malaysia,Kapit,,,,,,
India,Kapurthala,,,,,,
Croatia,Karlovac,,,,,,
Uzbekistan,Karmana,,,,,,
Nigeria,Kaura Namoda,,,,,,
United Republic of Tanzania,Kayanga,,,,,,
Malaysia,Keningau,,,,,,
Bangladesh,Khagrachari,,,,,,
India,Khairabad,,,,,,
Unknown,Khalkis,,,,,,
Thailand,Khanu Woralaksaburi,,,,,,
Albania,Kruje,,,,,,
India,Kuju,,,,,,
Ghana,Kumasi,,,,,,
Russian Federation,Kursk,,,,,,
Colombia,La Ceja,,,,,,
Ecuador,La Mana,,,,,,
United States of America,Lacey,,,,,,
Mexico,Tecamachalco,,,,,,
Burkina Faso,Tenkodogo,,,,,,
Thailand,That Phanom,,,,,,
United States of America,Thibodaux,,,,,,
Romania,Titu,,,,,,
Japan,Toda,,,,,,
Chile,Tome,,,,,,
Botswana,Tonota,,,,,,
Greece,Triandria,,,,,,
Czechia,Trinec,,,,,,
Poland,Trzcianka,,,,,,
Russian Federation,Tsivilsk,,,,,,
Colombia,Tuquerres,,,,,,
India,Uchana,,,,,,
India,Ulundurpettai,,,,,,
United States of America,University Place,,,,,,
Russian Federation,Ust Kut,,,,,,
South Sudan,Uwayl,,,,,,
Sweden,Varnamo,,,,,,
Sweden,Vasteras,,,,,,
Netherlands,Veendam,,,,,,
Turkey,Vezirkopru,,,,,,
Mexico,Victor Rosales,,,,,,
Malaysia,Sungai Petani,,,,,,
Hungary,Szentendre,,,,,,
Iran (Islamic Republic of),Tabas,,,,,,
Thailand,Tak Bai,,,,,,
Japan,Takahata,,,,,,
Japan,Tama,,,,,,
Australia,Tamworth,,,,,,
Sudan,Tandalti,,,,,,
Indonesia,Tanggul,,,,,,
France,Tarbes,,,,,,
Poland,Tarnowskie Gory,,,,,,
Tunisia,Tatawin,,,,,,
Germany,Taucha,,,,,,
United States of America,Sterling Heights,,,,,,
United States of America,Storrs,,,,,,
Canada,Summerside,,,,,,
Chile,Villa Alemana,,,,,,
Russian Federation,Vinzili,,,,,,
France,Vire,,,,,,
India,Vizianagaram,,,,,,
Kenya,Voi,,,,,,
Russian Federation,Vologda,,,,,,
Ghana,Wa,,,,,,
Germany,Waghausel,,,,,,
Austria,Waidhofen,,,,,,
Namibia,Walvis Bay,,,,,,
United States of America,Warrington,,,,,,
China,Weifang,,,,,,
Pakistan,Sargodha,,,,,,
Italy,Sarzana,,,,,,
Germany,Schoningen,,,,,,
Germany,Schwalmtal,,,,,,
Germany,Schwerin,,,,,,
Germany,Schwerte,,,,,,
United States of America,Seaford,,,,,,
India,Sedam,,,,,,
Italy,Selargius,,,,,,
Italy,Seravezza,,,,,,
Zambia,Sesheke,,,,,,
India,Shankargarh,,,,,,
India,Shimoga,,,,,,
India,Shirpur,,,,,,
Myanmar,Shwebo,,,,,,
Philippines,Silay,,,,,,
United States of America,Sioux Falls,,,,,,
India,Sirumugai,,,,,,
India,Sohna,,,,,,
Guatemala,San Francisco El Alto,,,,,,
Spain,San Juan De Aznalfarache,,,,,,
Mexico,San Luis De La Paz,,,,,,
Philippines,San Pascual,,,,,,
Iran (Islamic Republic of),Sanandaj,,,,,,
India,Sangamner,,,,,,
Brazil,Santo Angelo,,,,,,
Portugal,Sao Mamede De Infesta,,,,,,
Afghanistan,Sar E Pul,,,,,,
United States of America,Glasgow,,,,,,
China,Gongzhuling,,,,,,
France,Graulhet,,,,,,
France,Grenoble,,,,,,
Honduras,Guaimaca,,,,,,
Brazil,Guaira,,,,,,
Japan,Gyoda,,,,,,
Poland,Hajnowka,,,,,,
United States of America,Hammonton,,,,,,
United States of America,Hanson,,,,,,
India,Harpalpur,,,,,,
Iran (Islamic Republic of),Harsin,,,,,,
Japan,Hatsukaichi,,,,,,
France,Henin Beaumont,,,,,,
Germany,Herbrechtingen,,,,,,
United States of America,Hershey,,,,,,
United Kingdom of Great Britain and Northern Ireland,Heywood,,,,,,
United States of America,Hialeah Gardens,,,,,,
Germany,Hildesheim,,,,,,
Pakistan,Hingorja,,,,,,
Lesotho,Hlotse,,,,,,
United States of America,Hollywood,,,,,,
United States of America,Hopkins,,,,,,
Norway,Horten,,,,,,
Libya,Hun,,,,,,
Japan,Isahaya,,,,,,
Brazil,Itacare,,,,,,
Brazil,Itapecerica Da Serra,,,,,,
Paraguay,Itaugua,,,,,,
Brazil,Jandira,,,,,,
Brazil,Japeri,,,,,,
Dominican Republic,Jarabacoa,,,,,,
Brazil,Jardim,,,,,,
Tunisia,Jarjis,,,,,,
United States of America,Jasmine Estates,,,,,,
India,Jatni,,,,,,
China,Jiexiu,,,,,,
China,Juegang,,,,,,
Democratic Republic of the Congo,Kabinda,,,,,,
India,Kaimganj,,,,,,
India,Kambam,,,,,,
Democratic Republic of the Congo,Kambove,,,,,,
Japan,Kasumigaura,,,,,,
Lithuania,Kedainiai,,,,,,
Germany,Kempen,,,,,,
Pakistan,Khairpur Nathan Shah,,,,,,
India,Khudaganj,,,,,,
Ukraine,Khust,,,,,,
Russian Federation,Kirensk,,,,,,
Nepal,Kirtipur,,,,,,
United Republic of Tanzania,Kisesa,,,,,,
Unknown,Kishiwada,,,,,,
Germany,Kissing,,,,,,
Uzbekistan,Kitob,,,,,,
Russian Federation,Kolpino,,,,,,
Switzerland,Koniz,,,,,,
Belgium,Kontich,,,,,,
Slovenia,Kranj,,,,,,
Germany,Kriftel,,,,,,
Russian Federation,Krivyanskaya,,,,,,
Japan,Kushima,,,,,,
France,La Garde,,,,,,
United States of America,La Mesa,,,,,,
Hungary,Lajosmizse,,,,,,
Côte d'Ivoire,Lakota,,,,,,
Peru,Lamas,,,,,,
United States of America,Lansing,,,,,,
China,Lanzhou,,,,,,
Mexico,Las Rosas,,,,,,
Ecuador,Latacunga,,,,,,
France,Le Havre,,,,,,
Portugal,Leca Da Palmeira,,,,,,
Kazakhstan,Lenger,,,,,,
China,Lengshuijiang,,,,,,
China,Leshan,,,,,,
Belgium,Liedekerke,,,,,,
Unknown,Liepaja,,,,,,
United States of America,Linda,,,,,,
United States of America,Lindenwold,,,,,,
United States of America,Little Chute,,,,,,
United States of America,Livonia,,,,,,
Spain,Llanera,,,,,,
Angola,Longonjo,,,,,,
Mexico,Los Reyes,,,,,,
Poland,Lubliniec,,,,,,
United States of America,Ludlow,,,,,,
Russian Federation,Lukoyanov,,,,,,
Ecuador,Machala,,,,,,
United States of America,Marietta,,,,,,
Libya,Marzuq,,,,,,
France,Matoury,,,,,,
France,Maurepas,,,,,,
Cameroon,Melong,,,,,,
Angola,Menongue,,,,,,
Poland,Milanowek,,,,,,
Bolivia (Plurinational State of),Mineros,,,,,,
Pakistan,Mingaora,,,,,,
United States of America,Mission Viejo,,,,,,
Germany,Mittweida,,,,,,
Spain,Moguer,,,,,,
France,Moissac,,,,,,
Spain,Molina De Segura,,,,,,
Brazil,Mongagua,,,,,,
Chile,Monte Patria,,,,,,
Italy,Muggia,,,,,,
United States of America,Munhall,,,,,,
Hungary,Nagyatad,,,,,,
India,Najibabad,,,,,,
Japan,Nakama,,,,,,
China,Nandu,,,,,,
India,Nandyal,,,,,,
Kenya,Nanyuki,,,,,,
Pakistan,Narang,,,,,,
Brazil,Natividade,,,,,,
Ireland,Navan,,,,,,
India,Nayudupeta,,,,,,
Netherlands,Neerijnen,,,,,,
Germany,Neubrandenburg,,,,,,
United States of America,New Cassel,,,,,,
United Kingdom of Great Britain and Northern Ireland,Newcastle Upon Tyne,,,,,,
Japan,Nobeoka,,,,,,
Russian Federation,Nogir,,,,,,
United States of America,North Amityville,,,,,,
United States of America,North Canton,,,,,,
United States of America,Northbrook,,,,,,
Italy,Novate Milanese,,,,,,
Cuba,Nueva Gerona,,,,,,
Uzbekistan,Nukus,,,,,,
Japan,Numazu,,,,,,
Netherlands,Nunspeet,,,,,,
Finland,Nurmijarvi,,,,,,
Argentina,Obera,,,,,,
Brazil,Oeiras,,,,,,
Japan,Oiso,,,,,,
Hungary,Esztergom,,,,,,
Germany,Euskirchen,,,,,,
Republic of Moldova,Falesti,,,,,,
Canada,Fergus,,,,,,
United States of America,Foster City,,,,,,
Germany,Freudenberg,,,,,,
Uzbekistan,Gazalkent,,,,,,
Germany,Geldern,,,,,,
China,Genhe,,,,,,
Unknown,Ghogha,,,,,,
China,Dandong,,,,,,
Togo,Dapaong,,,,,,
Germany,Datteln,,,,,,
United States of America,Decatur,,,,,,
Belgium,Deerlijk,,,,,,
Ethiopia,Dejen,,,,,,
Iran (Islamic Republic of),Delijan,,,,,,
Turkey,Demirci,,,,,,
United States of America,Dentsville,,,,,,
India,Deoranian,,,,,,
Turkey,Devrek,,,,,,
Belgium,Dison,,,,,,
Romania,Dolhasca,,,,,,
France,Draguignan,,,,,,
United States of America,East Ridge,,,,,,
Germany,Ebersberg,,,,,,
Spain,Ejea De Los Caballeros,,,,,,
Egypt,El Balyana,,,,,,
United States of America,Elk Grove,,,,,,
India,Madhipura,,,,,,
Kenya,Magadi,,,,,,
Portugal,Maia,,,,,,
India,Majitha,,,,,,
India,Malpura,,,,,,
Madagascar,Mananara,,,,,,
Myanmar,Mandalay,,,,,,
Bangladesh,Manikganj,,,,,,
Romania,Baia Sprie,,,,,,
Indonesia,Barabai,,,,,,
Venezuela (Bolivarian Republic of),Barquisimeto,,,,,,
United States of America,Bellefontaine,,,,,,
India,Beri,,,,,,
Belgium,Berlare,,,,,,
Uzbekistan,Beruni,,,,,,
India,Bhinga,,,,,,
India,Bhuvanagiri,,,,,,
United States of America,Big Rapids,,,,,,
Japan,Bihoro,,,,,,
Botswana,Bobonong,,,,,,
United States of America,Bogalusa,,,,,,
Italy,Bolzano,,,,,,
Côte d'Ivoire,Bonoua,,,,,,
Georgia,Borjomi,,,,,,
United States of America,Bossier City,,,,,,
Unknown,Bremerton,,,,,,
United States of America,Brook Park,,,,,,
Canada,Brooks,,,,,,
United States of America,Brunswick,,,,,,
Switzerland,Buchs,,,,,,
Iran (Islamic Republic of),Bukan,,,,,,
Democratic Republic of the Congo,Bumba,,,,,,
Italy,Bussolengo,,,,,,
Germany,Buxtehude,,,,,,
Poland,Bystrzyca Klodzka,,,,,,
France,Caen,,,,,,
Italy,Cairo Montenotte,,,,,,
France,Cannes,,,,,,
Mexico,Capilla De Guadalupe,,,,,,
United Kingdom of Great Britain and Northern Ireland,Carlisle,,,,,,
Unknown,Carpinteria,,,,,,
Italy,Carugate,,,,,,
Italy,Caselle Torinese,,,,,,
Italy,Castrovillari,,,,,,
Brazil,Catu,,,,,,
Angola,Catumbela,,,,,,
Italy,Cetraro,,,,,,
India,Channapatna,,,,,,
India,Chinnammanur,,,,,,
Russian Federation,Chuguyevka,,,,,,
China,Chuncheng,,,,,,
China,Chuzhou,,,,,,
Denmark,Aalborg,,,,,,
Unknown,Abaetetuba,,,,,,
United States of America,Acushnet,,,,,,
Greece,Agrinion,,,,,,
Mexico,Agua Dulce,,,,,,
Mexico,Aguascalientes,,,,,,
India,Ahmadnagar,,,,,,
Hungary,Albertirsa,,,,,,
Portugal,Alcabideche,,,,,,
Russian Federation,Aldan,,,,,,
Russian Federation,Aleksandrovskoye,,,,,,
Colombia,Algarrobo,,,,,,
Russian Federation,Alleroy,,,,,,
United States of America,Altamonte Springs,,,,,,
India,Ambasamudram,,,,,,
India,Amloh,,,,,,
Netherlands,Amsterdam,,,,,,
Colombia,Andes,,,,,,
Spain,Arahal,,,,,,
Japan,Asahi,,,,,,
Turkmenistan,Asgabat,,,,,,
France,Aurillac,,,,,,
Colombia,Ayapel,,,,,,
Ecuador,Azogues,,,,,,
India,Babra,,,,,,
United Kingdom of Great Britain and Northern Ireland,Coalville,,,,,,
United States of America,Coamo,,,,,,
Brazil,Conceicao Do Araguaia,,,,,,
Italy,Copparo,,,,,,
Philippines,Cotabato,,,,,,
Japan,Daigo,,,,,,
India,Rupnagar,,,,,,
Italy,Ruvo Di Puglia,,,,,,
Russian Federation,Rylsk,,,,,,
Japan,Saga,,,,,,
France,Saint Ouen,,,,,,
Japan,Sakai,,,,,,
Sweden,Sala,,,,,,
South Africa,Randfontein,,,,,,
Poland,Reda,,,,,,
Germany,Rehburg Loccum,,,,,,
Brazil,Ribeirao Das Neves,,,,,,
Brazil,Ribeirao,,,,,,
Brazil,Ribeiropolis,,,,,,
Brazil,Rio De Janeiro,,,,,,
Argentina,Rio Gallegos,,,,,,
Brazil,Rio Pardo,,,,,,
United States of America,Riviera Beach,,,,,,
United States of America,Rolla,,,,,,
India,Ron,,,,,,
Bangladesh,Pirganj,,,,,,
United States of America,Placentia,,,,,,
Russian Federation,Pogar,,,,,,
Russian Federation,Pogranichnyy,,,,,,
Sri Lanka,Polonnaruwa,,,,,,
Russian Federation,Polysayevo,,,,,,
Italy,Pontedera,,,,,,
United States of America,Port Saint Lucie,,,,,,
United States of America,Pottsville,,,,,,
Switzerland,Pratteln,,,,,,
Cuba,Primero De Enero,,,,,,
India,Purushottampur,,,,,,
Poland,Radzyn Podlaski,,,,,,
India,Rajmahal,,,,,,
India,Rajpur,,,,,,
Russian Federation,Omutninsk,,,,,,
Poland,Orzesze,,,,,,
Poland,Ostroda,,,,,,
Indonesia,Palabuhanratu,,,,,,
India,Palera,,,,,,
India,Palmaner,,,,,,
Colombia,Palmar De Varela,,,,,,
Unknown,Palompon,,,,,,
Brazil,Panambi,,,,,,
Pakistan,Pano Aqil,,,,,,
Serbia,Paracin,,,,,,
Unknown,Paranagua,,,,,,
India,Penugonda,,,,,,
Austria,Perchtoldsdorf,,,,,,
Mexico,Peto,,,,,,
Germany,Ottersberg,,,,,,
India,Bahraich,,,,,,
Philippines,Baloc,,,,,,
Germany,Balve,,,,,,
Central African Republic,Bambari,,,,,,
Brazil,Bambui,,,,,,
China,Bantou,,,,,,
China,Baoying,,,,,,
Brazil,Beberibe,,,,,,
India,Bhawanigarh,,,,,,
Pakistan,Bhera,,,,,,
India,Bhum,,,,,,
India,Bidhuna,,,,,,
India,Bijawar,,,,,,
Czechia,Bilina,,,,,,
Zimbabwe,Bindura,,,,,,
Democratic Republic of the Congo,Binga,,,,,,
Ukraine,Bohuslav,,,,,,
India,Bokaro,,,,,,
United States of America,Bonita,,,,,,
Russian Federation,Borovichi,,,,,,
Netherlands,Boskoop,,,,,,
France,Blois,,,,,,
Germany,Boblingen,,,,,,
Italy,Abano Terme,,,,,,
Mexico,Abasolo,,,,,,
Côte d'Ivoire,Adiake,,,,,,
Turkey,Adilcevaz,,,,,,
Ethiopia,Agaro,,,,,,
Turkey,Ahlat,,,,,,
India,Akividu,,,,,,
Brazil,Alem Paraiba,,,,,,
Canada,Amos,,,,,,
Venezuela (Bolivarian Republic of),Anaco,,,,,,
Chile,Angol,,,,,,
Germany,Annaberg Buchholz,,,,,,
Japan,Annaka,,,,,,
Italy,Arco,,,,,,
Brazil,Arinos,,,,,,
United States of America,Arnold,,,,,,
Unknown,Arraial Do Cabo,,,,,,
Ethiopia,Assela,,,,,,
Belgium,Assenede,,,,,,
France,Auch,,,,,,
Germany,Bad Munder,,,,,,
United States of America,Bryant,,,,,,
United Kingdom of Great Britain and Northern Ireland,Buckhaven,,,,,,
United States of America,Buffalo Grove,,,,,,
Switzerland,Bulach,,,,,,
Spain,Burgos,,,,,,
Ethiopia,Butajira,,,,,,
United States of America,Cadillac,,,,,,
Romania,Calafat,,,,,,
Spain,Calahorra,,,,,,
Philippines,Calintaan,,,,,,
Republic of Moldova,Camenca,,,,,,
Brazil,Campina Grande Do Sul,,,,,,
Italy,Cassino,,,,,,
Italy,Castelvetrano,,,,,,
Angola,Catabola,,,,,,
United States of America,Cedar Park,,,,,,
Indonesia,Cepu,,,,,,
China,Chaihe,,,,,,
United States of America,Channahon,,,,,,
Colombia,Chaparral,,,,,,
Ukraine,Chaplynka,,,,,,
Mexico,Charcas,,,,,,
United States of America,Chesterfield,,,,,,
India,Chetpet,,,,,,
Peru,Chimbote,,,,,,
Indonesia,Cibitung,,,,,,
Indonesia,Cikupa,,,,,,
Brazil,Capao Da Canoa,,,,,,
Brazil,Capelinha,,,,,,
Spain,Carlet,,,,,,
United States of America,Carson City,,,,,,
China,Changzhou,,,,,,
Pakistan,Chawinda,,,,,,
Spain,Chiclana,,,,,,
Mexico,Chilapa,,,,,,
Zimbabwe,Chinhoyi,,,,,,
Colombia,Chinu,,,,,,
China,Chishan,,,,,,
Pakistan,Chishtian Mandi,,,,,,
Netherlands,Alphen,,,,,,
Indonesia,Amuntai,,,,,,
Spain,Andujar,,,,,,
United States of America,Anoka,,,,,,
Brazil,Aquiraz,,,,,,
United States of America,Arcadia,,,,,,
United States of America,West Hartford,,,,,,
United States of America,West Springfield,,,,,,
United Kingdom of Great Britain and Northern Ireland,Worksop,,,,,,
Germany,Wurselen,,,,,,
Lao People's Democratic Republic,Xam Nua,,,,,,
China,Xining,,,,,,
United States of America,Yakima,,,,,,
Mexico,Yaqui,,,,,,
Philippines,Bais,,,,,,
Ireland,Balbriggan,,,,,,
Thailand,Bang Sao Thong,,,,,,
China,Baoshan,,,,,,
Hungary,Barcs,,,,,,
India,Barhi,,,,,,
India,Barhiya,,,,,,
United Kingdom of Great Britain and Northern Ireland,Barnsley,,,,,,
Canada,Barrie,,,,,,
Pakistan,Basirpur,,,,,,
Canada,Whitchurch Stouffville,,,,,,
Canada,Winnipeg,,,,,,
Poland,Wloclawek,,,,,,
Switzerland,Worb,,,,,,
Germany,Augustdorf,,,,,,
Italy,Avellino,,,,,,
Sweden,Avesta,,,,,,
Mexico,Axochiapan,,,,,,
France,Bagneux,,,,,,
Italy,Brugherio,,,,,,
Nigeria,Bugama,,,,,,
Democratic Republic of the Congo,Bulungu,,,,,,
Ethiopia,Bure,,,,,,
Slovakia,Bytca,,,,,,
Brazil,Cachoeiras De Macacu,,,,,,
Spain,Calella,,,,,,
Mexico,Calvillo,,,,,,
Brazil,Campo Alegre,,,,,,
Italy,Campobello Di Licata,,,,,,
Romania,Cluj Napoca,,,,,,
Unknown,Coatzacoalcos,,,,,,
Spain,Cocentaina,,,,,,
United States of America,Cocoa Beach,,,,,,
Australia,Coffs Harbour,,,,,,
Bolivia (Plurinational State of),Cotoca,,,,,,
Portugal,Covilha,,,,,,
France,Concarneau,,,,,,
United States of America,Crossville,,,,,,
El Salvador,Cuscatancingo,,,,,,
Portugal,Custoias,,,,,,
Senegal,Dahra,,,,,,
India,Dakor,,,,,,
United States of America,Prairie Village,,,,,,
Colombia,Puerto Rico,,,,,,
India,Puliyankudi,,,,,,
Russian Federation,Pyshma,,,,,,
Germany,Radolfzell,,,,,,
Indonesia,Rajapolah,,,,,,
India,Rajgurunagar,,,,,,
Germany,Poing,,,,,,
Unknown,Pontal Do Parana,,,,,,
Cambodia,Kampong Thum,,,,,,
Japan,Kanuma,,,,,,
India,Karari,,,,,,
Uzbekistan,Karauzyak,,,,,,
India,Katghora,,,,,,
Republic of North Macedonia,Kavadarci,,,,,,
Myanmar,Kayan,,,,,,
Mali,Kayes,,,,,,
Senegal,Kebemer,,,,,,
Kazakhstan,Kentau,,,,,,
Poland,Gniezno,,,,,,
India,Gormi,,,,,,
United States of America,Green Bay,,,,,,
Poland,Grodzisk Mazowiecki,,,,,,
Colombia,Guaduas,,,,,,
Unknown,Guaratuba,,,,,,
Egypt,Fowa,,,,,,
Germany,Friedberg,,,,,,
France,Frontignan,,,,,,
India,Garhshankar,,,,,,
United States of America,Garner,,,,,,
Unknown,Gazimagusa,,,,,,
Iran (Islamic Republic of),Javanrud,,,,,,
India,Jawhar,,,,,,
India,Jaysingpur,,,,,,
Belgium,Jodoigne,,,,,,
Finland,Joensuu,,,,,,
India,Joshimath,,,,,,
India,Joura,,,,,,
Democratic Republic of the Congo,Kabare,,,,,,
Ghana,Kade,,,,,,
Germany,Hilchenbach,,,,,,
Japan,Hitachi,,,,,,
United Kingdom of Great Britain and Northern Ireland,Hoddesdon,,,,,,
Czechia,Hodonin,,,,,,
United States of America,Howard,,,,,,
Germany,Hunfeld,,,,,,
Germany,Idstein,,,,,,
Nigeria,Ikire,,,,,,
United Republic of Tanzania,Ilembula,,,,,,
South Africa,Danielskuil,,,,,,
Uzbekistan,Denau,,,,,,
Australia,Devonport,,,,,,
India,Dhuri,,,,,,
Viet Nam,Dien Bien,,,,,,
Pakistan,Dinga,,,,,,
Guatemala,Dolores,,,,,,
Mexico,Gustavo Diaz Ordaz,,,,,,
India,Guwahati,,,,,,
China,Haizhou,,,,,,
India,Hasanpur,,,,,,
Turkey,Hayrabolu,,,,,,
Uzbekistan,Hazorasp,,,,,,
France,Hem,,,,,,
China,Hengshui,,,,,,
France,Herouville Saint Clair,,,,,,
Poland,Minsk Mazowiecki,,,,,,
Japan,Miyako,,,,,,
Brazil,Mocajuba,,,,,,
Germany,Moglingen,,,,,,
Afghanistan,Kusk,,,,,,
Mexico,La Cruz,,,,,,
El Salvador,La Libertad,,,,,,
Nigeria,Ipoti,,,,,,
Brazil,Itabaianinha,,,,,,
Brazil,Itacarambi,,,,,,
Brazil,Itapuranga,,,,,,
Italy,Enna,,,,,,
Sweden,Eskilstuna,,,,,,
France,Faaa,,,,,,
Sweden,Fagersta,,,,,,
United States of America,Faribault,,,,,,
Romania,Flamanzi,,,,,,
France,Fontenay Aux Roses,,,,,,
United States of America,Foothill Farms,,,,,,
United Kingdom of Great Britain and Northern Ireland,Formby,,,,,,
Brazil,Formosa Do Rio Preto,,,,,,
United States of America,Fort Carson,,,,,,
India,Machilipatnam,,,,,,
France,Dreux,,,,,,
Germany,Drolshagen,,,,,,
Mexico,Dzitbalche,,,,,,
Mexico,Eagle Pass,,,,,,
United States of America,Easley,,,,,,
United States of America,East Massapequa,,,,,,
Nigeria,Effium,,,,,,
Russian Federation,Elektrougli,,,,,,
United States of America,Elizabeth City,,,,,,
United States of America,Elizabeth,,,,,,
Greece,Ellinikon,,,,,,
United States of America,Olympia Heights,,,,,,
Japan,Omigawa,,,,,,
United States of America,Opelousas,,,,,,
Turkey,Ordu,,,,,,
Republic of North Macedonia,Oslomej,,,,,,
Russian Federation,Ostashkov,,,,,,
Ukraine,Ostroh,,,,,,
Japan,Otawara,,,,,,
Italy,Ottaviano,,,,,,
United States of America,Ottawa,,,,,,
United States of America,Owensboro,,,,,,
Thailand,Pa Daet,,,,,,
Hungary,Paks,,,,,,
Chile,Panguipulli,,,,,,
Thailand,Pathum Thani,,,,,,
India,Patiala,,,,,,
India,Pavagada,,,,,,
India,Phalauda,,,,,,
Unknown,Lipari,,,,,,
United Republic of Tanzania,Liuli,,,,,,
Spain,Lloret De Mar,,,,,,
Belgium,Lochristi,,,,,,
Germany,Lohfelden,,,,,,
United States of America,Long Branch,,,,,,
Brazil,Louveira,,,,,,
Germany,Ludwigsfelde,,,,,,
Philippines,Lupao,,,,,,
United Republic of Tanzania,Mabamba,,,,,,
Niger,Madaoua,,,,,,
India,Maddur,,,,,,
Germany,Mainz,,,,,,
Nigeria,Makurdi,,,,,,
India,Mallur,,,,,,
India,Manali,,,,,,
India,Manavalakurichi,,,,,,
Pakistan,Mandi Bahauddin,,,,,,
India,Mannarakkat,,,,,,
United States of America,Mansfield,,,,,,
Armenia,Martuni,,,,,,
Japan,Maruko,,,,,,
Italy,Mascali,,,,,,
Spain,Mataro,,,,,,
Venezuela (Bolivarian Republic of),Maturin,,,,,,
Senegal,Mbacke,,,,,,
Germany,Meerane,,,,,,
Indonesia,Mentok,,,,,,
United States of America,Merrillville,,,,,,
Romania,Oltenita,,,,,,
United States of America,Oneida,,,,,,
Ukraine,Orikhiv,,,,,,
Turkey,Ortakoy,,,,,,
Germany,Osterhofen,,,,,,
United States of America,Overland,,,,,,
Portugal,Palmela,,,,,,
Russian Federation,Pangody,,,,,,
Guatemala,Panzos,,,,,,
Brazil,Paracatu,,,,,,
Indonesia,Parakan,,,,,,
Malaysia,Parit Raja,,,,,,
Malaysia,Pasir Mas,,,,,,
Brazil,Pedro Juan Caballero,,,,,,
Germany,Perleberg,,,,,,
United States of America,North Providence,,,,,,
United Kingdom of Great Britain and Northern Ireland,Northallerton,,,,,,
Germany,Nottuln,,,,,,
Republic of North Macedonia,Novo Selo,,,,,,
Guatemala,Nueva Concepcion,,,,,,
Russian Federation,Nyazepetrovsk,,,,,,
United States of America,Oak Harbor,,,,,,
Namibia,Okahandja,,,,,,
United States of America,Moorpark,,,,,,
Portugal,Moscavide,,,,,,
United States of America,Mountain Brook,,,,,,
India,Muzhappilangad,,,,,,
Hungary,Nagykanizsa,,,,,,
India,Nalagarh,,,,,,
India,Namakkal,,,,,,
China,Nanchong,,,,,,
India,Nandura,,,,,,
Germany,Morlenbach,,,,,,
India,Narnaund,,,,,,
India,Nathdwara,,,,,,
Iran (Islamic Republic of),Neka,,,,,,
Germany,Neumunster,,,,,,
United States of America,Newington,,,,,,
Indonesia,Ngemplak,,,,,,
Japan,Nikko,,,,,,
Philippines,Midsayap,,,,,,
Poland,Miedzyrzecz,,,,,,
Japan,Mikuni,,,,,,
United States of America,Millburn,,,,,,
United States of America,Milwaukee,,,,,,
Iran (Islamic Republic of),Minab,,,,,,
Russian Federation,Altayskoye,,,,,,
Cuba,Amancio,,,,,,
Indonesia,Ambarawa,,,,,,
Portugal,Amora,,,,,,
Brazil,Amparo,,,,,,
Italy,Aprilia,,,,,,
Brazil,Aracoiaba,,,,,,
Brazil,Aracuai,,,,,,
Italy,Aragona,,,,,,
Armenia,Abovyan,,,,,,
Cuba,Abreus,,,,,,
Côte d'Ivoire,Affery,,,,,,
Pakistan,Ahmadpur East,,,,,,
Iceland,Akureyri,,,,,,
Russian Federation,Aleksandrovsk,,,,,,
Spain,Alfafar,,,,,,
United States of America,Allen,,,,,,
Nigeria,Bama,,,,,,
India,Bansdih,,,,,,
United States of America,Baraboo,,,,,,
India,Barauli,,,,,,
India,Barmer,,,,,,
Germany,Bautzen,,,,,,
United States of America,Baytown,,,,,,
United States of America,Bellmawr,,,,,,
Somalia,Bereda,,,,,,
India,Bhawanipatna,,,,,,
India,Bhongaon,,,,,,
Spain,Arnedo,,,,,,
Spain,Arucas,,,,,,
Costa Rica,Aserri,,,,,,
Germany,Attendorn,,,,,,
Spain,Avila,,,,,,
Guatemala,Ayutla,,,,,,
Germany,Bad Pyrmont,,,,,,
United States of America,Brookline,,,,,,
India,Byadgi,,,,,,
Brazil,Caetite,,,,,,
Spain,Calafell,,,,,,
Spain,Camas,,,,,,
Italy,Canicatti,,,,,,
Colombia,Carmen De Viboral,,,,,,
Italy,Casalecchio Di Reno,,,,,,
Iran (Islamic Republic of),Chabahar,,,,,,
China,Changli,,,,,,
India,Charkhari,,,,,,
United States of America,Cherry Hill,,,,,,
India,Chikhli,,,,,,
Indonesia,Cibadak,,,,,,
Italy,Citta Di Castello,,,,,,
Italy,Bisceglie,,,,,,
India,Bithur,,,,,,
Turkey,Bitlis,,,,,,
Germany,Blumberg,,,,,,
India,Bokajan,,,,,,
United Kingdom of Great Britain and Northern Ireland,Borehamwood,,,,,,
Bulgaria,Botevgrad,,,,,,
Czechia,Breclav,,,,,,
United Kingdom of Great Britain and Northern Ireland,Bridgwater,,,,,,
Italy,Collegno,,,,,,
Venezuela (Bolivarian Republic of),Coro,,,,,,
Brazil,Coruripe,,,,,,
Germany,Cottbus,,,,,,
United Kingdom of Great Britain and Northern Ireland,Crewe,,,,,,
Brazil,Crixas,,,,,,
United Kingdom of Great Britain and Northern Ireland,Crosby,,,,,,
Guatemala,Cuilapa,,,,,,
Japan,Daito,,,,,,
Indonesia,Adiwerna,,,,,,
Mexico,Ajoloapan,,,,,,
Bulgaria,Ajtos,,,,,,
Nigeria,Aku,,,,,,
Philippines,Alaminos,,,,,,
Romania,Alba Iulia,,,,,,
Germany,Alfeld,,,,,,
Ukraine,Yavoriv,,,,,,
Nigeria,Yola,,,,,,
Peru,Yunguyo,,,,,,
Guatemala,Zacapa,,,,,,
Belgium,Zandhoven,,,,,,
Germany,Zeitz,,,,,,
Russian Federation,Zeya,,,,,,
Kazakhstan,Zharkent,,,,,,
Unknown,Zhenhai,,,,,,
China,Zhongshu,,,,,,
Russian Federation,Zhukovskiy,,,,,,
Bosnia and Herzegovina,Zivinice,,,,,,
Ukraine,Zolotonosha,,,,,,
Kazakhstan,Zyryanovsk,,,,,,
Ecuador,Bahia De Caraquez,,,,,,
Romania,Baia Mare,,,,,,
India,Bail Hongal,,,,,,
Cuba,Baragua,,,,,,
India,Baraut,,,,,,
Brazil,Barretos,,,,,,
United States of America,Bartlett,,,,,,
India,Basugaon,,,,,,
Cuba,Batabano,,,,,,
Brazil,Bebedouro,,,,,,
Unknown,Benicia,,,,,,
Chad,Benoy,,,,,,
United States of America,Bensenville,,,,,,
Malaysia,Bentong,,,,,,
Japan,Beppu,,,,,,
India,Bhalki,,,,,,
Brazil,Boa Esperanca Do Sul,,,,,,
Nicaragua,Boaco,,,,,,
Spain,Boiro,,,,,,
Romania,Campulung Moldovenesc,,,,,,
Turkey,Canakkale,,,,,,
United States of America,Cape Girardeau,,,,,,
United Kingdom of Great Britain and Northern Ireland,Carmarthen,,,,,,
Spain,Ceuta,,,,,,
Philippines,Buluan,,,,,,
Brazil,Buritama,,,,,,
Brazil,Buritizeiro,,,,,,
Italy,Busca,,,,,,
Brazil,Cacador,,,,,,
Peru,Cajamarca,,,,,,
United States of America,Athens,,,,,,
Brazil,Atibaia,,,,,,
Mexico,Atlacomulco,,,,,,
France,Aulnay Sous Bois,,,,,,
Germany,Bad Camberg,,,,,,
Spain,Badajoz,,,,,,
Cameroon,Bafia,,,,,,
Spain,Tafalla,,,,,,
Egypt,Talkha,,,,,,
India,Talwara,,,,,,
Hungary,Tapolca,,,,,,
Philippines,Tarlac,,,,,,
Poland,Tarnobrzeg,,,,,,
Argentina,Tartagal,,,,,,
Brazil,Taubate,,,,,,
United Republic of Tanzania,Uyovu,,,,,,
Russian Federation,Vasilyevo,,,,,,
Romania,Vatra Dornei,,,,,,
Brazil,Vera Cruz,,,,,,
Russian Federation,Verkhnyaya Pyshma,,,,,,
Thailand,Surin,,,,,,
Libya,Surman,,,,,,
Cambodia,Ta Khmau,,,,,,
India,Singarayakonda,,,,,,
Hungary,Dorog,,,,,,
United States of America,Downey,,,,,,
Canada,Drummondville,,,,,,
India,Dugda,,,,,,
South Africa,Duiwelskloof,,,,,,
Slovakia,Dunajska Streda,,,,,,
United States of America,East Haven,,,,,,
United States of America,Eastlake,,,,,,
Eritrea,Edd,,,,,,
United States of America,Eden Prairie,,,,,,
Germany,Eichenau,,,,,,
Netherlands,Eindhoven,,,,,,
South Africa,Ekuvukeni,,,,,,
South Africa,Ellisras,,,,,,
Germany,Erfurt,,,,,,
Portugal,Faro,,,,,,
Central African Republic,Damara,,,,,,
China,Danjiangkou,,,,,,
Afghanistan,Dawlatabad,,,,,,
Belgium,Dendermonde,,,,,,
India,Deolali,,,,,,
Indonesia,Depok,,,,,,
United States of America,Des Plaines,,,,,,
Germany,Diedorf,,,,,,
United States of America,Phoenixville,,,,,,
Italy,Piano Di Sorrento,,,,,,
Mexico,Queretaro,,,,,,
Philippines,Quisao,,,,,,
India,Rajampet,,,,,,
Indonesia,Rantepao,,,,,,
India,Renigunta,,,,,,
United States of America,Renton,,,,,,
Russian Federation,Rezh,,,,,,
Germany,Roding,,,,,,
Russian Federation,Pokhvistnevo,,,,,,
Russian Federation,Pokrov,,,,,,
Brazil,Ponte Nova,,,,,,
Germany,Preetz,,,,,,
Bulgaria,Provadija,,,,,,
Poland,Puck,,,,,,
United Kingdom of Great Britain and Northern Ireland,Pudsey,,,,,,
Azerbaijan,Qovlar,,,,,,
Lesotho,Quthing,,,,,,
Mexico,Rafael Lara Grajales,,,,,,
India,Sadalgi,,,,,,
United States of America,Saddle Brook,,,,,,
Pakistan,Sadiqabad,,,,,,
Italy,Salerno,,,,,,
Lithuania,Alytus,,,,,,
India,Anand,,,,,,
China,Anjiang,,,,,,
India,Anklesvar,,,,,,
Poland,Gorlice,,,,,,
Poland,Grajewo,,,,,,
Cuba,Guaimaro,,,,,,
France,Haguenau,,,,,,
United States of America,Hanover,,,,,,
Germany,Haren,,,,,,
Netherlands,Harlingen,,,,,,
Pakistan,Hasilpur,,,,,,
India,Hathras,,,,,,
France,Hautmont,,,,,,
New Zealand,Hawera,,,,,,
Jordan,Hawwarah,,,,,,
United States of America,Hazleton,,,,,,
South Africa,Hendrina,,,,,,
Germany,Henstedt Ulzburg,,,,,,
Myanmar,Henzada,,,,,,
France,Fort De France,,,,,,
United States of America,Fortuna,,,,,,
Cameroon,Fundong,,,,,,
Japan,Funehiki,,,,,,
Turkmenistan,Gazanjyk,,,,,,
Germany,Gemunden,,,,,,
Mexico,Huixquilucan,,,,,,
Greece,Ialisos,,,,,,
Brazil,Ibipeba,,,,,,
Japan,Hikari,,,,,,
Honduras,Cofradia,,,,,,
Portugal,Coimbra,,,,,,
United States of America,Commack,,,,,,
Mexico,Cosamaloapan,,,,,,
Brazil,Cotia,,,,,,
Brazil,Coxim,,,,,,
United States of America,Cullman,,,,,,
Italy,Cuorgne,,,,,,
Côte d'Ivoire,Dabakala,,,,,,
India,Chatrapur,,,,,,
India,Chhoti Sadri,,,,,,
Czechia,Chodov,,,,,,
Thailand,Chon Daen,,,,,,
Spain,Cieza,,,,,,
India,Khatima,,,,,,
Poland,Kielce,,,,,,
Greece,Kilkis,,,,,,
Azerbaijan,Kirovskiy,,,,,,
Bangladesh,Kishorganj,,,,,,
Finland,Kokkola,,,,,,
Netherlands,Kollumerland,,,,,,
Japan,Konosu,,,,,,
Germany,Korntal Munchingen,,,,,,
Palau,Koror,,,,,,
India,Kotagiri,,,,,,
India,Kotma,,,,,,
Malaysia,Kuala Perlis,,,,,,
Russian Federation,Kulunda,,,,,,
Republic of North Macedonia,Kumanovo,,,,,,
Germany,Kunzell,,,,,,
Croatia,Kutina,,,,,,
Spain,La Orotava,,,,,,
Germany,Lage,,,,,,
United States of America,Lake City,,,,,,
Thailand,Lampang,,,,,,
Iran (Islamic Republic of),Langarud,,,,,,
Germany,Langenau,,,,,,
France,Laon,,,,,,
Germany,Lauf,,,,,,
Suriname,Lelydorp,,,,,,
Serbia,Leskovac,,,,,,
Germany,Leutenbach,,,,,,
Netherlands,Schijndel,,,,,,
Belgium,Schoten,,,,,,
Israel,Sederot,,,,,,
India,Sehore,,,,,,
Russian Federation,Severouralsk,,,,,,
United States of America,Shafter,,,,,,
China,Shuangyang,,,,,,
Russian Federation,Sibay,,,,,,
Finland,Siilinjarvi,,,,,,
Turkey,Silopi,,,,,,
France,Sin Le Noble,,,,,,
Singapore,Singapore,,,,,,
United States of America,Snyder,,,,,,
France,Soisy Sous Montmorency,,,,,,
Brazil,Solanea,,,,,,
Russian Federation,Soldato Aleksandrovskoye,,,,,,
Mexico,San Gabriel Casa Blanca,,,,,,
Colombia,San Pedro De Uraba,,,,,,
Costa Rica,San Ramon,,,,,,
United States of America,Sandwich,,,,,,
France,Sannois,,,,,,
Cuba,Santiago De Cuba,,,,,,
Guatemala,Santiago Sacatepequez,,,,,,
Brazil,Sao Gabriel Da Cachoeira,,,,,,
Brazil,Sao Joao Nepomuceno,,,,,,
Pakistan,Sarai Naurang,,,,,,
Republic of North Macedonia,Saraj,,,,,,
South Africa,Somerset West,,,,,,
United States of America,Southgate,,,,,,
South Africa,Springs,,,,,,
Serbia,Sremska Kamenica,,,,,,
France,Strasbourg,,,,,,
India,Suchindram,,,,,,
Indonesia,Sumenep,,,,,,
United States of America,Tavares,,,,,,
Japan,Tawaramoto,,,,,,
Ukraine,Terebovlya,,,,,,
Turkey,Terme,,,,,,
Italy,Terranuova Bracciolini,,,,,,
United States of America,Terre Haute,,,,,,
United States of America,Thornton,,,,,,
United States of America,Tonawanda,,,,,,
United States of America,Tooele,,,,,,
Unknown,Trapani,,,,,,
Russian Federation,Tselina,,,,,,
India,Tufanganj,,,,,,
Colombia,Tulua,,,,,,
United Republic of Tanzania,Tumbi,,,,,,
India,Tundla,,,,,,
Russian Federation,Turinsk,,,,,,
United States of America,Twinsburg,,,,,,
Mexico,Uman,,,,,,
Austria,Wels,,,,,,
Germany,Wennigsen,,,,,,
United States of America,Westerly,,,,,,
South Africa,Westonaria,,,,,,
Switzerland,Wettingen,,,,,,
United States of America,White Bear Lake,,,,,,
United States of America,White Center,,,,,,
United States of America,Wixom,,,,,,
Netherlands,Woerden,,,,,,
Germany,Wolfenbuttel,,,,,,
Croatia,Virovitica,,,,,,
United States of America,Visalia,,,,,,
Madagascar,Vohibinany,,,,,,
Netherlands,Voorhout,,,,,,
Netherlands,Waalwijk,,,,,,
Australia,Wagga Wagga,,,,,,
Germany,Wald Michelbach,,,,,,
Germany,Weilerswist,,,,,,
China,Xinzhi,,,,,,
China,Xiuyan,,,,,,
United States of America,Ironton,,,,,,
Japan,Isehara,,,,,,
United States of America,Iselin,,,,,,
Brazil,Itarare,,,,,,
Brazil,Itarema,,,,,,
Belarus,Ivanava,,,,,,
India,Jamnagar,,,,,,
India,Jaswantnagar,,,,,,
India,Jatara,,,,,,
China,Jiangyin,,,,,,
China,Jieshi,,,,,,
Brazil,Joao Pinheiro,,,,,,
Lebanon,Jubayl,,,,,,
Mexico,Juchitan,,,,,,
Thailand,Kaeng Khlo,,,,,,
India,Kairana,,,,,,
Greece,Kamateron,,,,,,
Pakistan,Kamir,,,,,,
Democratic Republic of the Congo,Kaniama,,,,,,
Turkey,Karabuk,,,,,,
Indonesia,Karanganyar,,,,,,
Kenya,Karuri,,,,,,
Indonesia,Kasihan,,,,,,
Unknown,Kavaratti,,,,,,
Japan,Kawanishi,,,,,,
United States of America,Kaysville,,,,,,
United States of America,Kenosha,,,,,,
India,Daryapur,,,,,,
India,Dasna,,,,,,
India,Daurala,,,,,,
France,Denain,,,,,,
India,Dhanbad,,,,,,
India,Dibai,,,,,,
Russian Federation,Divnogorsk,,,,,,
United Republic of Tanzania,Dongobesh,,,,,,
Czechia,Dvur Kralove,,,,,,
United States of America,Eastchester,,,,,,
Kazakhstan,Ekibastuz,,,,,,
United States of America,Elkridge,,,,,,
United States of America,Elyria,,,,,,
Italy,Narni,,,,,,
Bangladesh,Narsingdi,,,,,,
Pakistan,Nasirabad,,,,,,
Unknown,Navelim,,,,,,
Ghana,Navrongo,,,,,,
Japan,Naze,,,,,,
Switzerland,Neuchatel,,,,,,
United States of America,New Braunfels,,,,,,
United States of America,New Orleans,,,,,,
Netherlands,Nieuwegein,,,,,,
Russian Federation,Nizhnevartovsk,,,,,,
Bolivia (Plurinational State of),Puerto Quijarro,,,,,,
Switzerland,Pully,,,,,,
Poland,Pyskowice,,,,,,
Tunisia,Qasr Hallal,,,,,,
Mozambique,Quelimane,,,,,,
India,Quepem,,,,,,
Philippines,Quezon,,,,,,
Guatemala,San Luis Jilotepeque,,,,,,
Mali,San,,,,,,
Guatemala,Santa Catarina Mita,,,,,,
Mexico,Santiago Tuxtla,,,,,,
United States of America,Scottsboro,,,,,,
India,Shahada,,,,,,
Russian Federation,Shakhovskaya,,,,,,
Belgium,Ranst,,,,,,
Republic of Moldova,Rascani,,,,,,
Pakistan,Ratodero,,,,,,
Unknown,Rembang,,,,,,
Italy,Rimini,,,,,,
United States of America,River Forest,,,,,,
Brazil,Rosario Do Sul,,,,,,
Russian Federation,Rubtsovsk,,,,,,
Belgium,Rumst,,,,,,
Poland,Rypin,,,,,,
Malaysia,Sabak,,,,,,
Azerbaijan,Sabuncu,,,,,,
Côte d'Ivoire,Sakassou,,,,,,
Dominican Republic,Salcedo,,,,,,
Brazil,Salinopolis,,,,,,
Canada,Salmon Arm,,,,,,
Spain,Salobrena,,,,,,
Russian Federation,Samarskoye,,,,,,
Russian Federation,Kotelniki,,,,,,
Gabon,Koulamoutou,,,,,,
Ukraine,Krasyliv,,,,,,
Croatia,Krizevci,,,,,,
Malaysia,Kuala Selangor,,,,,,
India,Kumbhraj,,,,,,
India,Kundla,,,,,,
Russian Federation,Kushchevskaya,,,,,,
Namibia,Mariental,,,,,,
United States of America,Marshalltown,,,,,,
Mozambique,Matola,,,,,,
Germany,Meckenbeuren,,,,,,
Russian Federation,Medvedevo,,,,,,
Iran (Islamic Republic of),Mehriz,,,,,,
United Kingdom of Great Britain and Northern Ireland,Melton Mowbray,,,,,,
Italy,Merano,,,,,,
Ethiopia,Metu,,,,,,
Morocco,Tawnat,,,,,,
Lithuania,Telsiai,,,,,,
Indonesia,Teluk Nibung,,,,,,
Austria,Ternitz,,,,,,
United States of America,Tewksbury,,,,,,
Thailand,Tha Muang,,,,,,
South Africa,Theunissen,,,,,,
France,Thiais,,,,,,
Belgium,Thuin,,,,,,
United States of America,Tiffin,,,,,,
Brazil,Tijucas,,,,,,
Russian Federation,Suvorov,,,,,,
Japan,Suwa,,,,,,
Slovakia,Svidnik,,,,,,
Czechia,Tachov,,,,,,
China,Tali,,,,,,
Ukraine,Tarashcha,,,,,,
Brazil,Tarauaca,,,,,,
Japan,Shiogama,,,,,,
United States of America,Shoreview,,,,,,
Russian Federation,Shumerlya,,,,,,
Pakistan,Sibi,,,,,,
Germany,Sinzheim,,,,,,
Guatemala,Siquinala,,,,,,
India,Sirathu,,,,,,
India,Sojitra,,,,,,
Indonesia,Srandakan,,,,,,
United States of America,North Highlands,,,,,,
Unknown,Ocean City,,,,,,
Mexico,Ojinaga,,,,,,
Poland,Olesno,,,,,,
India,Mulanur,,,,,,
Ukraine,Mykolayiv,,,,,,
Japan,Nagato,,,,,,
Japan,Nakanojo,,,,,,
Japan,Nakatsu,,,,,,
United States of America,Pico Rivera,,,,,,
United States of America,Pikesville,,,,,,
Pakistan,Pind Dadan Khan,,,,,,
Brazil,Pinhao,,,,,,
Brazil,Pirapozinho,,,,,,
France,Plerin,,,,,,
Panama,Pocri,,,,,,
Russian Federation,Podporozhye,,,,,,
Argentina,Posadas,,,,,,
United Republic of Tanzania,Kirando,,,,,,
Ukraine,Kirovohrad,,,,,,
United Republic of Tanzania,Korogwe,,,,,,
Serbia,Urosevac,,,,,,
Brazil,Uruacu,,,,,,
Brazil,Urupes,,,,,,
Russian Federation,Uspenskoye,,,,,,
India,Vada,,,,,,
Armenia,Vagharshapat,,,,,,
Madagascar,Vangaindrano,,,,,,
Brazil,Varjota,,,,,,
India,Varkkallai,,,,,,
Italy,Vicenza,,,,,,
Venezuela (Bolivarian Republic of),Yaritagua,,,,,,
South Sudan,Yei,,,,,,
Russian Federation,Yelnya,,,,,,
Myanmar,Yenangyaung,,,,,,
India,Yerraguntla,,,,,,
Malaysia,Yong Peng,,,,,,
Colombia,Yumbo,,,,,,
China,Zhoukou,,,,,,
China,Zhuanghe,,,,,,
United States of America,West Allis,,,,,,
Belgium,Wezembeek Oppem,,,,,,
Germany,Wismar,,,,,,
Cameroon,Yaounde,,,,,,
India,Viramgam,,,,,,
Italy,Vittorio Veneto,,,,,,
South Africa,Vrede,,,,,,
India,Vrindavan,,,,,,
Russian Federation,Vyksa,,,,,,
United States of America,Wahiawa,,,,,,
Germany,Waldkirch,,,,,,
Indonesia,Wanasari,,,,,,
China,Wanning,,,,,,
Netherlands,Weert,,,,,,
Poland,Wegrow,,,,,,
Russian Federation,Torzhok,,,,,,
Brazil,Trairi,,,,,,
India,Tuensang,,,,,,
Finland,Tuusula,,,,,,
India,Lakhna,,,,,,
Germany,Langenselbold,,,,,,
United Kingdom of Great Britain and Northern Ireland,Larkhall,,,,,,
France,Le Grand Quevilly,,,,,,
United States of America,Leavenworth,,,,,,
Germany,Leer,,,,,,
Netherlands,Leeuwarden,,,,,,
Germany,Lemgo,,,,,,
Argentina,Libertador General San Martin,,,,,,
China,Linqiong,,,,,,
Italy,Lizzanello,,,,,,
Slovenia,Ljubljana,,,,,,
Cuba,Los Arabos,,,,,,
Germany,Lunen,,,,,,
Colombia,Luruaco,,,,,,
Zambia,Lusaka,,,,,,
United Republic of Tanzania,Makambako,,,,,,
Maldives,Male,,,,,,
Philippines,Maluso,,,,,,
Belgium,Manage,,,,,,
India,Lahar,,,,,,
China,Lingyuan,,,,,,
China,Longjiang,,,,,,
China,Longkou,,,,,,
United States of America,Los Gatos,,,,,,
Poland,Lubartow,,,,,,
Germany,Luckenwalde,,,,,,
Cambodia,Lumphat,,,,,,
China,Luqiao,,,,,,
Indonesia,Luwuk,,,,,,
United States of America,Lyndhurst,,,,,,
Russian Federation,Lyskovo,,,,,,
Mexico,Madera,,,,,,
Thailand,Mae Sot,,,,,,
United States of America,Magalia,,,,,,
Myanmar,Magway,,,,,,
Iran (Islamic Republic of),Mahdasht,,,,,,
Spain,Mahon,,,,,,
United States of America,Makakilo City,,,,,,
Ukraine,Mala Vyska,,,,,,
United States of America,Mamaroneck,,,,,,
Bahrain,Manama,,,,,,
Bangladesh,Manikchhari,,,,,,
France,Manosque,,,,,,
Finland,Mantsala,,,,,,
Tunisia,Maqrin,,,,,,
Russian Federation,Inza,,,,,,
Unknown,Iona,,,,,,
Costa Rica,Ipis,,,,,,
Brazil,Itaguai,,,,,,
India,Jaipur,,,,,,
India,Jalaun,,,,,,
India,Jamuria,,,,,,
Germany,Immenstadt,,,,,,
United States of America,Independence,,,,,,
United States of America,Inglewood,,,,,,
Australia,Kiama,,,,,,
Rwanda,Kibuye,,,,,,
United States of America,Kihei,,,,,,
India,Kilakarai,,,,,,
Hungary,Kiskoros,,,,,,
Czechia,Klatovy,,,,,,
Russian Federation,Kommunar,,,,,,
Poland,Konstancin Jeziorna,,,,,,
India,Koratagere,,,,,,
Greece,Koropion,,,,,,
Serbia,Kosovo Polje,,,,,,
Russian Federation,Kovylkino,,,,,,
Russian Federation,Krasnoarmeysk,,,,,,
Austria,Krems,,,,,,
Poland,Krotoszyn,,,,,,
Japan,Kusu,,,,,,
Chile,La Union,,,,,,
United States of America,Laconia,,,,,,
United States of America,Lake Forest,,,,,,
United States of America,Lake Saint Louis,,,,,,
Afghanistan,Lar Gerd,,,,,,
Malaysia,Lawan Kuda Baharu,,,,,,
Italy,Leno,,,,,,
Russian Federation,Levokumskoye,,,,,,
Mexico,Libres,,,,,,
Romania,Liesti,,,,,,
Philippines,Liliw,,,,,,
Norway,Lillehammer,,,,,,
India,Rampura,,,,,,
India,Ranapur,,,,,,
Brazil,Rancharia,,,,,,
Namibia,Rundu,,,,,,
Syrian Arab Republic,Safita,,,,,,
Peru,Salaverry,,,,,,
Georgia,Samtredia,,,,,,
United States of America,San Leandro,,,,,,
Italy,San Marco In Lamis,,,,,,
Mexico,San Marcos,,,,,,
Mexico,San Martin De Las Piramides,,,,,,
Brazil,Sao Geraldo Do Araguaia,,,,,,
Russian Federation,Saransk,,,,,,
Netherlands,Schoonhoven,,,,,,
Japan,Shiraoi,,,,,,
Congo,Sibiti,,,,,,
Italy,Siderno,,,,,,
Algeria,Sidi Ali,,,,,,
Indonesia,Sinjai,,,,,,
India,Siuri,,,,,,
Russian Federation,Slavyansk Na Kubani,,,,,,
Germany,Ratzeburg,,,,,,
United States of America,Revere,,,,,,
Indonesia,Selogiri,,,,,,
Botswana,Serowe,,,,,,
India,Shahpura,,,,,,
United States of America,Southaven,,,,,,
United States of America,Stony Point,,,,,,
Nigeria,Suleja,,,,,,
India,Sultanpur,,,,,,
Spain,Oliva,,,,,,
Italy,Oristano,,,,,,
Germany,Glauchau,,,,,,
Brazil,Goias,,,,,,
Germany,Gottmadingen,,,,,,
United States of America,Grayslake,,,,,,
Poland,Grodzisk Wielkopolski,,,,,,
Cuba,Guantanamo,,,,,,
Brazil,Guarulhos,,,,,,
France,Gueret,,,,,,
India,Gulaothi,,,,,,
France,Fourmies,,,,,,
Russian Federation,Fryazino,,,,,,
France,Gagny,,,,,,
Slovakia,Galanta,,,,,,
United States of America,Gastonia,,,,,,
Ethiopia,Gelemso,,,,,,
Italy,Genoa,,,,,,
United States of America,Germantown,,,,,,
Botswana,Ghanzi,,,,,,
Italy,Ghedi,,,,,,
Cuba,Gibara,,,,,,
India,Gundlupet,,,,,,
Germany,Gunzenhausen,,,,,,
Hungary,Gyal,,,,,,
Hungary,Gyomaendrod,,,,,,
Hungary,Gyor,,,,,,
Netherlands,Haarlem,,,,,,
Bangladesh,Hajiganj,,,,,,
India,Halol,,,,,,
Belgium,Heist Op Den Berg,,,,,,
United States of America,Hermitage,,,,,,
United States of America,Hesperia,,,,,,
Denmark,Hobro,,,,,,
United States of America,Hoover,,,,,,
Thailand,Hua Hin,,,,,,
China,Huazhou,,,,,,
Mexico,Huejutla,,,,,,
Brazil,Ibaiti,,,,,,
Japan,Ibara,,,,,,
Brazil,Ipueiras,,,,,,
Brazil,Itapeva,,,,,,
Brazil,Jacobina,,,,,,
India,Jafarpur,,,,,,
Brazil,Jaguaribe,,,,,,
Mexico,Jalpa,,,,,,
India,Jamui,,,,,,
Brazil,Jardim De Piranhas,,,,,,
India,Jarwal,,,,,,
India,Jewar,,,,,,
France,Jouy Le Moutier,,,,,,
Mexico,Juchitepec,,,,,,
Peru,Junin,,,,,,
India,Kagal,,,,,,
Nigeria,Kagoro,,,,,,
Nepal,Dhangadhi,,,,,,
India,Dhemaji,,,,,,
Russian Federation,Digora,,,,,,
Canada,Dolbeau,,,,,,
Mozambique,Dondo,,,,,,
China,Dongling,,,,,,
Norway,Drammen,,,,,,
United States of America,Dunn,,,,,,
Chile,El Monte,,,,,,
Brazil,Exu,,,,,,
India,Faridabad,,,,,,
United Kingdom of Great Britain and Northern Ireland,Felling,,,,,,
United Kingdom of Great Britain and Northern Ireland,Fleetwood,,,,,,
Colombia,Floridablanca,,,,,,
United States of America,Forest Acres,,,,,,
Indonesia,Kediri,,,,,,
United States of America,Kent,,,,,,
India,Khailar,,,,,,
India,Khamaria,,,,,,
Japan,Enzan,,,,,,
Germany,Eppelheim,,,,,,
Italy,Erba,,,,,,
Iran (Islamic Republic of),Eslamshahr,,,,,,
United States of America,Farmers Branch,,,,,,
China,Feicheng,,,,,,
Italy,Finale Ligure,,,,,,
Colombia,Flandes,,,,,,
Unknown,Florianopolis,,,,,,
Italy,Floridia,,,,,,
France,Fontaine,,,,,,
United States of America,Keller,,,,,,
Brazil,Inhapim,,,,,,
Unknown,Isabela,,,,,,
Germany,Isny,,,,,,
Indonesia,Jambi,,,,,,
India,Jamshedpur,,,,,,
Indonesia,Jatibarang,,,,,,
Peru,Jauja,,,,,,
United States of America,Jericho,,,,,,
Saudi Arabia,Jiddah,,,,,,
Ethiopia,Jimma,,,,,,
Indonesia,Juwana,,,,,,
Israel,Kafar Manda,,,,,,
Israel,Kafar Qasem,,,,,,
Canada,Kamloops,,,,,,
Israel,Qiryat Yam,,,,,,
China,Qitaihe,,,,,,
Mauritius,Quatre Bornes,,,,,,
India,Raiganj,,,,,,
Unknown,Rameswaram,,,,,,
Myanmar,Rangoon,,,,,,
Romania,Rasnov,,,,,,
Argentina,Rawson,,,,,,
Brazil,Redencao,,,,,,
India,Rehti,,,,,,
United States of America,Republic,,,,,,
Argentina,Resistencia,,,,,,
France,Riorges,,,,,,
France,Ris Orangis,,,,,,
Spain,Roquetas De Mar,,,,,,
United States of America,Ruston,,,,,,
Azerbaijan,Sabirabad,,,,,,
Japan,Saiki,,,,,,
Guatemala,Salama,,,,,,
Iran (Islamic Republic of),Damghan,,,,,,
United States of America,De Pere,,,,,,
Pakistan,Dera Din Panah,,,,,,
Germany,Dillingen,,,,,,
Germany,Dinklage,,,,,,
United States of America,Edgewater,,,,,,
Netherlands,Eersel,,,,,,
Germany,Eislingen,,,,,,
United States of America,Maryland Heights,,,,,,
United States of America,Massapequa,,,,,,
Unknown,Matinhos,,,,,,
United States of America,Maywood,,,,,,
United States of America,Meadville,,,,,,
Spain,Miajadas,,,,,,
Nigeria,Minna,,,,,,
France,Mions,,,,,,
Italy,Molfetta,,,,,,
Italy,Monterotondo,,,,,,
United States of America,Montgomery Village,,,,,,
Myanmar,Monywa,,,,,,
Russian Federation,Morshansk,,,,,,
Tajikistan,Moskovskiy,,,,,,
Ukraine,Mukacheve,,,,,,
Pakistan,Murree,,,,,,
India,Nagireddipalle,,,,,,
Guatemala,Nahuala,,,,,,
United States of America,Sunland Park,,,,,,
Turkey,Susurluk,,,,,,
Brazil,Suzano,,,,,,
Poland,Swidwin,,,,,,
Poland,Swiebodzice,,,,,,
Myanmar,Syriam,,,,,,
Russian Federation,Sysert,,,,,,
Mexico,Tacambaro,,,,,,
China,Taihe,,,,,,
India,Talaja,,,,,,
Japan,Tanabe,,,,,,
India,Tanuku,,,,,,
Thailand,Tha Maka,,,,,,
Senegal,Thies,,,,,,
Switzerland,Thun,,,,,,
India,Narayangarh,,,,,,
Germany,Naumburg,,,,,,
Japan,Niitsu,,,,,,
Uganda,Njeru,,,,,,
France,Noeux Les Mines,,,,,,
France,Noisy Le Grand,,,,,,
United States of America,North Ridgeville,,,,,,
Brazil,Nova Serrana,,,,,,
Italy,Novi Di Modena,,,,,,
Russian Federation,Novyy Oskol,,,,,,
Mexico,Nuevo San Juan Parangaricutiro,,,,,,
Mexico,Ocosingo,,,,,,
Iran (Islamic Republic of),Khash,,,,,,
Iran (Islamic Republic of),Khorramabad,,,,,,
Kenya,Kiambu,,,,,,
Germany,Kirchhain,,,,,,
Burkina Faso,Kokologo,,,,,,
Germany,Korschenbroich,,,,,,
India,Kot Kapura,,,,,,
Pakistan,Kotri,,,,,,
Latvia,Kraslava,,,,,,
Ukraine,Krasnyy Luch,,,,,,
Indonesia,Kuningan,,,,,,
Russian Federation,Kurchatov,,,,,,
Belgium,Leuven,,,,,,
Thailand,Long,,,,,,
Uganda,Lukaya,,,,,,
Ukraine,Lyubotyn,,,,,,
United Republic of Tanzania,Mahanje,,,,,,
India,Mahmudabad,,,,,,
India,Mairang,,,,,,
India,Mandya,,,,,,
India,Mangaluru,,,,,,
France,Mantes La Jolie,,,,,,
Peru,Marcavelica,,,,,,
Brazil,Marechal Candido Rondon,,,,,,
Spain,Langreo,,,,,,
Brazil,Lapa,,,,,,
Mexico,Las Guacamayas,,,,,,
United States of America,Ledyard,,,,,,
United Republic of Tanzania,Lembeni,,,,,,
Georgia,Lentekhi,,,,,,
China,Liaozhong,,,,,,
Brazil,Oriximina,,,,,,
Czechia,Ostrava,,,,,,
Japan,Oyama,,,,,,
Iran (Islamic Republic of),Pakdasht,,,,,,
Brazil,Parobe,,,,,,
Cuba,Pedro Betancourt,,,,,,
United States of America,Peekskill,,,,,,
China,Peikang,,,,,,
India,Pennadam,,,,,,
Malaysia,Petaling Jaya,,,,,,
Thailand,Phichit,,,,,,
Thailand,Phrae,,,,,,
India,Pipar,,,,,,
Serbia,Pirot,,,,,,
Poland,Pisz,,,,,,
Germany,Plattling,,,,,,
Unknown,Porto San Giorgio,,,,,,
Belgium,Profondeville,,,,,,
Colombia,Puerto Tejada,,,,,,
India,Punalur,,,,,,
Ukraine,Pyryatyn,,,,,,
China,Qianan,,,,,,
Australia,Queanbeyan,,,,,,
Brazil,Queimadas,,,,,,
Pakistan,Quetta,,,,,,
India,Rabupura,,,,,,
Bulgaria,Rakovski,,,,,,
Mexico,Villahermosa,,,,,,
India,Virbhadra,,,,,,
Greece,Viron,,,,,,
Russian Federation,Volgograd,,,,,,
Russian Federation,Volkhov,,,,,,
United States of America,Warren,,,,,,
United States of America,Wasco,,,,,,
United States of America,Wayne,,,,,,
China,Weinan,,,,,,
Germany,Welzheim,,,,,,
India,Wer,,,,,,
United States of America,West Paterson,,,,,,
Belgium,Westerlo,,,,,,
Belgium,Wevelgem,,,,,,
New Zealand,Whakatane,,,,,,
United States of America,Wheaton,,,,,,
China,Wuwei,,,,,,
Côte d'Ivoire,Yamoussoukro,,,,,,
China,Yashan,,,,,,
Russian Federation,Yelan,,,,,,
United Kingdom of Great Britain and Northern Ireland,York,,,,,,
United States of America,Yuma,,,,,,
Mexico,Zapotiltic,,,,,,
Azerbaijan,Zaqatala,,,,,,
Netherlands,Zeewolde,,,,,,
Switzerland,Zurich,,,,,,
Unknown,Acapulco,,,,,,
Australia,Mackay,,,,,,
Mexico,Acuna,,,,,,
India,Madras,,,,,,
Spain,Adra,,,,,,
Nigeria,Agulu,,,,,,
Japan,Akashi,,,,,,
France,Mahina,,,,,,
India,Maholi,,,,,,
South Africa,Malmesbury,,,,,,
Côte d'Ivoire,Man,,,,,,
Spain,Manacor,,,,,,
Italy,Maniago,,,,,,
Brazil,Altonia,,,,,,
Brazil,Alvares Machado,,,,,,
Philippines,Manila,,,,,,
Tunisia,Manubah,,,,,,
Madagascar,Andilamena,,,,,,
Austria,Marchtrenk,,,,,,
Germany,Cloppenburg,,,,,,
India,Angamali,,,,,,
United States of America,Clovis,,,,,,
United Kingdom of Great Britain and Northern Ireland,Antrim,,,,,,
Unknown,Conakry,,,,,,
Italy,Copertino,,,,,,
Serbia,Arandelovac,,,,,,
Iran (Islamic Republic of),Ardakan,,,,,,
Brazil,Cordeiropolis,,,,,,
France,Crepy En Valois,,,,,,
Mexico,Cueramaro,,,,,,
Netherlands,Arnhem,,,,,,
China,Yima,,,,,,
Japan,Yokaichi,,,,,,
Turkey,Artvin,,,,,,
Brazil,Assai,,,,,,
Belarus,Zabinka,,,,,,
Mexico,Zapopan,,,,,,
United States of America,Avenal,,,,,,
Israel,Azur,,,,,,
Romania,Babadag,,,,,,
Ecuador,Babahoyo,,,,,,
Russian Federation,Zimovniki,,,,,,
Mexico,Bacalar,,,,,,
Germany,Bad Iburg,,,,,,
Netherlands,Zwijndrecht,,,,,,
Germany,Bad Kissingen,,,,,,
Germany,Bad Nenndorf,,,,,,
Germany,Bad Soden,,,,,,
Germany,Baesweiler,,,,,,
Russian Federation,Yasnyy,,,,,,
Peru,Bagua Grande,,,,,,
Lebanon,Beirut,,,,,,
Brazil,Belem,,,,,,
Peru,Bellavista,,,,,,
Pakistan,Bhawana,,,,,,
Germany,Birkenau,,,,,,
Russian Federation,Baley,,,,,,
India,Bishna,,,,,,
Indonesia,Bangil,,,,,,
Netherlands,Bladel,,,,,,
Netherlands,Bleiswijk,,,,,,
Australia,Bongaree,,,,,,
Sweden,Boo,,,,,,
Netherlands,Breda,,,,,,
India,Chirgaon,,,,,,
India,Ballarpur,,,,,,
Indonesia,Ciputat,,,,,,
Italy,Cittadella,,,,,,
India,Bandipur,,,,,,
Germany,Clausthal Zellerfeld,,,,,,
Democratic Republic of the Congo,Bangui,,,,,,
India,Barjora,,,,,,
Netherlands,Barneveld,,,,,,
Brazil,Barra Da Estiva,,,,,,
Ukraine,Baryshivka,,,,,,
Germany,Coesfeld,,,,,,
Russian Federation,Arsenyev,,,,,,
Ethiopia,Asbe Teferi,,,,,,
Brazil,Coromandel,,,,,,
Russian Federation,Asha,,,,,,
Portugal,Corroios,,,,,,
Benin,Cove,,,,,,
France,Aubergenville,,,,,,
Nigeria,Auchi,,,,,,
Cuba,Cruces,,,,,,
India,Avanigadda,,,,,,
United States of America,Cumberland,,,,,,
Chile,Curanilahue,,,,,,
Serbia,Backa Topola,,,,,,
Italy,Cusano Milanino,,,,,,
India,Badami,,,,,,
Iraq,Dahuk,,,,,,
Brazil,Belford Roxo,,,,,,
United States of America,Bennington,,,,,,
United States of America,Brooklyn,,,,,,
Netherlands,Bergeijk,,,,,,
Malaysia,Bukit Bakri,,,,,,
United States of America,Burleson,,,,,,
United States of America,Burnsville,,,,,,
United States of America,Burton,,,,,,
Rwanda,Butare,,,,,,
Brazil,Cacapava Do Sul,,,,,,
United States of America,Cahokia,,,,,,
Brazil,Cameta,,,,,,
Romania,Blaj,,,,,,
Italy,Borgo San Lorenzo,,,,,,
Indonesia,Ambulu,,,,,,
Russian Federation,Borisoglebsk,,,,,,
France,Bourg En Bresse,,,,,,
Belgium,Brasschaat,,,,,,
France,Brive La Gaillarde,,,,,,
France,Annecy,,,,,,
France,Annoeullin,,,,,,
Republic of North Macedonia,Aracinovo,,,,,,
Switzerland,Arbon,,,,,,
France,Argentan,,,,,,
Uganda,Bweyogerere,,,,,,
Angola,Camabatela,,,,,,
Nicaragua,Camoapa,,,,,,
Brazil,Camocim,,,,,,
Uruguay,Carmelo,,,,,,
Brazil,Casa Branca,,,,,,
Italy,Casamassima,,,,,,
Italy,Castelfranco Emilia,,,,,,
Republic of North Macedonia,Brvenica,,,,,,
India,Champa,,,,,,
Colombia,Bucaramanga,,,,,,
Indonesia,Buduran,,,,,,
Russian Federation,Tavda,,,,,,
Belgium,Ternat,,,,,,
Netherlands,The Hague,,,,,,
India,Tigri,,,,,,
Philippines,Cagayan De Oro,,,,,,
United States of America,Caguas,,,,,,
Portugal,Calendario,,,,,,
Brazil,Camanducaia,,,,,,
United States of America,Topsham,,,,,,
Costa Rica,Tres Rios,,,,,,
Brazil,Triunfo,,,,,,
Brazil,Canavieiras,,,,,,
Tajikistan,Tugalan,,,,,,
Italy,Canegrate,,,,,,
United States of America,Tukwila,,,,,,
Azerbaijan,Ucar,,,,,,
Brazil,Carinhanha,,,,,,
Italy,Cavallino,,,,,,
El Salvador,Chalatenango,,,,,,
France,Chalette Sur Loing,,,,,,
Turkey,Urla,,,,,,
Hungary,Bekes,,,,,,
Russian Federation,Urus Martan,,,,,,
India,Vaghodia,,,,,,
Madagascar,Betafo,,,,,,
Philippines,Biao,,,,,,
United States of America,Valley Stream,,,,,,
United States of America,Van Buren,,,,,,
India,Vasudevanallur,,,,,,
Argentina,Veinticinco De Mayo,,,,,,
India,Vemalwada,,,,,,
India,Birur,,,,,,
India,Bisauli,,,,,,
France,Blanquefort,,,,,,
Brazil,Bodoco,,,,,,
United States of America,Bostonia,,,,,,
China,Botou,,,,,,
United States of America,Sunset,,,,,,
France,Boulogne Billancourt,,,,,,
China,Suzhou,,,,,,
Germany,Brakel,,,,,,
United States of America,Brea,,,,,,
Denmark,Taastrup,,,,,,
United States of America,Tacoma,,,,,,
United States of America,Takoma Park,,,,,,
Russian Federation,Talitsa,,,,,,
Russian Federation,Cheboksary,,,,,,
Unknown,Chioggia,,,,,,
Peru,Chota,,,,,,
United States of America,West Columbia,,,,,,
Italy,Ciampino,,,,,,
Indonesia,Cibeureum,,,,,,
Germany,Wiesloch,,,,,,
Brazil,Cicero Dantas,,,,,,
United States of America,Windsor,,,,,,
Japan,Yamoto,,,,,,
Russian Federation,Yershov,,,,,,
China,Yian,,,,,,
China,Zaoyang,,,,,,
Bosnia and Herzegovina,Zavidovici,,,,,,
Ukraine,Zhytomyr,,,,,,
Belgium,Zonhoven,,,,,,
France,Conflans Sainte Honorine,,,,,,
Mexico,Zumpango,,,,,,
Germany,Zwickau,,,,,,
United States of America,Cookeville,,,,,,
United States of America,Coppell,,,,,,
France,Corbeil Essonnes,,,,,,
France,Trelaze,,,,,,
Germany,Tubingen,,,,,,
Saudi Arabia,Turayf,,,,,,
Colombia,Turbana,,,,,,
Japan,Ube,,,,,,
Germany,Ubstadt Weiher,,,,,,
Peru,Uchiza,,,,,,
Japan,Ueda,,,,,,
Brazil,Corumba,,,,,,
Netherlands,Cuijk,,,,,,
United States of America,Cupertino,,,,,,
Sudan,Umm Durman,,,,,,
Nigeria,Umuahia,,,,,,
Viet Nam,Uong Bi,,,,,,
United Republic of Tanzania,Urambo,,,,,,
Turkey,Urfa,,,,,,
Switzerland,Uzwil,,,,,,
India,Vadodara,,,,,,
Venezuela (Bolivarian Republic of),Valencia,,,,,,
Armenia,Vardenis,,,,,,
Romania,Piatra Neamt,,,,,,
Argentina,Venado Tuerto,,,,,,
Brazil,Venancio Aires,,,,,,
Seychelles,Victoria,,,,,,
India,Vidisha,,,,,,
Colombia,Villa Del Rosario,,,,,,
Italy,Piove Di Sacco,,,,,,
Romania,Pitesti,,,,,,
Ecuador,Playas,,,,,,
United States of America,Washougal,,,,,,
United States of America,Waukegan,,,,,,
Germany,Weiden,,,,,,
Unknown,Portoferraio,,,,,,
Paraguay,Presidente Franco,,,,,,
Trinidad and Tobago,Princes Town,,,,,,
Cameroon,Maroua,,,,,,
India,Rajura,,,,,,
United States of America,Raleigh,,,,,,
India,Ramnagar,,,,,,
Niger,Matameye,,,,,,
Unknown,Matsuura,,,,,,
Indonesia,Mayong,,,,,,
Turkey,Menemen,,,,,,
India,Polur,,,,,,
Germany,Mettlach,,,,,,
Switzerland,Meyrin,,,,,,
Spain,Oria,,,,,,
Romania,Orsova,,,,,,
United States of America,Miamisburg,,,,,,
Canada,Milton,,,,,,
Bangladesh,Mirzapur,,,,,,
Indonesia,Pandak,,,,,,
Indonesia,Panji,,,,,,
Brazil,Paraopeba,,,,,,
Hungary,Pecel,,,,,,
Brazil,Monte Alto,,,,,,
France,Montmagny,,,,,,
Italy,Monza,,,,,,
Malaysia,Pekan Nenas,,,,,,
India,Morar,,,,,,
Malaysia,Peringat,,,,,,
Japan,Mori,,,,,,
Japan,Rumoi,,,,,,
Turkey,Safranbolu,,,,,,
Russian Federation,Nadvoitsy,,,,,,
India,Nagar,,,,,,
Japan,Saijo,,,,,,
United Republic of Tanzania,Nangwa,,,,,,
Russian Federation,Samashki,,,,,,
Chad,Moundou,,,,,,
Germany,Mulheim,,,,,,
Austria,Rankweil,,,,,,
China,Nanjing,,,,,,
Finland,Rauma,,,,,,
Russian Federation,Reftinskiy,,,,,,
Italy,Rende,,,,,,
Unknown,Rhyl,,,,,,
Mexico,Rio Bravo,,,,,,
Unknown,Rio Das Ostras,,,,,,
Brazil,Rio Largo,,,,,,
United States of America,Rock Island,,,,,,
France,Ozoir La Ferriere,,,,,,
Russian Federation,Narimanov,,,,,,
Philippines,Paete,,,,,,
India,Nawashahr,,,,,,
Botswana,Palapye,,,,,,
Germany,Neckargemund,,,,,,
Brazil,Palmas,,,,,,
India,Neral,,,,,,
Israel,Netanya,,,,,,
France,Sainte Foy Les Lyon,,,,,,
France,Neuilly Plaisance,,,,,,
United Kingdom of Great Britain and Northern Ireland,Newtownards,,,,,,
Italy,Samarate,,,,,,
Benin,Nikki,,,,,,
Russian Federation,Kanash,,,,,,
India,Kapra,,,,,,
India,Karumbakkam,,,,,,
Japan,Kasamatsu,,,,,,
Russian Federation,Kenzhe,,,,,,
Malaysia,Kerteh,,,,,,
China,Keshan,,,,,,
India,Khajuraho,,,,,,
India,Khapa,,,,,,
India,Hodal,,,,,,
Colombia,Honda,,,,,,
Denmark,Horsholm,,,,,,
Mexico,Huimanguillo,,,,,,
Mexico,Huitzuco,,,,,,
Unknown,Icod De Los Vinos,,,,,,
Nigeria,Ikere,,,,,,
Russian Federation,Ilanskiy,,,,,,
Poland,Ilawa,,,,,,
India,Jharia,,,,,,
Iran (Islamic Republic of),Jiroft,,,,,,
Serbia,Kac,,,,,,
India,Kailasahar,,,,,,
Greece,Kalivia Thorikou,,,,,,
Japan,Kameoka,,,,,,
Japan,Kamogata,,,,,,
Uganda,Kampala,,,,,,
Thailand,Nong Ki,,,,,,
Japan,Nonoichi,,,,,,
Netherlands,Noordwijk,,,,,,
United States of America,North Bay Shore,,,,,,
United States of America,North Decatur,,,,,,
Japan,Noshiro,,,,,,
Brazil,Obidos,,,,,,
Japan,Odate,,,,,,
Germany,Oelde,,,,,,
Nigeria,Abeokuta,,,,,,
Brazil,Acopiara,,,,,,
India,Adoni,,,,,,
Russian Federation,Afipskiy,,,,,,
Portugal,Alhos Vedros,,,,,,
Myanmar,Allanmyo,,,,,,
India,Allapalli,,,,,,
Unknown,Alta,,,,,,
Brazil,Alvorada,,,,,,
Mexico,Anahuac,,,,,,
India,Anandpur Sahib,,,,,,
France,Andresy,,,,,,
Belgium,Anzegem,,,,,,
Russian Federation,Apsheronsk,,,,,,
Brazil,Araquari,,,,,,
Japan,Asahikawa,,,,,,
Ethiopia,Awassa,,,,,,
Germany,Bad Harzburg,,,,,,
India,Bagar,,,,,,
France,Bagnolet,,,,,,
Tunisia,Bajah,,,,,,
Brazil,Bandeirantes,,,,,,
United States of America,Banning,,,,,,
Spain,Baranain,,,,,,
United Kingdom of Great Britain and Northern Ireland,Barry,,,,,,
Ukraine,Barvinkove,,,,,,
Russian Federation,Blagoveshchensk,,,,,,
Brazil,Blumenau,,,,,,
Ethiopia,Boditi,,,,,,
Russian Federation,Bologoye,,,,,,
Indonesia,Bondowoso,,,,,,
United States of America,Bourbonnais,,,,,,
Italy,Busto Garolfo,,,,,,
United States of America,Calabasas,,,,,,
South Africa,Cape Town,,,,,,
Romania,Caransebes,,,,,,
Italy,Castellana Grotte,,,,,,
Brazil,Castro Alves,,,,,,
Turkey,Cay,,,,,,
Turkey,Cermik,,,,,,
France,Chambery,,,,,,
India,Chandauli,,,,,,
Republic of North Macedonia,Berovo,,,,,,
Spain,Betanzos,,,,,,
Ghana,Bibiani,,,,,,
Chad,Biltine,,,,,,
India,Chatsu,,,,,,
Panama,Chepo,,,,,,
Ukraine,Chuhuyiv,,,,,,
Venezuela (Bolivarian Republic of),Ciudad Guayana,,,,,,
Venezuela (Bolivarian Republic of),Ciudad Ojeda,,,,,,
Belgium,Blankenberge,,,,,,
Brazil,Boituva,,,,,,
China,Bose,,,,,,
Germany,Bovenden,,,,,,
France,Bretigny Sur Orge,,,,,,
Peru,Colan,,,,,,
Mexico,Colima,,,,,,
United States of America,Corcoran,,,,,,
United Kingdom of Great Britain and Northern Ireland,Cumbernauld,,,,,,
Poland,Kartuzy,,,,,,
Japan,Kasama,,,,,,
Sri Lanka,Katunayaka,,,,,,
India,Gonda,,,,,,
Papua New Guinea,Goroka,,,,,,
Germany,Grobenzell,,,,,,
Mexico,Guadalupe Victoria,,,,,,
India,Guna,,,,,,
Japan,Haebaru,,,,,,
Unknown,Half Moon Bay,,,,,,
United States of America,Haltom City,,,,,,
United States of America,Hannibal,,,,,,
Unknown,Hendaye,,,,,,
Germany,Heusenstamm,,,,,,
Slovakia,Hlohovec,,,,,,
Germany,Hochst,,,,,,
Austria,Hohenems,,,,,,
United States of America,Holt,,,,,,
China,Honggang,,,,,,
China,Hsichih,,,,,,
United Kingdom of Great Britain and Northern Ireland,Huntingdon,,,,,,
Romania,Iasi,,,,,,
Brazil,Iguatu,,,,,,
Japan,Owase,,,,,,
France,Oyonnax,,,,,,
Philippines,Pacol,,,,,,
United States of America,Palatka,,,,,,
India,Parvatsar,,,,,,
China,Pate,,,,,,
India,Perumpavur,,,,,,
Germany,Philippsburg,,,,,,
Mexico,Paracho,,,,,,
India,Pardi,,,,,,
Brazil,Pariquera Acu,,,,,,
Bolivia (Plurinational State of),San Borja,,,,,,
United States of America,San Luis Obispo,,,,,,
Philippines,San Marcelino,,,,,,
China,Sanchung,,,,,,
Germany,Sangerhausen,,,,,,
Italy,Santo Stino Di Livenza,,,,,,
Brazil,Sao Gotardo,,,,,,
United States of America,Framingham,,,,,,
Brazil,Frederico Westphalen,,,,,,
Canada,Fredericton,,,,,,
Germany,Fulda,,,,,,
Colombia,Fundacion,,,,,,
Ireland,Galway,,,,,,
India,Gangakher,,,,,,
Iran (Islamic Republic of),Garmsar,,,,,,
Cameroon,Garoua Boulai,,,,,,
Libya,Gat,,,,,,
Uzbekistan,Gazli,,,,,,
Belgium,Gent,,,,,,
India,Ghoti,,,,,,
Tajikistan,Khujand,,,,,,
Russian Federation,Kirzhach,,,,,,
Indonesia,Kisaran,,,,,,
Switzerland,Kloten,,,,,,
Pakistan,Kohlu,,,,,,
Russian Federation,Korkino,,,,,,
Russian Federation,Solnechnyy,,,,,,
United States of America,South Orange,,,,,,
United States of America,Stevens Point,,,,,,
Slovakia,Stropkov,,,,,,
Ecuador,Pujili,,,,,,
India,Puliyur,,,,,,
India,Ramkola,,,,,,
Germany,Rheinberg,,,,,,
Italy,Riese,,,,,,
India,Ringas,,,,,,
Cuba,Rio Cauto,,,,,,
Canada,Riviere Du Loup,,,,,,
United States of America,Roseburg,,,,,,
Netherlands,Rucphen,,,,,,
Guatemala,San Agustin Acasaguastlan,,,,,,
Italy,San Felice Sul Panaro,,,,,,
Philippines,San Mariano,,,,,,
Austria,Sankt Polten,,,,,,
Brazil,Sao Luiz Gonzaga,,,,,,
Ethiopia,Awash,,,,,,
India,Badarpur,,,,,,
Ethiopia,Bahir Dar,,,,,,
India,Ballia,,,,,,
Ghana,Bawku,,,,,,
Poland,Bedzin,,,,,,
Brazil,Belo Oriente,,,,,,
Spain,Benalmadena,,,,,,
Ghana,Berekum,,,,,,
India,Bhachau,,,,,,
Bangladesh,Bhola,,,,,,
Algeria,Birin,,,,,,
Iran (Islamic Republic of),Birjand,,,,,,
Cameroon,Abong Mbang,,,,,,
Brazil,Aguas Vermelhas,,,,,,
India,Ahmadabad,,,,,,
United States of America,Aiken,,,,,,
Brazil,Aimores,,,,,,
India,Alangudi,,,,,,
Spain,Alcaudete,,,,,,
India,Alirajpur,,,,,,
Japan,Ami,,,,,,
India,Ammapettai,,,,,,
Brazil,Andradas,,,,,,
India,Arambagh,,,,,,
India,Araria,,,,,,
Spain,Archena,,,,,,
Spain,Arcos De La Frontera,,,,,,
Colombia,Arjona,,,,,,
Switzerland,Solothurn,,,,,,
United States of America,Somers,,,,,,
Italy,Stezzano,,,,,,
Republic of North Macedonia,Studenicani,,,,,,
Russian Federation,Pargolovo,,,,,,
Slovakia,Partizanske,,,,,,
United States of America,Passaic,,,,,,
Brazil,Patrocinio,,,,,,
United States of America,Pembroke,,,,,,
Russian Federation,Pereslavl Zalesskiy,,,,,,
Russian Federation,Pervomaysk,,,,,,
Russian Federation,Petukhovo,,,,,,
Germany,Pfarrkirchen,,,,,,
United States of America,Pine Hill,,,,,,
United States of America,Piqua,,,,,,
Brazil,Pirenopolis,,,,,,
United States of America,Port Charlotte,,,,,,
Brazil,Porto Feliz,,,,,,
Iran (Islamic Republic of),Sari,,,,,,
United States of America,Seabrook,,,,,,
United States of America,Sedona,,,,,,
Brazil,Serra Negra,,,,,,
France,Sevran,,,,,,
Spain,Silla,,,,,,
United States of America,Smithfield,,,,,,
France,Soissons,,,,,,
Germany,Osnabruck,,,,,,
Poland,Oswiecim,,,,,,
Indonesia,Padalarang,,,,,,
United States of America,Painesville,,,,,,
United States of America,Bayshore Gardens,,,,,,
Italy,Sulmona,,,,,,
Ukraine,Sumy,,,,,,
France,Bischwiller,,,,,,
South Africa,Bloemfontein,,,,,,
Chad,Bongor,,,,,,
Canada,Bradford,,,,,,
Congo,Brazzaville,,,,,,
Thailand,Bua Yai,,,,,,
Uzbekistan,Buka,,,,,,
Philippines,Bulalacao,,,,,,
United Republic of Tanzania,Bwanga,,,,,,
Peru,Caraz,,,,,,
Brazil,Caririacu,,,,,,
Brazil,Carmo Do Paranaiba,,,,,,
Venezuela (Bolivarian Republic of),Carupano,,,,,,
Italy,Casandrino,,,,,,
United States of America,Cedar City,,,,,,
India,Chandia,,,,,,
China,Changchun,,,,,,
France,Chatellerault,,,,,,
Ukraine,Cherkasy,,,,,,
Japan,Chichibu,,,,,,
Poland,Choszczno,,,,,,
Pakistan,Chunian,,,,,,
Indonesia,Cicalengka,,,,,,
Indonesia,Ciomas,,,,,,
Brazil,Conceicao Do Rio Verde,,,,,,
United States of America,Conneaut,,,,,,
United States of America,Corning,,,,,,
United States of America,Corozal,,,,,,
United States of America,Crown Point,,,,,,
United States of America,Cypress,,,,,,
Russian Federation,Dagestanskiye Ogni,,,,,,
United Kingdom of Great Britain and Northern Ireland,Abingdon,,,,,,
Italy,Acquaviva Delle Fonti,,,,,,
Russian Federation,Adygeysk,,,,,,
Russian Federation,Aginskoye,,,,,,
India,Ahraura,,,,,,
Japan,Aki,,,,,,
Spain,Alcobendas,,,,,,
United States of America,Aliso Viejo,,,,,,
South Africa,Allanridge,,,,,,
Spain,Almonte,,,,,,
Spain,Antequera,,,,,,
France,Anzin,,,,,,
United States of America,Asheville,,,,,,
Greece,Ayios Nikolaos,,,,,,
India,Bah,,,,,,
Senegal,Bakel,,,,,,
India,Baloda Bazar,,,,,,
Thailand,Bang Racham,,,,,,
Cuba,Baracoa,,,,,,
Venezuela (Bolivarian Republic of),Barinas,,,,,,
India,Barnala,,,,,,
Philippines,Batangas,,,,,,
Russian Federation,Baymak,,,,,,
United States of America,Berwyn,,,,,,
Central African Republic,Bozoum,,,,,,
Turkey,Bozuyuk,,,,,,
United States of America,Braintree,,,,,,
Germany,Brandenburg,,,,,,
Russian Federation,Bredy,,,,,,
Slovakia,Brezno,,,,,,
Belgium,Brussels,,,,,,
India,Budaun,,,,,,
Chile,Bulnes,,,,,,
Turkey,Burdur,,,,,,
Nepal,Butwal,,,,,,
China,Cangzhou,,,,,,
Venezuela (Bolivarian Republic of),Caracas,,,,,,
Spain,Cardedeu,,,,,,
Mexico,Celaya,,,,,,
United States of America,Centreville,,,,,,
Thailand,Chai Nat,,,,,,
Russian Federation,Chapaevsk,,,,,,
Venezuela (Bolivarian Republic of),Charallave,,,,,,
United Kingdom of Great Britain and Northern Ireland,Chichester,,,,,,
Venezuela (Bolivarian Republic of),Ciudad Bolivar,,,,,,
Unknown,Cleethorpes,,,,,,
United States of America,Cleveland,,,,,,
India,Abohar,,,,,,
Spain,Adeje,,,,,,
United States of America,Affton,,,,,,
Iran (Islamic Republic of),Ahvaz,,,,,,
Russian Federation,Ak Dovurak,,,,,,
Costa Rica,Alajuela,,,,,,
India,Aliganj,,,,,,
India,Khargone,,,,,,
Pakistan,Khipro,,,,,,
India,Khirkiya,,,,,,
Ireland,Kilkenny,,,,,,
Russian Federation,Kireyevsk,,,,,,
United States of America,Kirkland,,,,,,
Austria,Klagenfurt,,,,,,
Burkina Faso,Kongoussi,,,,,,
Nigeria,Kontagora,,,,,,
Ukraine,Kostyantynivka,,,,,,
Unknown,Kota Kinabalu,,,,,,
Pakistan,Kotli Loharan,,,,,,
Russian Federation,Krasnyy Sulin,,,,,,
Germany,Krefeld,,,,,,
Japan,Kuki,,,,,,
India,Kurduvadi,,,,,,
Uzbekistan,Kuybyshevo,,,,,,
Chad,Kyabe,,,,,,
Myanmar,Kyaikto,,,,,,
France,Landerneau,,,,,,
Germany,Lauffen,,,,,,
United States of America,Layton,,,,,,
France,Le Raincy,,,,,,
Netherlands,Leiden,,,,,,
United Kingdom of Great Britain and Northern Ireland,Lichfield,,,,,,
Czechia,Litomysl,,,,,,
United States of America,Little Rock,,,,,,
Germany,Loxstedt,,,,,,
Germany,Lubben,,,,,,
Italy,Lucera,,,,,,
Italy,Mariano Comense,,,,,,
