Country,City,Unnamed: 2,Unnamed: 3,Unnamed: 4,Unnamed: 5,Unnamed: 6,Unnamed: 7
France,Champigny Sur Marne,,,,,,
Mexico,Chetumal,,,,,,
India,Chhata,,,,,,
Chile,Chimbarongo,,,,,,
Zambia,Chinsali,,,,,,
Japan,Chofu,,,,,,
France,Cholet,,,,,,
China,Choucheng,,,,,,
Burundi,Cibitoke,,,,,,
Indonesia,Ciledug,,,,,,
Italy,Cinisello Balsamo,,,,,,
Italy,Civitavecchia,,,,,,
France,Clermont Ferrand,,,,,,
Germany,Cleves,,,,,,
United States of America,Clifton,,,,,,
Ireland,Clonmel,,,,,,
Kenya,Taveta,,,,,,
Philippines,Tayug,,,,,,
Romania,Tecuci,,,,,,
United States of America,Tehachapi,,,,,,
Guinea,Telimele,,,,,,
Japan,Tendo,,,,,,
Canada,Terrace,,,,,,
Lesotho,Teyateyaneng,,,,,,
South Africa,Thaba Nchu,,,,,,
United States of America,The Woodlands,,,,,,
Greece,Thermi,,,,,,
Greece,Thessaloniki,,,,,,
United States of America,Thousand Oaks,,,,,,
Israel,Tirat Karmel,,,,,,
India,Tiruvannamalai,,,,,,
Japan,Tokuyama,,,,,,
Japan,Tomakomai,,,,,,
Russian Federation,Uren,,,,,,
Japan,Ushiku,,,,,,
Russian Federation,Ust Dzheguta,,,,,,
France,Valbonne,,,,,,
Portugal,Valongo,,,,,,
Romania,Vaslui,,,,,,
Portugal,Vendas Novas,,,,,,
Ecuador,Ventanas,,,,,,
Haiti,Verrettes,,,,,,
South Sudan,Tonj,,,,,,
United States of America,Topeka,,,,,,
Russian Federation,Toropets,,,,,,
Mexico,Tototlan,,,,,,
Argentina,Trelew,,,,,,
Brazil,Tres De Maio,,,,,,
Russian Federation,Troitskiy,,,,,,
United States of America,Trotwood,,,,,,
Algeria,Tuggurt,,,,,,
Trinidad and Tobago,Tunapuna,,,,,,
Colombia,Tunja,,,,,,
Colombia,Turbo,,,,,,
Indonesia,Ubud,,,,,,
India,Ujhani,,,,,,
Indonesia,Sunggal,,,,,,
Tunisia,Susah,,,,,,
Poland,Suwalki,,,,,,
Ghana,Swedru,,,,,,
Sudan,Tabat,,,,,,
India,Tadepalle,,,,,,
China,Tahe,,,,,,
India,Takhatpur,,,,,,
India,Talcher,,,,,,
United States of America,Tallmadge,,,,,,
Japan,Tamana,,,,,,
Brazil,Taquara,,,,,,
Libya,Tarhunah,,,,,,
Italy,Tarquinia,,,,,,
Hungary,Tatabanya,,,,,,
Brazil,Olinda,,,,,,
Israel,Or Yehuda,,,,,,
Romania,Orastie,,,,,,
Sweden,Orebro,,,,,,
Greece,Orestias,,,,,,
Czechia,Orlova,,,,,,
Philippines,Ormoc,,,,,,
United Kingdom of Great Britain and Northern Ireland,Ormskirk,,,,,,
United States of America,Oro Valley,,,,,,
Nigeria,Oron,,,,,,
Germany,Oschersleben,,,,,,
Belgium,Ostend,,,,,,
France,Outreau,,,,,,
United States of America,Oviedo,,,,,,
Canada,Owen Sound,,,,,,
Australia,Pakenham,,,,,,
France,Palaiseau,,,,,,
India,Palwal,,,,,,
Italy,Paola,,,,,,
Argentina,Parana,,,,,,
Brazil,Parintins,,,,,,
South Africa,Parys,,,,,,
Peru,Pativilca,,,,,,
Brazil,Patos De Minas,,,,,,
Hungary,Pecs,,,,,,
Italy,Pedara,,,,,,
United States of America,Pedley,,,,,,
Brazil,Penalva,,,,,,
United States of America,Peru,,,,,,
India,Perundurai,,,,,,
Iraq,Panjwin,,,,,,
India,Pansemal,,,,,,
Colombia,Pereira,,,,,,
Germany,Pfullingen,,,,,,
Czechia,Prachatice,,,,,,
Indonesia,Praya,,,,,,
Serbia,Priboj,,,,,,
Russian Federation,Pridonskoy,,,,,,
Republic of North Macedonia,Probistip,,,,,,
Brazil,Promissao,,,,,,
Poland,Przeworsk,,,,,,
Spain,Puerto Del Rosario,,,,,,
Peru,Puerto Maldonado,,,,,,
Colombia,Puerto Santander,,,,,,
Bolivia (Plurinational State of),Punata,,,,,,
Russian Federation,Pushkin,,,,,,
Pakistan,Qadirpur Ran,,,,,,
France,Quimper,,,,,,
Colombia,Quinchia,,,,,,
Mexico,Quiroga,,,,,,
Greece,Rafina,,,,,,
India,Rajnagar,,,,,,
France,Pierrelatte,,,,,,
Spain,Pilas,,,,,,
China,Pingxiang,,,,,,
United States of America,Placerville,,,,,,
United States of America,Pleasant Prairie,,,,,,
Brazil,Pombos,,,,,,
Spain,Ponferrada,,,,,,
Portugal,Ponte De Sor,,,,,,
Italy,Porcia,,,,,,
Italy,Olgiate Comasco,,,,,,
Poland,Olkusz,,,,,,
Switzerland,Olten,,,,,,
United States of America,Opa Locka,,,,,,
Russian Federation,Opochka,,,,,,
Serbia,Orahovac,,,,,,
United States of America,Orangevale,,,,,,
Russian Federation,Orekhovo Zuevo,,,,,,
Canada,Oshawa,,,,,,
France,Ostwald,,,,,,
Burkina Faso,Ouahigouya,,,,,,
Belgium,Oupeye,,,,,,
United States of America,Pacific Grove,,,,,,
Germany,Paderborn,,,,,,
Philippines,Pagadian,,,,,,
India,Palakollu,,,,,,
Italy,Palermo,,,,,,
Brazil,Palhoca,,,,,,
India,Pali,,,,,,
United States of America,Palisades Park,,,,,,
Australia,Palmerston,,,,,,
Bulgaria,Panagjuriste,,,,,,
Panama,Panama,,,,,,
India,Rampur Hat,,,,,,
India,Rayadrug,,,,,,
Russian Federation,Raychikhinsk,,,,,,
Zimbabwe,Redcliffe,,,,,,
United States of America,Redlands,,,,,,
Brazil,Remanso,,,,,,
Belgium,Retie,,,,,,
Germany,Rhede,,,,,,
Brazil,Rio Negro,,,,,,
Spain,Ripollet,,,,,,
India,Robertsganj,,,,,,
United States of America,Rochester Hills,,,,,,
United States of America,Rock Hill,,,,,,
Australia,Rockhampton,,,,,,
China,Rongcheng,,,,,,
India,Madhogarh,,,,,,
United States of America,Madison Heights,,,,,,
India,Mahiari,,,,,,
Niger,Maine Soroa,,,,,,
Philippines,Malabanban,,,,,,
Nepal,Malangwa,,,,,,
Spain,Malgrat De Mar,,,,,,
Brazil,Mamanguape,,,,,,
Ghana,Mampong,,,,,,
Guinea,Mandiana,,,,,,
United Republic of Tanzania,Maposeni,,,,,,
Portugal,Margaride,,,,,,
Romania,Marghita,,,,,,
Brazil,Codajas,,,,,,
United Kingdom of Great Britain and Northern Ireland,Coleraine,,,,,,
United States of America,Commerce,,,,,,
Peru,Contamana,,,,,,
Italy,Conversano,,,,,,
Brazil,Coracao De Jesus,,,,,,
France,Coueron,,,,,,
France,Courrieres,,,,,,
Mexico,Cozumel,,,,,,
Australia,Craigieburn,,,,,,
United Kingdom of Great Britain and Northern Ireland,Crowthorne,,,,,,
Brazil,Cruzeiro Do Sul,,,,,,
Hungary,Csorna,,,,,,
Indonesia,Curug,,,,,,
Thailand,Phon,,,,,,
Greece,Pilaia,,,,,,
Philippines,Pili,,,,,,
Pakistan,Pindi Bhattian,,,,,,
Brazil,Piquete,,,,,,
Guinea,Pita,,,,,,
Mauritius,Plaine Magnien,,,,,,
Germany,Plettenberg,,,,,,
Romania,Ploiesti,,,,,,
United States of America,Plover,,,,,,
Russian Federation,Podolsk,,,,,,
Greece,Polikhni,,,,,,
United States of America,Port Saint John,,,,,,
Finland,Porvoo,,,,,,
Spain,Pozuelo De Alarcon,,,,,,
Russian Federation,Prokopyevsk,,,,,,
Serbia,Prokuplje,,,,,,
Russian Federation,Promyshlennaya,,,,,,
Greece,Ptolemais,,,,,,
Venezuela (Bolivarian Republic of),Punto Fijo,,,,,,
Peru,Puquio,,,,,,
Azerbaijan,Pushkino,,,,,,
Ecuador,Puyo,,,,,,
Myanmar,Pyay,,,,,,
Portugal,Queluz,,,,,,
Romania,Radauti,,,,,,
India,Rahon,,,,,,
India,Rajula,,,,,,
Portugal,Ramada,,,,,,
India,Ramanuj Ganj,,,,,,
France,Roubaix,,,,,,
Unknown,Runcorn,,,,,,
Italy,Russi,,,,,,
Burundi,Ruyigi,,,,,,
Rwanda,Rwamagana,,,,,,
Germany,Saarlouis,,,,,,
Mexico,Sabinas,,,,,,
India,Saharanpur,,,,,,
India,Sahawar,,,,,,
India,Saiha,,,,,,
India,Sakleshpur,,,,,,
Iran (Islamic Republic of),Salmas,,,,,,
Italy,San Cesareo,,,,,,
Italy,San Dona Di Piave,,,,,,
Italy,San Gregorio Di Catania,,,,,,
Mexico,San Juan De Los Lagos,,,,,,
Colombia,San Juan De Uraba,,,,,,
Mexico,San Julian,,,,,,
El Salvador,San Martin,,,,,,
Panama,San Miguelito,,,,,,
Mexico,San Pablo De Las Salinas,,,,,,
Germany,Sankt Augustin,,,,,,
Germany,Sankt Georgen,,,,,,
Spain,Sant Pere De Ribes,,,,,,
Spain,Santa Marta De Tormes,,,,,,
Spain,Santomera,,,,,,
Unknown,Sao Francisco Do Conde,,,,,,
Indonesia,Pandegelang,,,,,,
Mexico,Papalotla,,,,,,
Germany,Parchim,,,,,,
France,Passy,,,,,,
India,Penukonda,,,,,,
Brazil,Pereira Barreto,,,,,,
Philippines,Perrelos,,,,,,
Belgium,Peruwelz,,,,,,
Indonesia,Peterongan,,,,,,
India,Petlawad,,,,,,
Brazil,Petropolis,,,,,,
Germany,Pforzheim,,,,,,
Thailand,Phanom Sarakham,,,,,,
Pakistan,Bahawalpur,,,,,,
Turkmenistan,Baherden,,,,,,
United States of America,Bainbridge,,,,,,
United States of America,Balch Springs,,,,,,
Philippines,Baliuag,,,,,,
Sweden,Balsta,,,,,,
India,Bangaon,,,,,,
Philippines,Bangar,,,,,,
Indonesia,Bangkalan,,,,,,
China,Baoji,,,,,,
Bangladesh,Barisal,,,,,,
Brazil,Barroquinha,,,,,,
Russian Federation,Bisert,,,,,,
Unknown,Bissau,,,,,,
Italy,Bitetto,,,,,,
United States of America,Black Forest,,,,,,
Malawi,Blantyre,,,,,,
Germany,Bohmte,,,,,,
Ukraine,Bolekhiv,,,,,,
India,Bongaigaon,,,,,,
Colombia,Bosconia,,,,,,
Italy,Boscoreale,,,,,,
United States of America,Brainerd,,,,,,
Germany,Brand Erbisdorf,,,,,,
Belgium,Brecht,,,,,,
Brazil,Brejo Santo,,,,,,
Netherlands,Brielle,,,,,,
South Africa,Brits,,,,,,
Netherlands,Beek,,,,,,
Belgium,Beernem,,,,,,
United States of America,Bellview,,,,,,
Germany,Belm,,,,,,
Italy,Belpasso,,,,,,
Germany,Bendorf,,,,,,
Egypt,Beni Suef,,,,,,
Spain,Bermeo,,,,,,
Italy,Besana In Brianza,,,,,,
Guinea,Beyla,,,,,,
France,Beziers,,,,,,
India,Bhander,,,,,,
India,Bhanpuri,,,,,,
India,Bhattiprolu,,,,,,
India,Bhimunipatnam,,,,,,
India,Bicholim,,,,,,
United Kingdom of Great Britain and Northern Ireland,Bideford,,,,,,
Kingdom of Eswatini,Big Bend,,,,,,
India,Bilara,,,,,,
Turkey,Birecik,,,,,,
Brazil,Artur Nogueira,,,,,,
Tunisia,Aryanah,,,,,,
Bulgaria,Asenovgrad,,,,,,
United States of America,Ashland,,,,,,
India,Asind,,,,,,
India,Atrauli,,,,,,
Germany,Augsburg,,,,,,
Italy,Aulla,,,,,,
United States of America,Azalea Park,,,,,,
Spain,Azuqueca De Henares,,,,,,
India,Baberu,,,,,,
Philippines,Bacolod,,,,,,
Austria,Bad Ischl,,,,,,
United Republic of Tanzania,Bagamoyo,,,,,,
Portugal,Baguim Do Monte,,,,,,
China,Shenjiamen,,,,,,
India,Shikarpur,,,,,,
China,Shunyi,,,,,,
Pakistan,Sialkot,,,,,,
United Kingdom of Great Britain and Northern Ireland,Sidmouth,,,,,,
Malaysia,Simpang Empat,,,,,,
Unknown,Sitrah,,,,,,
Ukraine,Snizhne,,,,,,
Netherlands,Soest,,,,,,
Brazil,Soledade,,,,,,
Italy,Sondrio,,,,,,
France,Sorgues,,,,,,
United States of America,South Lake Tahoe,,,,,,
United States of America,South Venice,,,,,,
United States of America,South Whittier,,,,,,
Germany,Spiesen Elversberg,,,,,,
Italy,Spilimbergo,,,,,,
Slovakia,Spisska Nova Ves,,,,,,
United Kingdom of Great Britain and Northern Ireland,Stretford,,,,,,
United States of America,Struthers,,,,,,
Bangladesh,Sunamganj,,,,,,
Thailand,Sung Noen,,,,,,
Malaysia,Sungai Siput Utara,,,,,,
United States of America,Sycamore,,,,,,
China,Tailai,,,,,,
Japan,Takanabe,,,,,,
Japan,Takasaki,,,,,,
Pakistan,Talagang,,,,,,
Pakistan,Talhar,,,,,,
Niger,Tanout,,,,,,
India,Taoru,,,,,,
India,Taranagar,,,,,,
Romania,Targu Jiu,,,,,,
Bolivia (Plurinational State of),Tarija,,,,,,
Japan,Tateyama,,,,,,
Thailand,Khon Buri,,,,,,
Georgia,Khoni,,,,,,
India,Khurja,,,,,,
Republic of North Macedonia,Kicevo,,,,,,
Germany,Kirkel,,,,,,
Japan,Kisai,,,,,,
Hungary,Kiskunmajsa,,,,,,
Germany,Kitzingen,,,,,,
Japan,Kizukuri,,,,,,
South Africa,Klerksdorp,,,,,,
Thailand,Ko Samui,,,,,,
Unknown,Kochi,,,,,,
Belgium,Koksijde,,,,,,
Hungary,Komlo,,,,,,
South Africa,Koster,,,,,,
Cameroon,Kousseri,,,,,,
Indonesia,Kudus,,,,,,
Serbia,Kula,,,,,,
India,Kurali,,,,,,
Japan,Kuroishi,,,,,,
Lithuania,Kursenai,,,,,,
Finland,Kuusamo,,,,,,
France,La Courneuve,,,,,,
United States of America,La Crosse,,,,,,
Argentina,La Plata,,,,,,
United States of America,La Vergne,,,,,,
Nigeria,Lafia,,,,,,
Brazil,Lagoa Do Itaenga,,,,,,
Chad,Lai,,,,,,
India,Lakheri,,,,,,
Bangladesh,Lakshmipur,,,,,,
Argentina,Lambare,,,,,,
United States of America,Lancaster,,,,,,
United States of America,Laurinburg,,,,,,
Germany,Lauterbach,,,,,,
France,Le Portel,,,,,,
Poland,Lebork,,,,,,
Portugal,Leiria,,,,,,
Italy,Lendinara,,,,,,
Russian Federation,Lensk,,,,,,
Lithuania,Lentvaris,,,,,,
Russian Federation,Lesosibirsk,,,,,,
China,Liaoyang,,,,,,
Poland,Limanowa,,,,,,
Brazil,Limoeiro Do Norte,,,,,,
Guyana,Linden,,,,,,
China,Linfen,,,,,,
Brazil,Linhares,,,,,,
Russian Federation,Lipetsk,,,,,,
Australia,Lismore,,,,,,
United States of America,Live Oak,,,,,,
United States of America,Loma Linda,,,,,,
Italy,Lonato,,,,,,
United Kingdom of Great Britain and Northern Ireland,Londonderry,,,,,,
Italy,Loreto,,,,,,
United States of America,Lorton,,,,,,
United States of America,Los Altos,,,,,,
South Africa,Louis Trichardt,,,,,,
Germany,Ludenscheid,,,,,,
United States of America,Lyndon,,,,,,
Russian Federation,Lysogorskaya,,,,,,
Russian Federation,Lytkarino,,,,,,
India,Madikeri,,,,,,
India,Madurai,,,,,,
India,Maheshwar,,,,,,
France,Maisons Laffitte,,,,,,
Indonesia,Majalengka,,,,,,
Guatemala,Malacatan,,,,,,
Russian Federation,Malakhovka,,,,,,
United Republic of Tanzania,Malampaka,,,,,,
Germany,Malente,,,,,,
Philippines,Malolos,,,,,,
Norway,Mandal,,,,,,
Italy,Manduria,,,,,,
Brazil,Maracas,,,,,,
Russian Federation,Dankov,,,,,,
Russian Federation,Davydovo,,,,,,
Poland,Debica,,,,,,
Russian Federation,Dedovsk,,,,,,
United States of America,Defiance,,,,,,
India,Delhi,,,,,,
Belgium,Destelbergen,,,,,,
India,Dhandhuka,,,,,,
United States of America,Diamond Bar,,,,,,
India,Diglur,,,,,,
Belgium,Diksmuide,,,,,,
Russian Federation,Dimitrovgrad,,,,,,
Pakistan,Dina,,,,,,
Indonesia,Diwek,,,,,,
India,Doda,,,,,,
Spain,Don Benito,,,,,,
Netherlands,Dongen,,,,,,
China,Dongfeng,,,,,,
United States of America,Douglas,,,,,,
Indonesia,Dukuhturi,,,,,,
United States of America,Dundalk,,,,,,
Ghana,Dunkwa,,,,,,
United States of America,Durango,,,,,,
United Kingdom of Great Britain and Northern Ireland,Durham,,,,,,
Tajikistan,Dushanbe,,,,,,
Germany,Edemissen,,,,,,
United States of America,Edmond,,,,,,
United States of America,Edmonds,,,,,,
Brazil,Eirunepe,,,,,,
Mexico,El Colomo,,,,,,
United States of America,Elizabethton,,,,,,
Germany,Elsdorf,,,,,,
Unknown,Frederikshavn,,,,,,
Germany,Freudenstadt,,,,,,
Japan,Fuji,,,,,,
Japan,Fujiidera,,,,,,
Japan,Fukuma,,,,,,
China,Fushun,,,,,,
United States of America,Gaithersburg,,,,,,
Colombia,Galapa,,,,,,
Italy,Galatina,,,,,,
Italy,Galliate,,,,,,
India,Garhakota,,,,,,
India,Garwa,,,,,,
Indonesia,Gedangan,,,,,,
Australia,Geelong,,,,,,
China,Gejiu,,,,,,
Germany,Gerlingen,,,,,,
United States of America,Gilbert,,,,,,
Portugal,Entroncamento,,,,,,
Turkey,Esenyurt,,,,,,
Cuba,Esmeralda,,,,,,
Brazil,Espera Feliz,,,,,,
United States of America,Fairfield,,,,,,
Belgium,Farciennes,,,,,,
United States of America,Fargo,,,,,,
India,Fatehgarh Churian,,,,,,
Pakistan,Fazalpur,,,,,,
Brazil,Fernandopolis,,,,,,
France,Florange,,,,,,
Colombia,Florida,,,,,,
United States of America,Forest Hill,,,,,,
Nigeria,Emure,,,,,,
Czechia,Marianske Lazne,,,,,,
Italy,Matelica,,,,,,
Brazil,Mateus Leme,,,,,,
Brazil,Matipo,,,,,,
United Republic of Tanzania,Matiri,,,,,,
Portugal,Matosinhos,,,,,,
Brazil,Maua,,,,,,
Lithuania,Mazeikiai,,,,,,
Cameroon,Mbouda,,,,,,
Germany,Meckenheim,,,,,,
Iran (Islamic Republic of),Mehran,,,,,,
Cameroon,Meiganga,,,,,,
Mexico,Melchor Ocampo,,,,,,
Netherlands,Meppel,,,,,,
United States of America,Merced,,,,,,
Unknown,Miami Beach,,,,,,
Russian Federation,Miass,,,,,,
United States of America,Middlesex,,,,,,
Russian Federation,Mikhaylovskoye,,,,,,
United States of America,Millbury,,,,,,
Turkey,Mimarsinan,,,,,,
Japan,Minakuchi,,,,,,
United States of America,Mineral Wells,,,,,,
China,Mingguang,,,,,,
United Republic of Tanzania,Mingoyo,,,,,,
United States of America,Missouri City,,,,,,
Pakistan,Mitha Tiwana,,,,,,
Mexico,Mixquiahuala,,,,,,
Indonesia,Mlati,,,,,,
Brazil,Moji Mirim,,,,,,
Guatemala,Momostenango,,,,,,
Brazil,Montanha,,,,,,
Brazil,Monte Aprazivel,,,,,,
Italy,Montecchio Maggiore,,,,,,
France,Montlucon,,,,,,
United Kingdom of Great Britain and Northern Ireland,Morecambe,,,,,,
Mexico,Morelia,,,,,,
United Republic of Tanzania,Mpwapwa,,,,,,
United Republic of Tanzania,Mtama,,,,,,
Italy,Mugnano Di Napoli,,,,,,
India,Murbad,,,,,,
Germany,Murrhardt,,,,,,
United States of America,Muscatine,,,,,,
United Kingdom of Great Britain and Northern Ireland,Musselburgh,,,,,,
India,Muzaffarpur,,,,,,
Zambia,Mwinilunga,,,,,,
Malawi,Mzimba,,,,,,
India,Nadiad,,,,,,
Thailand,Nakhon Luang,,,,,,
India,Nakodar,,,,,,
United Republic of Tanzania,Namanga,,,,,,
Cameroon,Nanga Eboko,,,,,,
Greece,Naousa,,,,,,
India,Naraura,,,,,,
Bangladesh,Narayanganj,,,,,,
Finland,Nastola,,,,,,
India,Naugachhia,,,,,,
Germany,Neubiberg,,,,,,
Argentina,Neuquen,,,,,,
United States of America,New Kensington,,,,,,
Unknown,Newport News,,,,,,
Russian Federation,Neya,,,,,,
India,Nilagiri,,,,,,
Italy,Niscemi,,,,,,
Russian Federation,Nizhnekamsk,,,,,,
Russian Federation,Nizhneye Kazanishche,,,,,,
Italy,Noale,,,,,,
Mexico,Nochistlan,,,,,,
France,Nogent Le Rotrou,,,,,,
India,Nohar,,,,,,
Russian Federation,Svobodnyy,,,,,,
United States of America,Sylvania,,,,,,
China,Taizhou,,,,,,
Japan,Takatsuki,,,,,,
Philippines,Talisay,,,,,,
Viet Nam,Tam Ky,,,,,,
Germany,Tamm,,,,,,
China,Tangshan,,,,,,
Brazil,Taquaritinga Do Norte,,,,,,
Russian Federation,Tayshet,,,,,,
Kazakhstan,Temirtau,,,,,,
Russian Federation,Temryuk,,,,,,
India,Teonthar,,,,,,
Mexico,Tepatepec,,,,,,
Mexico,Tepic,,,,,,
Ukraine,Tetiyiv,,,,,,
India,Thakurganj,,,,,,
India,Thana,,,,,,
China,Tianpeng,,,,,,
United States of America,Tigard,,,,,,
Cameroon,Tiko,,,,,,
Niger,Tillabery,,,,,,
United States of America,Timberlake,,,,,,
Mexico,Tlalcilalcalpan,,,,,,
Brazil,Tocantinopolis,,,,,,
Honduras,Tocoa,,,,,,
Panama,Tocumen,,,,,,
China,Tongchuan,,,,,,
China,Tounan,,,,,,
Japan,Toyohashi,,,,,,
Uruguay,Treinta Y Tres,,,,,,
Argentina,Tres Arroyos,,,,,,
Cuba,Trinidad,,,,,,
Mauritius,Triolet,,,,,,
United States of America,Troy,,,,,,
Russian Federation,Trudovoye,,,,,,
Libya,Tubruq,,,,,,
Pakistan,Turbat,,,,,,
Mexico,Tuxpan,,,,,,
India,Ujjain,,,,,,
Russian Federation,Ulyanovsk,,,,,,
Republic of Moldova,Ungheni,,,,,,
Czechia,Unicov,,,,,,
Brazil,Uruana,,,,,,
Switzerland,Uster,,,,,,
United States of America,Utica,,,,,,
Thailand,Uttaradit,,,,,,
Turkey,Uzumlu,,,,,,
India,Vaijapur,,,,,,
France,Vallauris,,,,,,
Brazil,Varginha,,,,,,
Brazil,Varzea Grande,,,,,,
Germany,Velbert,,,,,,
India,Velluru,,,,,,
India,Venkatagiri,,,,,,
Russian Federation,Verkhnyaya Tura,,,,,,
France,Verneuil Sur Seine,,,,,,
South Africa,Welkom,,,,,,
Brazil,Wenceslau Braz,,,,,,
Germany,Wiesbaden,,,,,,
United States of America,Winchendon,,,,,,
United Kingdom of Great Britain and Northern Ireland,Winchester,,,,,,
United States of America,Winona,,,,,,
United States of America,Winter Springs,,,,,,
Poland,Wlodawa,,,,,,
Poland,Wodzislaw Slaski,,,,,,
Germany,Wolfsburg,,,,,,
Poland,Wolomin,,,,,,
China,Wuhan,,,,,,
Azerbaijan,Xanlar,,,,,,
Brazil,Xanxere,,,,,,
China,Xiamen,,,,,,
China,Xiantao,,,,,,
China,Xiongzhou,,,,,,
China,Yanliang,,,,,,
Thailand,Yasothon,,,,,,
Russian Federation,Yegorlykskaya,,,,,,
India,Yellandu,,,,,,
Ghana,Yendi,,,,,,
Armenia,Yerevan,,,,,,
China,Yishui,,,,,,
Chile,Yumbel,,,,,,
Russian Federation,Zaprudnya,,,,,,
Germany,Zella Mehlis,,,,,,
China,Zhaoyang,,,,,,
China,Zhenjiang,,,,,,
Poland,Zlocieniec,,,,,,
Austria,Zwettl,,,,,,
Portugal,Vila Nova De Gaia,,,,,,
Guatemala,Villa Nueva,,,,,,
Mexico,Villa Union,,,,,,
France,Villefranche Sur Saone,,,,,,
Russian Federation,Vorsma,,,,,,
Bulgaria,Vraca,,,,,,
South Africa,Vredefort,,,,,,
Russian Federation,Vyatskiye Polyany,,,,,,
Thailand,Wang Noi,,,,,,
United States of America,Wareham,,,,,,
Georgia,Marneuli,,,,,,
Unknown,Martaban,,,,,,
Iran (Islamic Republic of),Marv Dasht,,,,,,
United States of America,Massillon,,,,,,
United States of America,Maumee,,,,,,
India,Mavelikara,,,,,,
Spain,Medina Del Campo,,,,,,
Pakistan,Mehar,,,,,,
Belgium,Menen,,,,,,
United States of America,Menlo Park,,,,,,
United States of America,Meriden,,,,,,
Germany,Miesbach,,,,,,
Poland,Milicz,,,,,,
Ethiopia,Mizan Teferi,,,,,,
Norway,Mo I Rana,,,,,,
Romania,Moinesti,,,,,,
Unknown,Mont Dore,,,,,,
Czechia,Moravska Trebova,,,,,,
Brazil,Moreno,,,,,,
Brazil,Morro Agudo,,,,,,
Germany,Morsbach,,,,,,
United States of America,Mount Clemens,,,,,,
Brazil,Mozarlandia,,,,,,
United Republic of Tanzania,Msowero,,,,,,
China,Mudanjiang,,,,,,
Zimbabwe,Mutoko,,,,,,
Netherlands,Naaldwijk,,,,,,
Zambia,Nakambala,,,,,,
Thailand,Nam Som,,,,,,
Unknown,Nanao,,,,,,
United Kingdom of Great Britain and Northern Ireland,Frome,,,,,,
Romania,Galati,,,,,,
Italy,Galatone,,,,,,
United States of America,Galesburg,,,,,,
Philippines,General Emilio Aguinaldo,,,,,,
Italy,Genzano Di Roma,,,,,,
United States of America,Eugene,,,,,,
Philippines,Eustaquio Lopez,,,,,,
United States of America,Evergreen Park,,,,,,
Germany,Falkensee,,,,,,
United States of America,Farmington,,,,,,
Brazil,Farroupilha,,,,,,
India,Fatwa,,,,,,
India,Feroke,,,,,,
Albania,Fier,,,,,,
United Kingdom of Great Britain and Northern Ireland,Fleet,,,,,,
United States of America,Floral Park,,,,,,
Italy,Formigine,,,,,,
India,Arumbavur,,,,,,
Germany,Asperg,,,,,,
Japan,Atami,,,,,,
United States of America,Atchison,,,,,,
United Kingdom of Great Britain and Northern Ireland,Atherton,,,,,,
United States of America,Attleboro,,,,,,
Belgium,Aubange,,,,,,
Jordan,Aydun,,,,,,
Malaysia,Ayer Itam,,,,,,
Greece,Ayia Paraskevi,,,,,,
Russian Federation,Babayurt,,,,,,
Germany,Bad Freienwalde,,,,,,
Germany,Bad Salzungen,,,,,,
Germany,Baden Baden,,,,,,
Philippines,Bagabag,,,,,,
Afghanistan,Baglan,,,,,,
India,Bagra,,,,,,
India,Baihar,,,,,,
Russian Federation,Balakovo,,,,,,
Senegal,Bambey,,,,,,
Thailand,Ban Phaeo,,,,,,
Thailand,Bang Bo,,,,,,
India,Banga,,,,,,
Central African Republic,Bangassou,,,,,,
India,Bar Bigha,,,,,,
Russian Federation,Barabinsk,,,,,,
Italy,Bareggio,,,,,,
South Africa,Barkly West,,,,,,
Brazil,Barra De Sao Francisco,,,,,,
Brazil,Barras,,,,,,
Guyana,Bartica,,,,,,
United States of America,Bartow,,,,,,
Germany,Bassum,,,,,,
Unknown,Bata,,,,,,
Malaysia,Batu Arang,,,,,,
Iraq,Bayji,,,,,,
United Kingdom of Great Britain and Northern Ireland,Bearsden,,,,,,
United Kingdom of Great Britain and Northern Ireland,Bedworth,,,,,,
India,Begun,,,,,,
Serbia,Bela Crkva,,,,,,
United States of America,Bell,,,,,,
Colombia,Bello,,,,,,
Australia,Bendigo,,,,,,
Unknown,Benidorm,,,,,,
South Africa,Benoni,,,,,,
Brazil,Bento Goncalves,,,,,,
Netherlands,Bergen,,,,,,
France,Bergerac,,,,,,
India,Bettiah,,,,,,
Pakistan,Bhan,,,,,,
Bangladesh,Bhandaria,,,,,,
India,Bhasawar,,,,,,
India,Bhor,,,,,,
India,Bhuban,,,,,,
Poland,Bialogard,,,,,,
France,Biarritz,,,,,,
India,Bid,,,,,,
Iran (Islamic Republic of),Bijar,,,,,,
India,Bilimora,,,,,,
Turkey,Bingol,,,,,,
China,Changying,,,,,,
France,Charleville Mezieres,,,,,,
India,Chhachhrauli,,,,,,
Pakistan,Chiniot,,,,,,
Zimbabwe,Chiredzi,,,,,,
Romania,Chitila,,,,,,
India,Chodavaram,,,,,,
Mozambique,Chokwe,,,,,,
Honduras,Choluteca,,,,,,
India,Chopan,,,,,,
India,Chunar,,,,,,
Poland,Ciechanow,,,,,,
Belgium,Ciney,,,,,,
United States of America,Circleville,,,,,,
Bulgaria,Cirpan,,,,,,
Spain,Ciudad Real,,,,,,
South Africa,Clocolan,,,,,,
India,Birmitrapur,,,,,,
India,Birpur,,,,,,
Ukraine,Bobrovytsya,,,,,,
Germany,Bogen,,,,,,
Russian Federation,Bogotol,,,,,,
Czechia,Bohumin,,,,,,
Chad,Bokoro,,,,,,
Brazil,Bom Jesus,,,,,,
India,Bombay,,,,,,
Belgium,Borsbeek,,,,,,
Philippines,Botolan,,,,,,
Portugal,Bougado,,,,,,
Germany,Bramsche,,,,,,
Germany,Bruchsal,,,,,,
Brazil,Brumadinho,,,,,,
Colombia,Bugalagrande,,,,,,
United Republic of Tanzania,Bugene,,,,,,
Russian Federation,Buinsk,,,,,,
Democratic Republic of the Congo,Bukama,,,,,,
Germany,Burladingen,,,,,,
United States of America,Burr Ridge,,,,,,
United Republic of Tanzania,Buseresere,,,,,,
Philippines,Butuan,,,,,,
Philippines,Calatagan,,,,,,
Mexico,Calimaya,,,,,,
Brazil,Cambara,,,,,,
Italy,Cameri,,,,,,
Brazil,Campina Verde,,,,,,
Ghana,Cape Coast,,,,,,
Chile,Carahue,,,,,,
Italy,Carrara,,,,,,
Italy,Castel San Pietro Terme,,,,,,
Ecuador,Catacocha,,,,,,
Italy,Cavarzere,,,,,,
Italy,Cefalu,,,,,,
Germany,Celle,,,,,,
Mexico,Coalcoman,,,,,,
Argentina,Comodoro Rivadavia,,,,,,
Mexico,Comonfort,,,,,,
United States of America,Coral Hills,,,,,,
United States of America,Coralville,,,,,,
Spain,Coria,,,,,,
Peru,Corrales,,,,,,
Mexico,Cortazar,,,,,,
Netherlands,Cranendonck,,,,,,
Cuba,Cumanayagua,,,,,,
Poland,Czluchow,,,,,,
Viet Nam,Da Lat,,,,,,
China,Dafeng,,,,,,
Spain,A Coruna,,,,,,
Belgium,Aalter,,,,,,
Iran (Islamic Republic of),Abdanan,,,,,,
Russian Federation,Abinsk,,,,,,
Iran (Islamic Republic of),Abyek,,,,,,
Turkey,Adana,,,,,,
El Salvador,Aguilares,,,,,,
Armenia,Alaverdi,,,,,,
Brazil,Alegrete,,,,,,
United States of America,Aloha,,,,,,
China,Altay,,,,,,
United States of America,Altoona,,,,,,
United States of America,Altus,,,,,,
France,Amboise,,,,,,
France,Amiens,,,,,,
Mexico,Amozoc,,,,,,
India,Amreli,,,,,,
Belgium,Andenne,,,,,,
Thailand,Ang Thong,,,,,,
Côte d'Ivoire,Anyama,,,,,,
Thailand,Ao Luk,,,,,,
Spain,Aranda De Duero,,,,,,
Trinidad and Tobago,Arima,,,,,,
United States of America,Sherman,,,,,,
China,Shishou,,,,,,
Pakistan,Shorkot,,,,,,
India,Sijua,,,,,,
Denmark,Silkeborg,,,,,,
India,Silvassa,,,,,,
Indonesia,Sindang,,,,,,
Côte d'Ivoire,Sinfra,,,,,,
Belgium,Sint Pieters Leeuw,,,,,,
India,Sisauli,,,,,,
Cambodia,Sisophon,,,,,,
Denmark,Skanderborg,,,,,,
Ukraine,Smila,,,,,,
Colombia,Socorro,,,,,,
Spain,Socuellamos,,,,,,
Czechia,Sokolov,,,,,,
Turkey,Soma,,,,,,
China,Songling,,,,,,
Togo,Sotouboua,,,,,,
United States of America,South Valley,,,,,,
United States of America,Southern Pines,,,,,,
United States of America,Spartanburg,,,,,,
United Kingdom of Great Britain and Northern Ireland,Stevenage,,,,,,
Austria,Stockerau,,,,,,
Russian Federation,Strunino,,,,,,
Ukraine,Stryy,,,,,,
Germany,Sulz,,,,,,
Ecuador,Rosa Zarate,,,,,,
Russian Federation,Roslavl,,,,,,
France,Royan,,,,,,
Germany,Rudersberg,,,,,,
Brazil,Russas,,,,,,
Romania,Sabaoani,,,,,,
Mexico,Sahuayo,,,,,,
United States of America,Saint Joseph,,,,,,
France,Saint Genis Laval,,,,,,
France,Sainte Anne,,,,,,
Azerbaijan,Salyan,,,,,,
Ukraine,Sambir,,,,,,
Spain,San Andres Del Rabanedo,,,,,,
Guatemala,San Juan Chamelco,,,,,,
Peru,San Vicente De Canete,,,,,,
Sweden,Sandviken,,,,,,
United States of America,Sanger,,,,,,
Spain,Sanlucar De Barrameda,,,,,,
Brazil,Santa Fe Do Sul,,,,,,
United States of America,Santa Fe Springs,,,,,,
Brazil,Santa Gertrudes,,,,,,
El Salvador,Santiago De Maria,,,,,,
Portugal,Sao Joao Da Talha,,,,,,
Brazil,Sao Joao Del Rei,,,,,,
Brazil,Sao Jose Do Belmonte,,,,,,
Brazil,Sao Lourenco Do Oeste,,,,,,
Brazil,Sao Mateus Do Maranhao,,,,,,
Brazil,Sapucaia,,,,,,
United States of America,Saraland,,,,,,
Chad,Sarh,,,,,,
Hungary,Sarkad,,,,,,
France,Sartrouville,,,,,,
Italy,Sassuolo,,,,,,
Thailand,Sattahip,,,,,,
Brazil,Satuba,,,,,,
Finland,Savonlinna,,,,,,
Kenya,Sawasawa,,,,,,
Germany,Schneverdingen,,,,,,
Italy,Sedriano,,,,,,
Mali,Segou,,,,,,
Finland,Seinajoki,,,,,,
Brazil,Sena Madureira,,,,,,
Serbia,Senta,,,,,,
Croatia,Sesvete,,,,,,
Russian Federation,Severobaykalsk,,,,,,
France,Sevres,,,,,,
Germany,Aachen,,,,,,
Colombia,Acacias,,,,,,
El Salvador,Acajutla,,,,,,
Niger,Agadez,,,,,,
Ghana,Agogo,,,,,,
Italy,Agrigento,,,,,,
United States of America,Alamogordo,,,,,,
India,Aland,,,,,,
Italy,Alatri,,,,,,
United States of America,Aldine,,,,,,
Brazil,Alenquer,,,,,,
Australia,Alice Springs,,,,,,
United States of America,Altamont,,,,,,
Spain,Altea,,,,,,
Brazil,Alto Parana,,,,,,
India,Alwar,,,,,,
India,Amritsar,,,,,,
Russian Federation,Anapskaya,,,,,,
Unknown,Ancona,,,,,,
India,Anekal,,,,,,
Russian Federation,Apatity,,,,,,
Mexico,Apizaco,,,,,,
Cyprus,Aradippou,,,,,,
India,Arang,,,,,,
Spain,Aranjuez,,,,,,
United States of America,Arbutus,,,,,,
Mexico,Arriaga,,,,,,
Ethiopia,Asasa,,,,,,
Morocco,Asfi,,,,,,
Japan,Ashibetsu,,,,,,
Norway,Askim,,,,,,
Kazakhstan,Astana,,,,,,
Egypt,Aswan,,,,,,
India,Athmallik,,,,,,
Chad,Ati,,,,,,
New Zealand,Auckland,,,,,,
Germany,Bad Doberan,,,,,,
Germany,Bad Durrheim,,,,,,
Pakistan,Baddomalhi,,,,,,
United States of America,Sheridan,,,,,,
Japan,Shimada,,,,,,
Japan,Shirone,,,,,,
Albania,Shkoder,,,,,,
Russian Federation,Shumikha,,,,,,
Tunisia,Sidi Bu Zayd,,,,,,
India,Sihora,,,,,,
India,Sika,,,,,,
Greece,Sikeai,,,,,,
Lithuania,Silute,,,,,,
Indonesia,Simpang,,,,,,
Italy,Sinalunga,,,,,,
Italy,Siniscola,,,,,,
Costa Rica,Siquirres,,,,,,
Spain,Sitges,,,,,,
Romania,Slatina,,,,,,
Netherlands,Sneek,,,,,,
Poland,Sochaczew,,,,,,
Russian Federation,Sokolniki,,,,,,
Algeria,Tazmalt,,,,,,
Cameroon,Tchollire,,,,,,
India,Tendukheda,,,,,,
Mexico,Teopisca,,,,,,
Unknown,Termini Imerese,,,,,,
Niger,Tessaoua,,,,,,
India,Thana Bhawan,,,,,,
Canada,Thunder Bay,,,,,,
Niger,Tibiri,,,,,,
Côte d'Ivoire,Tiebissou,,,,,,
Netherlands,Tiel,,,,,,
Brazil,Timbiras,,,,,,
Brazil,Timoteo,,,,,,
India,Tindivanam,,,,,,
Côte d'Ivoire,Tingrela,,,,,,
United States of America,Tinley Park,,,,,,
India,Tirunelveli,,,,,,
Italy,Tivoli,,,,,,
Morocco,Tiznit,,,,,,
Mexico,Tlalnepantla,,,,,,
Kyrgyzstan,Tokmak,,,,,,
Romania,Toplita,,,,,,
France,Toulon,,,,,,
Myanmar,Toungoo,,,,,,
Japan,Toyokawa,,,,,,
Italy,Trezzano Sul Naviglio,,,,,,
Greece,Trikala,,,,,,
United States of America,Trumbull,,,,,,
United States of America,Tualatin,,,,,,
Russian Federation,Tuapse,,,,,,
Philippines,Tukuran,,,,,,
Ethiopia,Tulu Bolo,,,,,,
Indonesia,Tulungagung,,,,,,
Costa Rica,Turrialba,,,,,,
Russian Federation,Tuymazy,,,,,,
Brazil,Uberaba,,,,,,
Pakistan,Uch,,,,,,
Nigeria,Ughelli,,,,,,
Mongolia,Ulaangom,,,,,,
Sweden,Umea,,,,,,
United States of America,University Heights,,,,,,
Tajikistan,Uroteppa,,,,,,
Japan,Uto,,,,,,
Russian Federation,Uzhur,,,,,,
India,Vadlapudi,,,,,,
France,Valence,,,,,,
Venezuela (Bolivarian Republic of),Valera,,,,,,
Turkey,Van,,,,,,
Brazil,Vargem Grande Do Sul,,,,,,
Italy,Vecchiano,,,,,,
Italy,Venaria Reale,,,,,,
Russian Federation,Verkhniy Tagil,,,,,,
Russian Federation,Vetluzhskiy,,,,,,
Spain,Vic,,,,,,
United States of America,Vicksburg,,,,,,
Romania,Vicovu De Sus,,,,,,
United States of America,Vidor,,,,,,
United States of America,Sarasota Springs,,,,,,
India,Sarwar,,,,,,
India,Satara,,,,,,
United States of America,Schiller Park,,,,,,
Germany,Schonaich,,,,,,
Germany,Schwieberdingen,,,,,,
United States of America,Scottsbluff,,,,,,
United States of America,Seaside,,,,,,
Italy,Selvazzano Dentro,,,,,,
Russian Federation,Semikarakorsk,,,,,,
Italy,Seriate,,,,,,
Brazil,Sertanopolis,,,,,,
Russian Federation,Seryshevo,,,,,,
Brazil,Severinia,,,,,,
Indonesia,Seyegan,,,,,,
United States of America,Martinsville,,,,,,
United States of America,Marysville,,,,,,
Armenia,Masis,,,,,,
Democratic Republic of the Congo,Matadi,,,,,,
Japan,Matsumoto,,,,,,
Philippines,Mawab,,,,,,
Belgium,Mechelen,,,,,,
Germany,Mechernich,,,,,,
Greece,Megara,,,,,,
Russian Federation,Meleuz,,,,,,
United States of America,Mequon,,,,,,
Philippines,Meycauayan,,,,,,
Brazil,Miguelopolis,,,,,,
Japan,Miharu,,,,,,
Russian Federation,Mikhaylovsk,,,,,,
United States of America,Millington,,,,,,
Pakistan,Minchinabad,,,,,,
Brazil,Miracatu,,,,,,
Mexico,Miramar,,,,,,
Pakistan,Mirpur Khas,,,,,,
Pakistan,Mirpur Mathelo,,,,,,
Democratic Republic of the Congo,Moba,,,,,,
South Africa,Molteno,,,,,,
Italy,Monsummano Terme,,,,,,
Italy,Montemarciano,,,,,,
France,Montfermeil,,,,,,
Brazil,Morrinhos,,,,,,
Indonesia,Mranggen,,,,,,
India,Munger,,,,,,
Pakistan,Mustafabad,,,,,,
Russian Federation,Mytishchi,,,,,,
Japan,Nabari,,,,,,
Philippines,Nagcarlan,,,,,,
China,Nangong,,,,,,
India,Nannilam,,,,,,
China,Nanyang,,,,,,
Costa Rica,Naranjo,,,,,,
Thailand,Narathiwat,,,,,,
United States of America,Natchitoches,,,,,,
Greece,Nea Makri,,,,,,
United States of America,Needham,,,,,,
Russian Federation,Neftekamsk,,,,,,
Russian Federation,Nelidovo,,,,,,
Germany,Neuenhagen,,,,,,
Turkey,Nevsehir,,,,,,
United States of America,New Albany,,,,,,
United States of America,New Milford,,,,,,
Mexico,Nezahualcoyotl,,,,,,
Germany,Niedernhausen,,,,,,
Germany,Niefern Oschelbronn,,,,,,
Germany,Niesky,,,,,,
Japan,Ninohe,,,,,,
Japan,Ninomiya,,,,,,
Brazil,Nobres,,,,,,
Russian Federation,Nolinsk,,,,,,
United States of America,North Bergen,,,,,,
Mauritania,Nouakchott,,,,,,
Russian Federation,Novomichurinsk,,,,,,
Poland,Nowogard,,,,,,
Sri Lanka,Nuwara Eliya,,,,,,
Hungary,Nyiregyhaza,,,,,,
United States of America,Oak Park,,,,,,
Russian Federation,Obluche,,,,,,
Denmark,Odense,,,,,,
Portugal,Odivelas,,,,,,
Russian Federation,Oktyabrskaya,,,,,,
Russian Federation,Olenegorsk,,,,,,
Nigeria,Damaturu,,,,,,
Russian Federation,Danilov,,,,,,
Philippines,Dao,,,,,,
Mongolia,Darhan,,,,,,
Germany,Deggendorf,,,,,,
China,Dehui,,,,,,
Germany,Denzlingen,,,,,,
Costa Rica,Desamparados,,,,,,
Brazil,Dianopolis,,,,,,
Germany,Dillenburg,,,,,,
Russian Federation,Dinskaya,,,,,,
United States of America,Dinuba,,,,,,
Colombia,Dos Quebradas,,,,,,
France,Dourdan,,,,,,
Romania,Dragasani,,,,,,
United States of America,Druid Hills,,,,,,
Colombia,Duitama,,,,,,
India,Dum Duma,,,,,,
France,Dunkirk,,,,,,
United States of America,Dunwoody,,,,,,
Nigeria,Dutse,,,,,,
Russian Federation,Dvubratskiy,,,,,,
Poland,Dzialdowo,,,,,,
Japan,Ebetsu,,,,,,
United States of America,Edison,,,,,,
Germany,Ehingen,,,,,,
Egypt,El Badari,,,,,,
Spain,El Escorial,,,,,,
Venezuela (Bolivarian Republic of),El Limon,,,,,,
Mexico,El Salto,,,,,,
Russian Federation,Elektrogorsk,,,,,,
Cuba,Encrucijada,,,,,,
United States of America,Ephrata,,,,,,
Kazakhstan,Ereymentau,,,,,,
Denmark,Esbjerg,,,,,,
Nicaragua,Esteli,,,,,,
Italy,Fagnano Olona,,,,,,
Brazil,Feira De Santana,,,,,,
United States of America,Ferndale,,,,,,
Ethiopia,Finote Selam,,,,,,
India,Firozpur Jhirka,,,,,,
Guatemala,Flores,,,,,,
Bosnia and Herzegovina,Foca,,,,,,
United States of America,Forest Grove,,,,,,
Unknown,Fort Myers,,,,,,
Czechia,Frydek Mistek,,,,,,
Japan,Fujimi,,,,,,
Japan,Fukuyama,,,,,,
Germany,Fussen,,,,,,
Bulgaria,Gabrovo,,,,,,
India,Gadarwara,,,,,,
Spain,Galdar,,,,,,
Congo,Gamboma,,,,,,
Tajikistan,Garm,,,,,,
Brazil,Gaspar,,,,,,
United States of America,Gautier,,,,,,
Russian Federation,Gavrilov Yam,,,,,,
Germany,Gelnhausen,,,,,,
Democratic Republic of the Congo,Gemena,,,,,,
Germany,Gersthofen,,,,,,
India,Ghosi,,,,,,
Sri Lanka,Weligama,,,,,,
Germany,Werdau,,,,,,
United States of America,West Caldwell,,,,,,
United States of America,West Pensacola,,,,,,
United States of America,West University Place,,,,,,
United States of America,Westchester,,,,,,
Germany,Wiehl,,,,,,
United States of America,Wildomar,,,,,,
United States of America,Wilkes Barre,,,,,,
United States of America,Winder,,,,,,
United States of America,Winslow,,,,,,
Switzerland,Wohlen,,,,,,
Germany,Wolmirstedt,,,,,,
Indonesia,Wonosari,,,,,,
United States of America,Woodstock,,,,,,
United States of America,Wyandotte,,,,,,
United States of America,Xenia,,,,,,
Russian Federation,Yadrin,,,,,,
Turkey,Yalova,,,,,,
India,Yanam,,,,,,
China,Yangshe,,,,,,
Mexico,Armeria,,,,,,
Spain,Armilla,,,,,,
India,Aron,,,,,,
Panama,Arraijan,,,,,,
Spain,Arrigorriaga,,,,,,
United States of America,Ashwaubenon,,,,,,
Indonesia,Atambua,,,,,,
Pakistan,Attock,,,,,,
France,Avrille,,,,,,
Malaysia,Ayer Molek,,,,,,
Argentina,Azul,,,,,,
United States of America,Back Mountain,,,,,,
Philippines,Baguio,,,,,,
Turkey,Zile,,,,,,
Poland,Znin,,,,,,
Libya,Zuwarah,,,,,,
Spain,Bueu,,,,,,
United Republic of Tanzania,Bugarama,,,,,,
Germany,Burg,,,,,,
United States of America,Burkburnett,,,,,,
United States of America,Burlington,,,,,,
Mexico,Cadereyta,,,,,,
Brazil,Cajamar,,,,,,
Philippines,Calbayog,,,,,,
Peru,Camana,,,,,,
Venezuela (Bolivarian Republic of),Cantaura,,,,,,
Brazil,Carandai,,,,,,
United States of America,Carpentersville,,,,,,
Italy,Carpi,,,,,,
Ireland,Carrigaline,,,,,,
United States of America,Carver,,,,,,
Italy,Castellammare Di Stabia,,,,,,
Spain,Castilleja De La Cuesta,,,,,,
United States of America,Cayce,,,,,,
Brazil,Chapadinha,,,,,,
France,Chateau Thierry,,,,,,
Portugal,Chaves,,,,,,
United States of America,Chelsea,,,,,,
China,Chengkung,,,,,,
United States of America,Chicago,,,,,,
China,Chihu,,,,,,
Panama,Chitre,,,,,,
Brazil,Chopinzinho,,,,,,
China,Chushan,,,,,,
Mexico,Cintalapa,,,,,,
Indonesia,Cirebon,,,,,,
United States of America,Clarksville,,,,,,
Germany,Coburg,,,,,,
United States of America,Cohoes,,,,,,
United States of America,Colton,,,,,,
Mexico,Comalcalco,,,,,,
Benin,Come,,,,,,
Italy,Concordia Sagittaria,,,,,,
United States of America,Conyers,,,,,,
Mexico,Coquimatlan,,,,,,
Mexico,Coscomatepec,,,,,,
Brazil,Cosmopolis,,,,,,
Mexico,Cosoleacaque,,,,,,
Brazil,Cruz Alta,,,,,,
Malaysia,Cukai,,,,,,
Brazil,Cupira,,,,,,
Brazil,Curitibanos,,,,,,
India,Dabhoi,,,,,,
Senegal,Dakar,,,,,,
India,Davorlim,,,,,,
China,Dayong,,,,,,
United States of America,Delaware,,,,,,
Indonesia,Deli Tua,,,,,,
Netherlands,Den Helder,,,,,,
Belgium,Denderleeuw,,,,,,
United States of America,Derry,,,,,,
Germany,Dessau,,,,,,
Brazil,Diadema,,,,,,
Poland,Dobre Miasto,,,,,,
Bulgaria,Dobric,,,,,,
Bangladesh,Dohar,,,,,,
Colombia,Don Matias,,,,,,
Ukraine,Donetsk,,,,,,
India,Dongargaon,,,,,,
Chad,Dourbali,,,,,,
France,Draveil,,,,,,
United States of America,East Liverpool,,,,,,
Germany,Eichstatt,,,,,,
Germany,Eisenach,,,,,,
Mexico,El Rosario,,,,,,
Ecuador,El Triunfo,,,,,,
Nicaragua,El Viejo,,,,,,
Venezuela (Bolivarian Republic of),El Vigia,,,,,,
Spain,Elda,,,,,,
Poland,Elk,,,,,,
Germany,Emmerich,,,,,,
Belgium,Charleroi,,,,,,
Russian Federation,Chelyabinsk 70,,,,,,
United States of America,Cheney,,,,,,
India,Chhaprauli,,,,,,
India,Chhindwara,,,,,,
Zimbabwe,Chipinge,,,,,,
United States of America,Clemson,,,,,,
United States of America,Cliffside Park,,,,,,
Canada,Cobourg,,,,,,
United States of America,Collingswood,,,,,,
Uruguay,Colonia,,,,,,
United States of America,Columbia Heights,,,,,,
United States of America,Cordele,,,,,,
Argentina,Cordoba,,,,,,
Italy,Cori,,,,,,
Italy,Cornedo Vicentino,,,,,,
Brazil,Corrente,,,,,,
Germany,Coswig,,,,,,
Brazil,Criciuma,,,,,,
Germany,Crimmitschau,,,,,,
United States of America,Crofton,,,,,,
Spain,Cullera,,,,,,
Brazil,Curuca,,,,,,
India,Dadri,,,,,,
Colombia,Dagua,,,,,,
Germany,Alsfeld,,,,,,
India,Ambad,,,,,,
Madagascar,Ambatondrazaka,,,,,,
Italy,Amelia,,,,,,
Brazil,Amontada,,,,,,
Sri Lanka,Amparai,,,,,,
Italy,Anagni,,,,,,
Afghanistan,Andarab,,,,,,
France,Angers,,,,,,
Colombia,Anserma,,,,,,
Madagascar,Antsirabe,,,,,,
Unknown,Anzio,,,,,,
Italy,Aosta,,,,,,
United States of America,Apache Junction,,,,,,
United States of America,Apopka,,,,,,
Brazil,Aquidaba,,,,,,
Brazil,Aracati,,,,,,
India,Arani,,,,,,
Colombia,Arauca,,,,,,
Iran (Islamic Republic of),Ardabil,,,,,,
Brazil,Engenheiro Beltrao,,,,,,
Portugal,Estoril,,,,,,
Brazil,Extrema,,,,,,
United States of America,Fall River,,,,,,
United Kingdom of Great Britain and Northern Ireland,Farnworth,,,,,,
Chad,Faya,,,,,,
Italy,Ferrara,,,,,,
Belgium,Fleron,,,,,,
Brazil,Floriano,,,,,,
United States of America,Flowing Wells,,,,,,
France,Fontainebleau,,,,,,
India,Beawar,,,,,,
India,Begowal,,,,,,
Colombia,Belen De Umbria,,,,,,
United States of America,Bell Gardens,,,,,,
United States of America,Bellefontaine Neighbors,,,,,,
India,Belonia,,,,,,
Côte d'Ivoire,Beoumi,,,,,,
Somalia,Berbera,,,,,,
Germany,Bernau,,,,,,
Brazil,Betim,,,,,,
India,Bhadrachalam,,,,,,
India,Bhadravati,,,,,,
India,Bhitarwar,,,,,,
India,Bhongir,,,,,,
Poland,Bialystok,,,,,,
Viet Nam,Bien Hoa,,,,,,
Brazil,Biguacu,,,,,,
India,Bilasipara,,,,,,
India,Bilaspur,,,,,,
Ukraine,Bilopillya,,,,,,
Belgium,Binche,,,,,,
Romania,Bocsa,,,,,,
France,Bois Guillaume,,,,,,
United States of America,Bolingbrook,,,,,,
Brazil,Bom Jesus Do Galho,,,,,,
Brazil,Bom Jesus Do Itabapoana,,,,,,
France,Bondues,,,,,,
Netherlands,Borculo,,,,,,
Italy,Bra,,,,,,
Austria,Bregenz,,,,,,
Unknown,Brigantine,,,,,,
United Kingdom of Great Britain and Northern Ireland,Brighton,,,,,,
Italy,Brindisi,,,,,,
Australia,Broken Hill,,,,,,
Cameroon,Foumbot,,,,,,
Italy,Frattaminore,,,,,,
Denmark,Frederiksvaerk,,,,,,
Germany,Friedrichsthal,,,,,,
Germany,Frondenberg,,,,,,
United States of America,Fullerton,,,,,,
Colombia,Funza,,,,,,
Pakistan,Garhi Yasin,,,,,,
Niger,Gaya,,,,,,
Spain,Girona,,,,,,
Ghana,Duayaw Nkwanta,,,,,,
Republic of Moldova,Dubasari,,,,,,
Ethiopia,Dubti,,,,,,
United States of America,Dunedin,,,,,,
United States of America,Durant,,,,,,
Brazil,Ecoporanga,,,,,,
United States of America,Edwardsville,,,,,,
Azerbaijan,Yevlax,,,,,,
Japan,Yokaichiba,,,,,,
Malta,Zabbar,,,,,,
Mexico,Zacatlan,,,,,,
Republic of North Macedonia,Zelino,,,,,,
Kazakhstan,Zhanakorgan,,,,,,
Russian Federation,Zheleznogorsk,,,,,,
China,Zhenlai,,,,,,
Russian Federation,Zherdevka,,,,,,
Mexico,Zinacatepec,,,,,,
Czechia,Zlin,,,,,,
Ukraine,Zmiyiv,,,,,,
United Kingdom of Great Britain and Northern Ireland,Wigston,,,,,,
Austria,Wolfsberg,,,,,,
China,Xinxiang,,,,,,
Argentina,Yacuiba,,,,,,
Thailand,Yala,,,,,,
Ethiopia,Wendo,,,,,,
United States of America,West Seneca,,,,,,
Netherlands,Westervoort,,,,,,
United Kingdom of Great Britain and Northern Ireland,Whitefield,,,,,,
Kazakhstan,Ilyich,,,,,,
United States of America,Indianapolis,,,,,,
Germany,Ingelheim,,,,,,
Greece,Ioannina,,,,,,
United Republic of Tanzania,Ipinda,,,,,,
Chile,Iquique,,,,,,
Japan,Isesaki,,,,,,
Russian Federation,Islamey,,,,,,
Brazil,Itaituba,,,,,,
India,Itanagar,,,,,,
Brazil,Itapolis,,,,,,
Czechia,Jablonec,,,,,,
India,Jalgaon,,,,,,
India,Jamkhandi,,,,,,
India,Janakpur Road,,,,,,
Cuba,Jaruco,,,,,,
India,Jawad,,,,,,
Brazil,Jequitinhonha,,,,,,
Germany,Jever,,,,,,
China,Jiangmen,,,,,,
China,Jinxiang,,,,,,
China,Jishou,,,,,,
China,Jishui,,,,,,
Mexico,Jocotepec,,,,,,
Indonesia,Jombang,,,,,,
Mexico,Juan Aldama,,,,,,
Nicaragua,Juigalpa,,,,,,
Lithuania,Jurbarkas,,,,,,
Russian Federation,Kaa Khem,,,,,,
Finland,Kaarina,,,,,,
Pakistan,Kabirwala,,,,,,
Jordan,Kafr Yuba,,,,,,
United States of America,Kailua,,,,,,
Unknown,Kalamaria,,,,,,
India,Kalavad,,,,,,
Russian Federation,Kalininsk,,,,,,
Sweden,Kalmar,,,,,,
Pakistan,Kalur Kot,,,,,,
Russian Federation,Kambarka,,,,,,
France,Gisors,,,,,,
Canada,Glace Bay,,,,,,
Poland,Glowno,,,,,,
Russian Federation,Gorodets,,,,,,
Bosnia and Herzegovina,Gracanica,,,,,,
Brazil,Granja,,,,,,
Russian Federation,Gribanovskiy,,,,,,
United Kingdom of Great Britain and Northern Ireland,Grimsby,,,,,,
Poland,Grojec,,,,,,
Cuba,Guanajay,,,,,,
Brazil,Guanhaes,,,,,,
India,Gudivada,,,,,,
India,Gudiyattam,,,,,,
Côte d'Ivoire,Guiberoua,,,,,,
Côte d'Ivoire,Guiglo,,,,,,
Germany,Gustrow,,,,,,
Hungary,Gyongyos,,,,,,
Netherlands,Haaksbergen,,,,,,
China,Hailun,,,,,,
India,Hajan,,,,,,
Hungary,Hajdunanas,,,,,,
Germany,Haldensleben,,,,,,
Austria,Hall,,,,,,
China,Hami,,,,,,
Austria,Hard,,,,,,
Sweden,Harnosand,,,,,,
United States of America,Haysville,,,,,,
Germany,Heidelberg,,,,,,
Netherlands,Hellendoorn,,,,,,
United States of America,Hendersonville,,,,,,
Germany,Hennef,,,,,,
South Africa,Hennenman,,,,,,
United Kingdom of Great Britain and Northern Ireland,Hereford,,,,,,
Switzerland,Herisau,,,,,,
India,Hisar,,,,,,
United States of America,Hobe Sound,,,,,,
United States of America,Endicott,,,,,,
France,Ermont,,,,,,
Brazil,Euclides Da Cunha,,,,,,
United States of America,Fairmont,,,,,,
United States of America,Fitchburg,,,,,,
United Kingdom of Great Britain and Northern Ireland,Forfar,,,,,,
India,Mihijam,,,,,,
Finland,Mikkeli,,,,,,
United States of America,Millbrae,,,,,,
Germany,Mindelheim,,,,,,
United States of America,Minnetonka,,,,,,
Japan,Mino,,,,,,
China,Mishan,,,,,,
India,Mohiuddinagar,,,,,,
Cameroon,Mokolo,,,,,,
Germany,Monchengladbach,,,,,,
United States of America,Monsey,,,,,,
Brazil,Montes Claros,,,,,,
United States of America,Moraga,,,,,,
Portugal,Moreira,,,,,,
Germany,Morfelden Walldorf,,,,,,
India,Nautanwa,,,,,,
United States of America,Nederland,,,,,,
Russian Federation,Neman,,,,,,
Australia,Newcastle,,,,,,
Philippines,Nibaliw,,,,,,
Costa Rica,Nicoya,,,,,,
Germany,Nienburg,,,,,,
Spain,Nijar,,,,,,
Turkey,Niksar,,,,,,
Montenegro,Niksic,,,,,,
Russian Federation,Nizhnyaya Maktama,,,,,,
Italy,Noceto,,,,,,
Japan,Nogata,,,,,,
Germany,Nordlingen,,,,,,
Canada,North Bay,,,,,,
New Zealand,North Shore,,,,,,
Brazil,Nova Friburgo,,,,,,
Brazil,Nova Odessa,,,,,,
Russian Federation,Novonikolayevskiy,,,,,,
Czechia,Novy Bor,,,,,,
Poland,Nowy Dwor Mazowiecki,,,,,,
Mexico,Ocozocoautla,,,,,,
Ghana,Oda,,,,,,
Germany,Oftersheim,,,,,,
Japan,Okazaki,,,,,,
Nigeria,Okitipupa,,,,,,
United States of America,Okolona,,,,,,
Comoros,Moroni,,,,,,
Australia,Mount Isa,,,,,,
United States of America,Mount Lebanon,,,,,,
United States of America,Mukilteo,,,,,,
United Republic of Tanzania,Muleba,,,,,,
France,Muret,,,,,,
United States of America,Murfreesboro,,,,,,
United Republic of Tanzania,Mwadui,,,,,,
United States of America,Myrtle Grove,,,,,,
Russian Federation,Myski,,,,,,
India,Nabha,,,,,,
Afghanistan,Nahrin,,,,,,
Australia,Nambour,,,,,,
Russian Federation,Rtishchevo,,,,,,
Ukraine,Rubizhne,,,,,,
India,Sachin,,,,,,
India,Saidpur,,,,,,
United States of America,Saint James,,,,,,
France,Saint Dizier,,,,,,
France,Saint Gilles,,,,,,
Thailand,Sam Chuk,,,,,,
India,Samana,,,,,,
Thailand,Samut Prakan,,,,,,
Thailand,Samut Songkhram,,,,,,
Romania,Oradea,,,,,,
United States of America,Orangeburg,,,,,,
Canada,Orangeville,,,,,,
France,Orly,,,,,,
France,Osny,,,,,,
Namibia,Otjiwarongo,,,,,,
Chad,Oum Hadjer,,,,,,
Germany,Oyten,,,,,,
Peru,Pacasmayo,,,,,,
India,Pachora,,,,,,
India,Pachperwa,,,,,,
Thailand,Pak Thong Chai,,,,,,
Philippines,Pakil,,,,,,
Greece,Palaion Faliron,,,,,,
Brazil,Palotina,,,,,,
Malaysia,Papar,,,,,,
Malaysia,Parit Buntar,,,,,,
Mexico,Parras,,,,,,
India,Partur,,,,,,
Turkey,Patnos,,,,,,
Portugal,Pedroso,,,,,,
United States of America,Pembroke Pines,,,,,,
Chile,Penaflor,,,,,,
United States of America,Perry,,,,,,
Unknown,Iloilo,,,,,,
Congo,Impfondo,,,,,,
Brazil,Ipu,,,,,,
Brazil,Ipubi,,,,,,
Mexico,Irapuato,,,,,,
Russian Federation,Ishim,,,,,,
Japan,Itoigawa,,,,,,
Japan,Iwata,,,,,,
Mexico,Ixtlan Del Rio,,,,,,
Côte d'Ivoire,Jacqueville,,,,,,
Brazil,Jaguariaiva,,,,,,
Brazil,Jaguaruna,,,,,,
India,Jahangirabad,,,,,,
India,Jalakandapuram,,,,,,
India,Jalandhar,,,,,,
Pakistan,Jaranwala,,,,,,
Pakistan,Jhudo,,,,,,
China,Jian,,,,,,
China,Jinhua,,,,,,
Pakistan,Jiwani,,,,,,
Brazil,Joaquim Gomes,,,,,,
United States of America,Jonesboro,,,,,,
India,Junagarh,,,,,,
Brazil,Junqueiropolis,,,,,,
China,Juxian,,,,,,
Finland,Jyvaskyla,,,,,,
Japan,Kakogawa,,,,,,
Belgium,Kalmthout,,,,,,
Russian Federation,Kaltan,,,,,,
Japan,Kamakura,,,,,,
Turkey,Kaman,,,,,,
Germany,Kamen,,,,,,
Japan,Kamojima,,,,,,
China,Ranghulu,,,,,,
Germany,Ratekau,,,,,,
United Kingdom of Great Britain and Northern Ireland,Rawtenstall,,,,,,
Philippines,Recodo,,,,,,
United States of America,Redding,,,,,,
Russian Federation,Redkino,,,,,,
Cuba,Remedios,,,,,,
Italy,Rescaldina,,,,,,
India,Revelganj,,,,,,
India,Rewari,,,,,,
Iceland,Reykjavik,,,,,,
France,Reze,,,,,,
Brazil,Ribas Do Rio Pardo,,,,,,
Brazil,Rio Casca,,,,,,
Japan,Ritto,,,,,,
Iran (Islamic Republic of),Robat Karim,,,,,,
Pakistan,Rohri,,,,,,
Thailand,Rong Kwang,,,,,,
New Zealand,Taupo,,,,,,
Gabon,Tchibanga,,,,,,
Indonesia,Tebingtinggi,,,,,,
Brazil,Tefe,,,,,,
Mexico,Teotihuacan,,,,,,
Mexico,Tepotzotlan,,,,,,
United States of America,Texas City,,,,,,
Belgium,Theux,,,,,,
Italy,Thiene,,,,,,
Brazil,Tiangua,,,,,,
Cameroon,Tibati,,,,,,
Israel,Tiberias,,,,,,
Brazil,Tiete,,,,,,
India,Titron,,,,,,
Mexico,Tizimin,,,,,,
Turkey,Tokat,,,,,,
Portugal,Tomar,,,,,,
Mali,Tombouctou,,,,,,
Japan,Tono,,,,,,
Hungary,Torokbalint,,,,,,
Italy,Trofarello,,,,,,
Poland,Trzebnica,,,,,,
Russian Federation,Tsotsin Yurt,,,,,,
Japan,Tsuruga,,,,,,
Russian Federation,Tuchkovo,,,,,,
Poland,Tuchola,,,,,,
India,Tuljapur,,,,,,
Mexico,Tultepec,,,,,,
Italy,Turin,,,,,,
Netherlands,Uden,,,,,,
Nigeria,Ugep,,,,,,
South Africa,Ulundi,,,,,,
United States of America,Union City,,,,,,
Japan,Usuki,,,,,,
Russian Federation,Valday,,,,,,
Romania,Valenii De Munte,,,,,,
Finland,Valkeala,,,,,,
India,Valparai,,,,,,
Republic of North Macedonia,Vasilevo,,,,,,
Côte d'Ivoire,Vavoua,,,,,,
Germany,Vechta,,,,,,
Denmark,Vejle,,,,,,
Germany,Verden,,,,,,
Russian Federation,Verkhniy Ufaley,,,,,,
Germany,Versmold,,,,,,
India,Vettavalam,,,,,,
India,Vijapur,,,,,,
United States of America,Villa Park,,,,,,
France,Villeneuve Sur Lot,,,,,,
France,Villeparisis,,,,,,
Germany,Vilsbiburg,,,,,,
Lithuania,Visaginas,,,,,,
Italy,Voghera,,,,,,
Russian Federation,Volchansk,,,,,,
Russian Federation,Volokolamsk,,,,,,
Russian Federation,Volsk,,,,,,
Netherlands,Voorst,,,,,,
Belgium,Vosselaar,,,,,,
Netherlands,Vught,,,,,,
United States of America,Wailuku,,,,,,
United Kingdom of Great Britain and Northern Ireland,Wallsend,,,,,,
Australia,Wangaratta,,,,,,
Netherlands,Wassenaar,,,,,,
United States of America,Waverly,,,,,,
Indonesia,Wedi,,,,,,
Germany,Wegberg,,,,,,
Germany,Weiterstadt,,,,,,
India,Kotdwara,,,,,,
India,Kotturu,,,,,,
France,Koungou,,,,,,
Japan,Kozakai,,,,,,
Russian Federation,Krasnooktyabrskiy,,,,,,
Poland,Krasnystaw,,,,,,
Republic of North Macedonia,Kriva Palanka,,,,,,
Czechia,Kromeriz,,,,,,
Russian Federation,Krymsk,,,,,,
Malaysia,Kuala Sungai Baru,,,,,,
India,Kulgam,,,,,,
Russian Federation,Kuragino,,,,,,
Japan,Kure,,,,,,
Japan,Kuwana,,,,,,
Philippines,La Carlota,,,,,,
Colombia,La Dorada,,,,,,
Venezuela (Bolivarian Republic of),La Fria,,,,,,
Honduras,La Lima,,,,,,
Spain,La Linea,,,,,,
Guinea,Labe,,,,,,
Ukraine,Ladyzhyn,,,,,,
Brazil,Lago Da Pedra,,,,,,
Philippines,Laguilayan,,,,,,
United States of America,Laguna Hills,,,,,,
United States of America,Lincoln Park,,,,,,
China,Linxia,,,,,,
China,Lishui,,,,,,
Sweden,Ljungby,,,,,,
Spain,Llodio,,,,,,
India,Loharu,,,,,,
Ecuador,Loja,,,,,,
Italy,Lonigo,,,,,,
Cuba,Los Palacios,,,,,,
Germany,Losheim,,,,,,
Namibia,Luderitz,,,,,,
Romania,Lugoj,,,,,,
China,Luoyang,,,,,,
Finland,Maarianhamina,,,,,,
Belgium,Maaseik,,,,,,
Unknown,Maceio,,,,,,
India,Lakhtar,,,,,,
Germany,Landsberg,,,,,,
United States of America,Larkspur,,,,,,
Myanmar,Lashio,,,,,,
Brazil,Lauro Muller,,,,,,
France,Le Mee Sur Seine,,,,,,
Poland,Leczna,,,,,,
France,Lens,,,,,,
Democratic Republic of the Congo,Libenge,,,,,,
United States of America,Liberal,,,,,,
Mozambique,Macia,,,,,,
United States of America,Magna,,,,,,
Botswana,Mahalapye,,,,,,
Philippines,Mahayag,,,,,,
Indonesia,Majene,,,,,,
Kazakhstan,Makinsk,,,,,,
Angola,Malanje,,,,,,
Philippines,Malilipot,,,,,,
Brazil,Manacapuru,,,,,,
Madagascar,Manakara,,,,,,
United States of America,Manchester,,,,,,
India,Maner,,,,,,
Brazil,Manhuacu,,,,,,
Côte d'Ivoire,Mankono,,,,,,
Switzerland,Mannedorf,,,,,,
Tunisia,Manzil Bu Zalafah,,,,,,
Unknown,Marathon,,,,,,
Thailand,Khlung,,,,,,
Mali,Kidal,,,,,,
Democratic Republic of the Congo,Kipushi,,,,,,
Russian Federation,Kirishi,,,,,,
Russian Federation,Kirov,,,,,,
Japan,Kitahiroshima,,,,,,
Russian Federation,Kletnya,,,,,,
Russian Federation,Kochubeyevskoye,,,,,,
Norway,Kongsvinger,,,,,,
Turkey,Konya,,,,,,
United States of America,Roosevelt,,,,,,
Germany,Rosdorf,,,,,,
United States of America,Rossmoor,,,,,,
United States of America,Roswell,,,,,,
United States of America,Rowland Heights,,,,,,
United States of America,Rowlett,,,,,,
Ukraine,Rozhyshche,,,,,,
Iran (Islamic Republic of),Rudsar,,,,,,
United Kingdom of Great Britain and Northern Ireland,Ryde,,,,,,
India,Sadat,,,,,,
United States of America,Saint Ann,,,,,,
France,Saint Benoit,,,,,,
France,Saint Germain En Laye,,,,,,
France,Sainte Rose,,,,,,
Argentina,Salta,,,,,,
India,Salumbar,,,,,,
Bulgaria,Samokov,,,,,,
Italy,San Giovanni La Punta,,,,,,
Mexico,San Luis Rio Colorado,,,,,,
Peru,San Pedro De Lloc,,,,,,
Peru,Sana,,,,,,
Afghanistan,Sangin,,,,,,
Mexico,Santa Anita,,,,,,
United States of America,Santa Fe,,,,,,
Brazil,Santana Do Paraiso,,,,,,
Brazil,Sao Goncalo Do Sapucai,,,,,,
Unknown,Sao Lourenco Do Sul,,,,,,
Brazil,Sao Pedro,,,,,,
Brazil,Sao Sebastiao Do Cai,,,,,,
India,Ranaghat,,,,,,
Argentina,Reconquista,,,,,,
Greece,Rethimnon,,,,,,
Netherlands,Rhenen,,,,,,
Brazil,Riachao Do Jacuipe,,,,,,
Brazil,Ribeirao Pires,,,,,,
Netherlands,Ridderkerk,,,,,,
Italy,Rionero In Vulture,,,,,,
Uruguay,Rivera,,,,,,
United States of America,Riverview,,,,,,
Australia,Roebourne,,,,,,
France,Suresnes,,,,,,
United States of America,Surprise,,,,,,
Turkey,Suruc,,,,,,
United States of America,Susanville,,,,,,
Japan,Suzuka,,,,,,
Bulgaria,Svistov,,,,,,
Ireland,Swords,,,,,,
Iran (Islamic Republic of),Taft,,,,,,
Kenya,Takaungu,,,,,,
India,Taleigao,,,,,,
France,Talence,,,,,,
Afghanistan,Taloqan,,,,,,
Malaysia,Tangkak,,,,,,
China,Taoyuan,,,,,,
Germany,Solingen,,,,,,
India,Sonamukhi,,,,,,
Russian Federation,Sorochinsk,,,,,,
Poland,Sosnowiec,,,,,,
United States of America,South Bradenton,,,,,,
United States of America,South Farmingdale,,,,,,
United States of America,South Gate,,,,,,
United States of America,South San Francisco,,,,,,
Germany,Stadtbergen,,,,,,
Poland,Stalowa Wola,,,,,,
Poland,Starogard Gdanski,,,,,,
Russian Federation,Starotitarovskaya,,,,,,
Romania,Strehaia,,,,,,
South Africa,Stutterheim,,,,,,
United States of America,Suffolk,,,,,,
India,Sulya,,,,,,
United States of America,Sun City West,,,,,,
Italy,Vigodarzere,,,,,,
Argentina,Villa Maria,,,,,,
Italy,Villafranca Di Verona,,,,,,
Lithuania,Vilnius,,,,,,
Croatia,Vinkovci,,,,,,
Peru,Viru,,,,,,
Czechia,Vsetin,,,,,,
India,Walajapet,,,,,,
United States of America,Walnut Creek,,,,,,
United Kingdom of Great Britain and Northern Ireland,Waterlooville,,,,,,
United States of America,Waunakee,,,,,,
Brazil,Franca,,,,,,
Italy,Francofonte,,,,,,
United States of America,Fridley,,,,,,
United States of America,Fuquay Varina,,,,,,
United States of America,Gadsden,,,,,,
Belgium,Geel,,,,,,
Germany,Gehrden,,,,,,
Mexico,General Escobedo,,,,,,
Pakistan,Ghauspur,,,,,,
Italy,Ginosa,,,,,,
Japan,Hondo,,,,,,
Switzerland,Horgen,,,,,,
South Africa,Howick,,,,,,
Belarus,Hrodna,,,,,,
Peru,Hualmay,,,,,,
China,Huangcun,,,,,,
Netherlands,Huizen,,,,,,
United States of America,Humble,,,,,,
Czechia,Humpolec,,,,,,
Japan,Ibaraki,,,,,,
India,Ichhawar,,,,,,
Armenia,Ijevan,,,,,,
Nigeria,Ikare,,,,,,
Cambodia,Kampong Cham,,,,,,
Guinea,Kankan,,,,,,
Sweden,Karlstad,,,,,,
Democratic Republic of the Congo,Kasongo,,,,,,
Myanmar,Katha,,,,,,
Australia,Kawana Waters,,,,,,
Kuwait,Kayfan,,,,,,
Japan,Kazo,,,,,,
Indonesia,Kebomas,,,,,,
United States of America,Keokuk,,,,,,
Greece,Keratsinion,,,,,,
Pakistan,Khalabat,,,,,,
India,Khalilabad,,,,,,
India,Khanna,,,,,,
Venezuela (Bolivarian Republic of),Mariara,,,,,,
Italy,Marostica,,,,,,
Germany,Marsberg,,,,,,
Unknown,Martigues,,,,,,
Uganda,Masaka,,,,,,
India,Masuri,,,,,,
India,Mathura,,,,,,
Indonesia,Medan,,,,,,
China,Meinung,,,,,,
United States of America,Canyon Rim,,,,,,
Brazil,Capim Grosso,,,,,,
Romania,Caracal,,,,,,
Italy,Carbonera,,,,,,
Romania,Carei,,,,,,
Unknown,Carrickfergus,,,,,,
Colombia,Cartago,,,,,,
Brazil,Caruaru,,,,,,
United States of America,Casselberry,,,,,,
Italy,Castelvetro Di Modena,,,,,,
Brazil,Cataguases,,,,,,
Brazil,Cerquilho,,,,,,
Thailand,Chai Badan,,,,,,
Thailand,Chaiyaphum,,,,,,
Pakistan,Chak Azam Sahu,,,,,,
India,Chandausi,,,,,,
Brazil,Charqueadas,,,,,,
France,Chatou,,,,,,
India,Chatra,,,,,,
Ukraine,Chernihiv,,,,,,
United States of America,Chester,,,,,,
Mexico,Chiautla,,,,,,
United States of America,Chickasha,,,,,,
Spain,Chipiona,,,,,,
United Kingdom of Great Britain and Northern Ireland,Chipping Sodbury,,,,,,
Pakistan,Choa Saidan Shah,,,,,,
Poland,Chorzow,,,,,,
Japan,Choshi,,,,,,
United States of America,Chula Vista,,,,,,
Peru,Chulucanas,,,,,,
India,Churu,,,,,,
Brazil,Cianorte,,,,,,
Turkey,Cizre,,,,,,
United States of America,Clearlake,,,,,,
Guatemala,Coban,,,,,,
Canada,Cochrane,,,,,,
United States of America,Colchester,,,,,,
Republic of Moldova,Comrat,,,,,,
Brazil,Congonhas,,,,,,
Algeria,Constantine,,,,,,
Colombia,Copacabana,,,,,,
United States of America,Coral Terrace,,,,,,
Chile,Coronel,,,,,,
France,Coudekerque Branche,,,,,,
France,Coulommiers,,,,,,
United States of America,Country Club,,,,,,
Netherlands,Culemborg,,,,,,
Guinea,Dabola,,,,,,
Iran (Islamic Republic of),Bahar,,,,,,
India,Baleshwar,,,,,,
France,Balma,,,,,,
Afghanistan,Baraki Barak,,,,,,
India,Barpeta,,,,,,
Israel,Bat Yam,,,,,,
Germany,Baunatal,,,,,,
Ghana,Bechem,,,,,,
United States of America,Beckley,,,,,,
Indonesia,Belawan,,,,,,
United States of America,Bella Vista,,,,,,
Canada,Belleville,,,,,,
Russian Federation,Belomorsk,,,,,,
Russian Federation,Beloyarsk,,,,,,
Cameroon,Bertoua,,,,,,
Namibia,Bethanien,,,,,,
Nepal,Bharatpur,,,,,,
India,Bhatapara,,,,,,
Nigeria,Bida,,,,,,
India,Bikaner,,,,,,
United Kingdom of Great Britain and Northern Ireland,Billericay,,,,,,
France,Bischheim,,,,,,
Belgium,Boechout,,,,,,
Brazil,Bom Jardim,,,,,,
United States of America,Bonham,,,,,,
Germany,Borken,,,,,,
Burkina Faso,Boromo,,,,,,
Iran (Islamic Republic of),Borujerd,,,,,,
France,Boulogne Sur Mer,,,,,,
Uzbekistan,Boysun,,,,,,
Australia,Brisbane,,,,,,
Russian Federation,Bronnitsy,,,,,,
Germany,Brunsbuttel,,,,,,
Romania,Bucharest,,,,,,
Australia,Buderim,,,,,,
Malaysia,Bukit Rambai,,,,,,
United States of America,Burien,,,,,,
Philippines,Cabagan,,,,,,
Philippines,Cabinuangan,,,,,,
Guatemala,Cabrican,,,,,,
France,Cachan,,,,,,
Italy,Cagliari,,,,,,
France,Cagnes Sur Mer,,,,,,
Philippines,Cagsiay,,,,,,
Venezuela (Bolivarian Republic of),Cagua,,,,,,
Philippines,Cainta,,,,,,
Brazil,Caldas Novas,,,,,,
Brazil,Camamu,,,,,,
Portugal,Camarate,,,,,,
Unknown,Campbellton,,,,,,
Mexico,Campeche,,,,,,
Mexico,Campo Gobierno,,,,,,
Nigeria,Birnin Kebbi,,,,,,
United States of America,Blackfoot,,,,,,
United States of America,Bloomington,,,,,,
Brazil,Bocaiuva,,,,,,
India,Bodri,,,,,,
Russian Federation,Bogorodsk,,,,,,
India,Boisar,,,,,,
Spain,Bolanos De Calatrava,,,,,,
United States of America,Bonney Lake,,,,,,
Germany,Boppard,,,,,,
Sweden,Boras,,,,,,
Italy,Borgomanero,,,,,,
United States of America,Bothell,,,,,,
Côte d'Ivoire,Bouna,,,,,,
India,Brajrajnagar,,,,,,
France,Bras Panon,,,,,,
Brazil,Brasilia De Minas,,,,,,
Germany,Bremervorde,,,,,,
Uganda,Bugembe,,,,,,
Brazil,Buique,,,,,,
United States of America,Bullhead City,,,,,,
United Republic of Tanzania,Bunda,,,,,,
India,Bundi,,,,,,
Romania,Calarasi,,,,,,
Germany,Calw,,,,,,
Brazil,Caninde De Sao Francisco,,,,,,
United Kingdom of Great Britain and Northern Ireland,Canterbury,,,,,,
Brazil,Carmo Do Rio Claro,,,,,,
Brazil,Carmo,,,,,,
Spain,Cartagena,,,,,,
Brazil,Castilho,,,,,,
Netherlands,Castricum,,,,,,
France,Cavaillon,,,,,,
Brazil,Caxambu,,,,,,
Brazil,Caxias Do Sul,,,,,,
Czechia,Celakovice,,,,,,
Mexico,Cerritos,,,,,,
India,Challakere,,,,,,
Peru,Chancay,,,,,,
United States of America,Chandler,,,,,,
Nigeria,Aba,,,,,,
Bangladesh,Abhaynagar,,,,,,
Hungary,Abony,,,,,,
Mexico,Acambaro,,,,,,
Ghana,Accra,,,,,,
Côte d'Ivoire,Agboville,,,,,,
Panama,Aguadulce,,,,,,
Spain,Aguilar De La Frontera,,,,,,
Germany,Aldenhoven,,,,,,
Spain,Alhaurin De La Torre,,,,,,
United States of America,Allentown,,,,,,
United States of America,Alliance,,,,,,
Unknown,Almada,,,,,,
Russian Federation,Almetyevsk,,,,,,
United States of America,Alsip,,,,,,
Madagascar,Ambanja,,,,,,
United States of America,Ankeny,,,,,,
Unknown,Antibes,,,,,,
Unknown,Antonina,,,,,,
India,Aonla,,,,,,
India,Ara,,,,,,
Brazil,Arcoverde,,,,,,
Italy,Ardea,,,,,,
United States of America,Arkansas City,,,,,,
Trinidad and Tobago,Arouca,,,,,,
Ukraine,Artsyz,,,,,,
India,Ashta,,,,,,
United States of America,Aspen Hill,,,,,,
Greece,Aspropirgos,,,,,,
Netherlands,Assen,,,,,,
Guatemala,Asuncion Mita,,,,,,
Ireland,Athlone,,,,,,
United States of America,Atwater,,,,,,
Poland,Augustow,,,,,,
India,Auraiya,,,,,,
United States of America,Aventura,,,,,,
Afghanistan,Aybak,,,,,,
India,Ayyampettai,,,,,,
United States of America,Azle,,,,,,
Germany,Bad Zwischenahn,,,,,,
Azerbaijan,Badamdar,,,,,,
Austria,Baden,,,,,,
Italy,Bagnolo Mella,,,,,,
Russian Federation,Bakal,,,,,,
Russian Federation,Balabanovo,,,,,,
Thailand,Ban Mo,,,,,,
Libya,Bani Walid,,,,,,
Philippines,Bani,,,,,,
Bangladesh,Baniachang,,,,,,
China,Baoning,,,,,,
India,Bari,,,,,,
India,Basudebpur,,,,,,
Canada,Bay Roberts,,,,,,
Switzerland,Aarau,,,,,,
Côte d'Ivoire,Abengourou,,,,,,
China,Acheng,,,,,,
Côte d'Ivoire,Adzope,,,,,,
Niger,Aguie,,,,,,
Mexico,Ajijic,,,,,,
India,Akbarpur,,,,,,
Russian Federation,Aksay,,,,,,
India,Alapur,,,,,,
Spain,Alboraya,,,,,,
China,Alihe,,,,,,
Spain,Almunecar,,,,,,
Germany,Altenstadt,,,,,,
India,Amalapuram,,,,,,
India,Amanganj,,,,,,
India,Ambur,,,,,,
United States of America,Amesbury,,,,,,
India,Anantnag,,,,,,
Uzbekistan,Andijon,,,,,,
Andorra,Andorra La Vella,,,,,,
Italy,Andria,,,,,,
China,Angangxi,,,,,,
Germany,Anrochte,,,,,,
Madagascar,Antananarivo,,,,,,
El Salvador,Antiguo Cuscatlan,,,,,,
Philippines,Anuling,,,,,,
Serbia,Apatin,,,,,,
El Salvador,Apopa,,,,,,
Brazil,Aquidauana,,,,,,
France,Arles,,,,,,
India,Atmakur,,,,,,
Italy,Atripalda,,,,,,
United States of America,Auburn,,,,,,
France,Avignon,,,,,,
United States of America,Avocado Heights,,,,,,
Italy,Avola,,,,,,
Peru,Ayaviri,,,,,,
Malaysia,Ayer Tawar,,,,,,
Germany,Bad Rappenau,,,,,,
India,Bagula,,,,,,
United Kingdom of Great Britain and Northern Ireland,Sheffield,,,,,,
Japan,Shobara,,,,,,
Unknown,Si Racha,,,,,,
Philippines,Sibulan,,,,,,
Switzerland,Sierre,,,,,,
India,Sihor,,,,,,
India,Sikandra,,,,,,
Indonesia,Singojuruh,,,,,,
United States of America,Sioux City,,,,,,
India,Sivakasi,,,,,,
Russian Federation,Skalistyy,,,,,,
Poland,Slupca,,,,,,
Slovakia,Snina,,,,,,
Italy,Solaro,,,,,,
Russian Federation,Bryukhovetskaya,,,,,,
Brazil,Buerarema,,,,,,
Brazil,Cacequi,,,,,,
France,Calais,,,,,,
Italy,Campodarsego,,,,,,
India,Behat,,,,,,
India,Bela,,,,,,
Russian Federation,Belaya Glina,,,,,,
Russian Federation,Belebey,,,,,,
Serbia,Belgrade,,,,,,
United States of America,Beltsville,,,,,,
United States of America,Benbrook,,,,,,
Czechia,Benesov,,,,,,
Mexico,Benito Juarez,,,,,,
Bulgaria,Berkovica,,,,,,
El Salvador,Berlin,,,,,,
Germany,Bielefeld,,,,,,
India,Bilaua,,,,,,
Philippines,Binangonan,,,,,,
Unknown,Preveza,,,,,,
Czechia,Pribram,,,,,,
Lithuania,Prienai,,,,,,
Tajikistan,Proletarsk,,,,,,
Brazil,Propria,,,,,,
United States of America,Providence,,,,,,
Spain,Puerto De La Cruz,,,,,,
Peru,Querecotillo,,,,,,
China,Qufu,,,,,,
Italy,Racalmuto,,,,,,
Viet Nam,Rach Gia,,,,,,
Tunisia,Radis,,,,,,
Czechia,Rakovnik,,,,,,
India,Ramachandrapuram,,,,,,
Philippines,Ramos,,,,,,
United States of America,Rancho Mirage,,,,,,
India,Ratanpur,,,,,,
Brazil,Registro,,,,,,
United States of America,Rialto,,,,,,
United States of America,Ridgefield Park,,,,,,
Netherlands,Rijswijk,,,,,,
Brazil,Rio Grande Da Serra,,,,,,
United States of America,Rohnert Park,,,,,,
Italy,Rosignano Marittimo,,,,,,
France,Rueil Malmaison,,,,,,
Russian Federation,Ruza,,,,,,
Georgia,Sagarejo,,,,,,
Unknown,Saint Simons,,,,,,
France,Saint Pol Sur Mer,,,,,,
Thailand,Sakhon Nakhon,,,,,,
Jordan,Sakib,,,,,,
Japan,Saku,,,,,,
United States of America,Salem,,,,,,
Brazil,Salto De Pirapora,,,,,,
Zambia,Samfya,,,,,,
India,Samrala,,,,,,
Mexico,San Antonio La Isla,,,,,,
United States of America,San Carlos,,,,,,
Italy,San Ferdinando Di Puglia,,,,,,
Colombia,San Juan Del Cesar,,,,,,
India,Sangareddi,,,,,,
Brazil,Santa Cruz Das Palmeiras,,,,,,
Colombia,Santa Rosa De Cabal,,,,,,
Brazil,Sao Bento Do Sul,,,,,,
Brazil,Sao Caitano,,,,,,
Brazil,Sao Luis Do Quitunde,,,,,,
Brazil,Sao Mateus,,,,,,
Russian Federation,Sarapul,,,,,,
Ukraine,Sarny,,,,,,
Romania,Sascut,,,,,,
Japan,Sasebo,,,,,,
Italy,Sava,,,,,,
Netherlands,Schinnen,,,,,,
Germany,Schortens,,,,,,
Italy,Scicli,,,,,,
Belgium,Seneffe,,,,,,
Unknown,Sestri Levante,,,,,,
Pakistan,Shabqadar,,,,,,
China,Shahe,,,,,,
India,Shahgarh,,,,,,
India,Shahkot,,,,,,
Iran (Islamic Republic of),Shahreza,,,,,,
China,Shangzhi,,,,,,
United Kingdom of Great Britain and Northern Ireland,Morley,,,,,,
Russian Federation,Mostovskoy,,,,,,
United States of America,Mount Holly,,,,,,
United States of America,Mountain View,,,,,,
Zambia,Mpika,,,,,,
United Republic of Tanzania,Mto Wa Mbu,,,,,,
Turkey,Mugla,,,,,,
Kenya,Muhoroni,,,,,,
Germany,Munich,,,,,,
Russian Federation,Muravlenko,,,,,,
United Republic of Tanzania,Mwanza,,,,,,
Thailand,Nakhon Thai,,,,,,
Poland,Namyslow,,,,,,
China,Nanzhang,,,,,,
India,Naraini,,,,,,
Japan,Narashino,,,,,,
Kenya,Narok,,,,,,
India,Nasrullaganj,,,,,,
Philippines,Naval,,,,,,
India,Nawalgarh,,,,,,
Ethiopia,Nedjo,,,,,,
India,Nedumangad,,,,,,
Russian Federation,Neftekumsk,,,,,,
France,Nemours,,,,,,
Spain,Nerja,,,,,,
Ukraine,Netishyn,,,,,,
Philippines,New Corella,,,,,,
United States of America,New Rochelle,,,,,,
Malaysia,Nilai,,,,,,
Unknown,North Myrtle Beach,,,,,,
Brazil,Nossa Senhora Do Socorro,,,,,,
Brazil,Nova Londrina,,,,,,
Russian Federation,Novoorsk,,,,,,
Russian Federation,Novopokrovskaya,,,,,,
India,Nuh,,,,,,
Turkey,Nusaybin,,,,,,
United Republic of Tanzania,Nyakabindi,,,,,,
Sweden,Nykoping,,,,,,
United States of America,Oakland Park,,,,,,
Germany,Obertshausen,,,,,,
Republic of Moldova,Ocnita,,,,,,
United States of America,Old Bridge,,,,,,
India,Mariani,,,,,,
Italy,Marino,,,,,,
France,Marmande,,,,,,
Madagascar,Marolambo,,,,,,
Germany,Marpingen,,,,,,
Spain,Martorell,,,,,,
Japan,Matsubara,,,,,,
United States of America,Mays Chapel,,,,,,
Democratic Republic of the Congo,Mbandaka,,,,,,
Germany,Melle,,,,,,
Unknown,Meulaboh,,,,,,
United States of America,Miami,,,,,,
Philippines,Minglanilla,,,,,,
Hungary,Miskolc,,,,,,
Japan,Mitaka,,,,,,
Romania,Mizil,,,,,,
Serbia,Mladenovac,,,,,,
Peru,Mollendo,,,,,,
Spain,Mollet Del Valles,,,,,,
France,Mondeville,,,,,,
Brazil,Monte Alegre De Minas,,,,,,
Brazil,Monte Mor,,,,,,
United States of America,Monterey Park,,,,,,
China,Laiwu,,,,,,
United States of America,Lake Elsinore,,,,,,
Germany,Lappersdorf,,,,,,
France,Le Robert,,,,,,
Italy,Lecce,,,,,,
Germany,Leinefelde,,,,,,
Haiti,Leogane,,,,,,
Brazil,Leopoldina,,,,,,
China,Liaocheng,,,,,,
Gabon,Libreville,,,,,,
Ireland,Limerick,,,,,,
Austria,Linz,,,,,,
China,Longfeng,,,,,,
United States of America,Longmeadow,,,,,,
Brazil,Lorena,,,,,,
Germany,Lorsch,,,,,,
Poland,Luban,,,,,,
India,Madhubani,,,,,,
Nigeria,Maiduguri,,,,,,
Spain,Majadahonda,,,,,,
