Country,City,Unnamed: 2,Unnamed: 3,Unnamed: 4,Unnamed: 5,Unnamed: 6,Unnamed: 7
United States of America,Maumelle,,,,,,
Spain,Mejorada Del Campo,,,,,,
Italy,Melzo,,,,,,
United States of America,Midwest City,,,,,,
Russian Federation,Mineralnyye Vody,,,,,,
Afghanistan,Mirabad,,,,,,
Spain,Mislata,,,,,,
France,Mitry Mory,,,,,,
Sweden,Molnlycke,,,,,,
France,Montargis,,,,,,
Unknown,Monte Di Procida,,,,,,
Italy,Monte San Giovanni Campano,,,,,,
Zambia,Monze,,,,,,
India,Morwa,,,,,,
United States of America,Mount Juliet,,,,,,
India,Mulki,,,,,,
Germany,Munchberg,,,,,,
United States of America,Muncie,,,,,,
India,Mundargi,,,,,,
United States of America,Muskogee,,,,,,
Comoros,Mutsamudu,,,,,,
Democratic Republic of the Congo,Mweka,,,,,,
Unknown,Naantali,,,,,,
India,Nabagram,,,,,,
Nicaragua,Nagarote,,,,,,
Angola,Namibe,,,,,,
China,Nancha,,,,,,
Brazil,Nanuque,,,,,,
United States of America,Piedmont,,,,,,
China,Pingdu,,,,,,
United States of America,Pleasanton,,,,,,
Italy,Ponsacco,,,,,,
United States of America,Port Chester,,,,,,
United States of America,Porterville,,,,,,
United States of America,Pottstown,,,,,,
Germany,Prien,,,,,,
Colombia,Puerto Asis,,,,,,
Bhutan,Punakha,,,,,,
Colombia,Purificacion,,,,,,
India,Pusad,,,,,,
China,Puyang,,,,,,
Afghanistan,Qandahar,,,,,,
Iran (Islamic Republic of),Qazvin,,,,,,
Brazil,Quatro Barras,,,,,,
Brazil,Quixada,,,,,,
Guatemala,Rabinal,,,,,,
Sri Lanka,Ragama,,,,,,
India,Raghudebbati,,,,,,
India,Raigarh,,,,,,
Brazil,Nilopolis,,,,,,
Russian Federation,Nizhnyaya Tura,,,,,,
United States of America,Norco,,,,,,
United States of America,North Aurora,,,,,,
Slovenia,Nova Gorica,,,,,,
Brazil,Nova Olinda Do Norte,,,,,,
Russian Federation,Novouzensk,,,,,,
Russian Federation,Novyy Urengoy,,,,,,
El Salvador,Nueva San Salvador,,,,,,
Pakistan,Nushki,,,,,,
United States of America,Oakville,,,,,,
Germany,Ochtrup,,,,,,
Nicaragua,Ocotal,,,,,,
United States of America,Ogden,,,,,,
Japan,Okaya,,,,,,
Honduras,Olanchito,,,,,,
Germany,Olching,,,,,,
Germany,Oldenburg,,,,,,
Portugal,Oliveira Do Douro,,,,,,
United States of America,Olympia,,,,,,
Mongolia,Ondorhaan,,,,,,
Japan,Ono,,,,,,
Italy,Orta Nova,,,,,,
Burkina Faso,Ouargaye,,,,,,
Brazil,Padre Paraiso,,,,,,
United States of America,Paducah,,,,,,
India,Pandhurna,,,,,,
Afghanistan,Panjab,,,,,,
Bangladesh,Parbatipur,,,,,,
India,Patnagarh,,,,,,
Indonesia,Pecangakan,,,,,,
Ecuador,Pedro Carbo,,,,,,
United States of America,Pekin,,,,,,
Hungary,Baja,,,,,,
Romania,Bals,,,,,,
Netherlands,Barendrecht,,,,,,
Venezuela (Bolivarian Republic of),Barinitas,,,,,,
France,Bastia,,,,,,
Brazil,Batalha,,,,,,
France,Beaucaire,,,,,,
Belgium,Beersel,,,,,,
Iran (Islamic Republic of),Behshahr,,,,,,
China,Beian,,,,,,
India,Belgaum,,,,,,
United States of America,Bellingham,,,,,,
Unknown,Benaulim,,,,,,
India,Beniganj,,,,,,
Nigeria,Benin,,,,,,
Netherlands,Bergschenhoek,,,,,,
India,Bhikangaon,,,,,,
India,Bhilwara,,,,,,
India,Bihariganj,,,,,,
India,Bikapur,,,,,,
India,Bilhaur,,,,,,
Thailand,Bo Rai,,,,,,
Russian Federation,Bodaybo,,,,,,
Turkey,Bodrum,,,,,,
Germany,Bopfingen,,,,,,
Côte d'Ivoire,Boundiali,,,,,,
Romania,Braila,,,,,,
France,Briancon,,,,,,
Czechia,Brno,,,,,,
Philippines,Bugo,,,,,,
Malaysia,Bukit Mertajam,,,,,,
Philippines,Buluangan,,,,,,
Germany,Burscheid,,,,,,
United Kingdom of Great Britain and Northern Ireland,Buxton,,,,,,
Romania,Buzau,,,,,,
Poland,Bytom,,,,,,
United States of America,Cabo Rojo,,,,,,
Brazil,Cacoal,,,,,,
Brazil,Cajuru,,,,,,
Germany,Calbe,,,,,,
Unknown,Camara De Lobos,,,,,,
Viet Nam,Can Tho,,,,,,
Brazil,Candido Mota,,,,,,
United States of America,Carmel,,,,,,
Brazil,Carutapera,,,,,,
United States of America,Cathedral City,,,,,,
Brazil,Caucaia,,,,,,
Italy,Cecina,,,,,,
Ireland,Celbridge,,,,,,
Peru,Celendin,,,,,,
France,Cernay,,,,,,
France,Chateaurenard,,,,,,
China,Chengdu,,,,,,
Russian Federation,Chernogorsk,,,,,,
Russian Federation,Chernushka,,,,,,
United States of America,Chillum,,,,,,
United States of America,Chino Hills,,,,,,
Italy,Chivasso,,,,,,
Poland,Chojnice,,,,,,
Italy,Aci Catena,,,,,,
India,Alanganallur,,,,,,
Germany,Alzenau,,,,,,
Togo,Amlame,,,,,,
Madagascar,Ampanihy,,,,,,
Russian Federation,Anzhero Sudzhensk,,,,,,
Brazil,Araruama,,,,,,
Ethiopia,Areka,,,,,,
United States of America,Arroyo Grande,,,,,,
Switzerland,Arth,,,,,,
United States of America,Ashtabula,,,,,,
Afghanistan,Asmar,,,,,,
Italy,Assemini,,,,,,
Paraguay,Asuncion,,,,,,
United States of America,Atascadero,,,,,,
India,Athgarh,,,,,,
India,Athni,,,,,,
Russian Federation,Ayutinskiy,,,,,,
Germany,Bad Aibling,,,,,,
Germany,Bad Kreuznach,,,,,,
United Kingdom of Great Britain and Northern Ireland,Dartford,,,,,,
Ethiopia,Debre Tabor,,,,,,
United States of America,Del Rio,,,,,,
United States of America,Denver,,,,,,
India,Devadanapatti,,,,,,
India,Dharampur,,,,,,
India,Dhing,,,,,,
Ethiopia,Dire Dawa,,,,,,
United States of America,Dixon,,,,,,
Benin,Djougou,,,,,,
Turkey,Dortyol,,,,,,
United States of America,Douglasville,,,,,,
Germany,Dresden,,,,,,
Italy,Dueville,,,,,,
Indonesia,Dumai,,,,,,
United Kingdom of Great Britain and Northern Ireland,East Kilbride,,,,,,
United States of America,East Los Angeles,,,,,,
United Kingdom of Great Britain and Northern Ireland,Eastbourne,,,,,,
United States of America,Edina,,,,,,
Colombia,El Bagre,,,,,,
United States of America,Eldersburg,,,,,,
United Kingdom of Great Britain and Northern Ireland,Elgin,,,,,,
Andorra,Encamp,,,,,,
Uganda,Entebbe,,,,,,
United States of America,Estelle,,,,,,
United States of America,Eustis,,,,,,
France,Eysines,,,,,,
Greece,Farsala,,,,,,
Italy,Ferentino,,,,,,
Italy,Fiorano Modenese,,,,,,
Canada,Fort Erie,,,,,,
United States of America,Fort Smith,,,,,,
United States of America,Franconia,,,,,,
China,Fuli,,,,,,
China,Gaomi,,,,,,
United States of America,Garland,,,,,,
Belgium,Gavere,,,,,,
Ethiopia,Gebre Guracha,,,,,,
Russian Federation,Gelendzhik,,,,,,
France,Genas,,,,,,
Argentina,General Pico,,,,,,
India,Maharajganj,,,,,,
Germany,Maisach,,,,,,
Germany,Malsch,,,,,,
Germany,Manching,,,,,,
Philippines,Manukan,,,,,,
Brazil,Maragogi,,,,,,
India,Marandahalli,,,,,,
Hungary,Marcali,,,,,,
Brazil,Marechal Deodoro,,,,,,
Brazil,Colorado,,,,,,
Cuba,Contramaestre,,,,,,
Italy,Corsico,,,,,,
Romania,Covasna,,,,,,
France,Croix,,,,,,
Unknown,Da Nang,,,,,,
Russian Federation,Dorogobuzh,,,,,,
United States of America,Dubuque,,,,,,
United States of America,Duxbury,,,,,,
United States of America,East Lansing,,,,,,
Mexico,Ecatepec,,,,,,
Netherlands,Eijsden,,,,,,
Russian Federation,Elista,,,,,,
India,Dalsingh Sarai,,,,,,
Côte d'Ivoire,Danane,,,,,,
Côte d'Ivoire,Daoukro,,,,,,
Iran (Islamic Republic of),Darab,,,,,,
United States of America,Dearborn Heights,,,,,,
China,Deyang,,,,,,
United States of America,Doctor Phillips,,,,,,
India,Dod Ballapur,,,,,,
Belgium,Enghien,,,,,,
Cuba,Esperanza,,,,,,
Colombia,Facatativa,,,,,,
Ukraine,Fastiv,,,,,,
Pakistan,Fatehpur,,,,,,
Spain,Fene,,,,,,
China,Fenyi,,,,,,
Belgium,Fleurus,,,,,,
Brazil,Fonte Boa,,,,,,
United States of America,Forest Lake,,,,,,
India,Kharela,,,,,,
Thailand,Khon Kaen,,,,,,
Japan,Kikugawa,,,,,,
United Kingdom of Great Britain and Northern Ireland,Kilmarnock,,,,,,
Malaysia,Kinarut,,,,,,
United States of America,Kingsport,,,,,,
Congo,Kinkala,,,,,,
Germany,Kolbermoor,,,,,,
Hungary,Koszeg,,,,,,
India,Kumta,,,,,,
Japan,Kuroiso,,,,,,
Sri Lanka,Kurunegala,,,,,,
India,Kuzhithurai,,,,,,
Bolivia (Plurinational State of),La Guardia,,,,,,
Switzerland,La Tour De Peilz,,,,,,
United States of America,La Verne,,,,,,
Mexico,Lagos De Moreno,,,,,,
Indonesia,Lahat,,,,,,
Italy,Lainate,,,,,,
India,Laksar,,,,,,
Mexico,Las Choapas,,,,,,
United States of America,Lauderdale Lakes,,,,,,
Germany,Laupheim,,,,,,
France,Le Pont De Claix,,,,,,
Belgium,Lebbeke,,,,,,
Canada,Leduc,,,,,,
Spain,Lepe,,,,,,
Indonesia,Lhokseumawe,,,,,,
Costa Rica,Liberia,,,,,,
Slovakia,Liptovsky Mikulas,,,,,,
Germany,Lorrach,,,,,,
Portugal,Loures,,,,,,
Russian Federation,Luchegorsk,,,,,,
Luxembourg,Luxemburg,,,,,,
Benin,Savalou,,,,,,
United Kingdom of Great Britain and Northern Ireland,Seaham,,,,,,
Portugal,Senhora Da Hora,,,,,,
Italy,Senigallia,,,,,,
Russian Federation,Serafimovskiy,,,,,,
Malaysia,Seremban,,,,,,
Russian Federation,Sergach,,,,,,
Brazil,Seropedica,,,,,,
Russian Federation,Sheregesh,,,,,,
United States of America,Sherrelwood,,,,,,
Japan,Shimizu,,,,,,
China,Shouguang,,,,,,
India,Sikandra Rao,,,,,,
Brazil,Silva Jardim,,,,,,
Pakistan,Sinjhoro,,,,,,
Poland,Skierniewice,,,,,,
Russian Federation,Slantsy,,,,,,
Japan,Sobue,,,,,,
Japan,Sodegaura,,,,,,
Argentina,Rosario,,,,,,
Oman,Ruwi,,,,,,
Russian Federation,Ryazan,,,,,,
Germany,Saarbrucken,,,,,,
United States of America,Saint Louis Park,,,,,,
Belgium,Saint Ghislain,,,,,,
France,Saint Martin Boulogne,,,,,,
Madagascar,Sakaraha,,,,,,
Germany,Salzwedel,,,,,,
Indonesia,Samarinda,,,,,,
Indonesia,Sampang,,,,,,
Venezuela (Bolivarian Republic of),San Jose De Guanipa,,,,,,
Philippines,San Luis,,,,,,
United States of America,San Marino,,,,,,
Italy,San Pietro Vernotico,,,,,,
Italy,San Prisco,,,,,,
India,Sandi,,,,,,
Costa Rica,Santa Cruz,,,,,,
Brazil,Santa Maria Do Para,,,,,,
Philippines,Santiago,,,,,,
Brazil,Sao Carlos,,,,,,
Brazil,Sao Jose Do Campestre,,,,,,
United States of America,Channelview,,,,,,
United States of America,Cherryland,,,,,,
Colombia,Chia,,,,,,
China,Chiali,,,,,,
Italy,Chiaravalle,,,,,,
Zimbabwe,Chitungwiza,,,,,,
Brazil,Chuy,,,,,,
Colombia,Cienaga,,,,,,
Indonesia,Cikeruh,,,,,,
Indonesia,Cimahi,,,,,,
Italy,Cittanova,,,,,,
United States of America,Clemmons,,,,,,
Mexico,Coacalco,,,,,,
Italy,Codigoro,,,,,,
Chile,Coihaique,,,,,,
Italy,Cologno Monzese,,,,,,
Cuba,Colombia,,,,,,
Italy,Creazzo,,,,,,
United States of America,Crowley,,,,,,
Unknown,Cumana,,,,,,
Brazil,Curaca,,,,,,
United States of America,Cutlerville,,,,,,
Côte d'Ivoire,Dabou,,,,,,
Poland,Dabrowa Tarnowska,,,,,,
Bangladesh,Sarishabari,,,,,,
India,Satana,,,,,,
India,Savantvadi,,,,,,
Italy,Savignano Sul Rubicone,,,,,,
France,Savigny Sur Orge,,,,,,
Thailand,Sawang Daen Din,,,,,,
Netherlands,Schiedam,,,,,,
Italy,Schio,,,,,,
United States of America,Seattle,,,,,,
United States of America,Sedalia,,,,,,
Iran (Islamic Republic of),Semirom,,,,,,
Turkey,Serik,,,,,,
United States of America,Seymour,,,,,,
United States of America,Sharonville,,,,,,
India,Shegaon,,,,,,
India,Shergarh,,,,,,
Japan,Shibata,,,,,,
United States of America,Shrewsbury,,,,,,
Indonesia,Sigli,,,,,,
United States of America,Simi Valley,,,,,,
United States of America,Simpsonville,,,,,,
India,Sitapur,,,,,,
United Kingdom of Great Britain and Northern Ireland,Sittingbourne,,,,,,
Indonesia,Situbondo,,,,,,
Poland,Skwierzyna,,,,,,
Ukraine,Snihurivka,,,,,,
United States of America,Socastee,,,,,,
Japan,Soka,,,,,,
Turkey,Soke,,,,,,
Guatemala,Soloma,,,,,,
India,Srimushnam,,,,,,
Slovakia,Stara Tura,,,,,,
Russian Federation,Staroderevyankovskaya,,,,,,
United States of America,Stockton,,,,,,
Colombia,Suan,,,,,,
India,Sulur,,,,,,
Germany,Sundern,,,,,,
Colombia,San Onofre,,,,,,
Guatemala,San Pablo Jocopilas,,,,,,
Guatemala,Santa Cruz Del Quiche,,,,,,
Brazil,Santa Quiteria,,,,,,
Brazil,Sao Roque,,,,,,
Russian Federation,Morozovsk,,,,,,
United States of America,Morristown,,,,,,
Congo,Mossendjo,,,,,,
India,Moth,,,,,,
Japan,Motomiya,,,,,,
Italy,Mottola,,,,,,
Kenya,Mumias,,,,,,
India,Mushabani,,,,,,
Slovakia,Myjava,,,,,,
Thailand,Nakhon Pathom,,,,,,
China,Nanzhou,,,,,,
India,Naraina,,,,,,
India,Navadwip,,,,,,
Brazil,Nazare Da Mata,,,,,,
Mexico,Nealtican,,,,,,
Guatemala,Nebaj,,,,,,
Brazil,Nepomuceno,,,,,,
Russian Federation,Nevel,,,,,,
Nigeria,Nguru,,,,,,
United States of America,Nicholasville,,,,,,
India,Nimaj,,,,,,
Nicaragua,Nindiri,,,,,,
Germany,Lahstedt,,,,,,
Netherlands,Landsmeer,,,,,,
United States of America,Langley Park,,,,,,
Indonesia,Lawang,,,,,,
Netherlands,Leek,,,,,,
United Kingdom of Great Britain and Northern Ireland,Leicester,,,,,,
Albania,Librazhd,,,,,,
United States of America,Millbrook,,,,,,
United States of America,Milwaukie,,,,,,
United States of America,Mission Bend,,,,,,
Japan,Miyazu,,,,,,
Japan,Mizunami,,,,,,
Austria,Modling,,,,,,
South Africa,Mondlo,,,,,,
France,Morangis,,,,,,
India,Macherla,,,,,,
Egypt,Madinat Sittah Uktubar,,,,,,
Spain,Madridejos,,,,,,
India,Madukkur,,,,,,
Sierra Leone,Magburaka,,,,,,
Germany,Magdeburg,,,,,,
Indonesia,Magelang,,,,,,
Italy,Magenta,,,,,,
Iran (Islamic Republic of),Maku,,,,,,
India,Malihabad,,,,,,
Pakistan,Mamu Kanjan,,,,,,
Brazil,Mandaguari,,,,,,
Greece,Mandra,,,,,,
Italy,Marcon,,,,,,
Pakistan,Mardan,,,,,,
Germany,Markdorf,,,,,,
Germany,Marktredwitz,,,,,,
Nicaragua,Masaya,,,,,,
Zimbabwe,Masvingo,,,,,,
Sri Lanka,Matale,,,,,,
Brazil,Mauriti,,,,,,
Myanmar,Mawlaik,,,,,,
Brazil,Medina,,,,,,
Germany,Meerbusch,,,,,,
Kazakhstan,Lisakovsk,,,,,,
China,Liuhe,,,,,,
Botswana,Lobatse,,,,,,
Italy,Locri,,,,,,
France,Louviers,,,,,,
Serbia,Loznica,,,,,,
Poland,Lubon,,,,,,
Brazil,Luziania,,,,,,
China,Pingchen,,,,,,
India,Pirawa,,,,,,
Germany,Pirna,,,,,,
Brazil,Pocos De Caldas,,,,,,
Spain,Olivenza,,,,,,
Turkey,Oltu,,,,,,
Belgium,Oosterzele,,,,,,
Czechia,Opava,,,,,,
Brazil,Oros,,,,,,
France,Orsay,,,,,,
Bolivia (Plurinational State of),Oruro,,,,,,
Italy,Ospitaletto,,,,,,
United Kingdom of Great Britain and Northern Ireland,Ossett,,,,,,
Germany,Ostringen,,,,,,
Romania,Otelu Rosu,,,,,,
Spain,Paiporta,,,,,,
United States of America,Panthersville,,,,,,
Mexico,Panuco,,,,,,
Brazil,Passa Quatro,,,,,,
India,Pathri,,,,,,
Italy,Pavullo Nel Frignano,,,,,,
Dominican Republic,Pedernales,,,,,,
Ecuador,Pelileo,,,,,,
India,Pen,,,,,,
Zambia,Petauke,,,,,,
United States of America,Pewaukee,,,,,,
Italy,Sabaudia,,,,,,
Libya,Sabha,,,,,,
France,Sable Sur Sarthe,,,,,,
Romania,Sacele,,,,,,
France,Saint Max,,,,,,
Hungary,Sajoszentpeter,,,,,,
Bangladesh,Sakhipur,,,,,,
Greece,Salamis,,,,,,
Italy,Salzano,,,,,,
Thailand,Phitsanulok,,,,,,
Bulgaria,Pleven,,,,,,
Poland,Plock,,,,,,
France,Pontoise,,,,,,
Portugal,Portimao,,,,,,
Slovakia,Prievidza,,,,,,
United States of America,Pullman,,,,,,
Costa Rica,Quesada,,,,,,
United States of America,North Valley,,,,,,
Poland,Nowy Targ,,,,,,
Sweden,Nybro,,,,,,
Nigeria,Oka,,,,,,
India,Ranikhet,,,,,,
Thailand,Ranot,,,,,,
India,Rasra,,,,,,
Germany,Rastede,,,,,,
India,Rawatsar,,,,,,
Russian Federation,Rayevskiy,,,,,,
United States of America,Raynham,,,,,,
Germany,Rees,,,,,,
Brazil,Reriutaba,,,,,,
Lithuania,Rokiskis,,,,,,
Paraguay,Mariano Roque Alonso,,,,,,
Spain,Marin,,,,,,
India,Markapur,,,,,,
Germany,Markt Schwaben,,,,,,
Turkey,Marmaris,,,,,,
Japan,Masaki,,,,,,
Libya,Masallatah,,,,,,
France,Massy,,,,,,
Italy,Matino,,,,,,
United States of America,Maynard,,,,,,
France,Mazamet,,,,,,
Algeria,Medea,,,,,,
Italy,Melilli,,,,,,
France,Mende,,,,,,
Canada,Midland,,,,,,
Japan,Mikasa,,,,,,
Russian Federation,Mikhaylov,,,,,,
United Kingdom of Great Britain and Northern Ireland,Milton Keynes,,,,,,
United States of America,Minot,,,,,,
Italy,Mirano,,,,,,
Greece,Mitilini,,,,,,
Brazil,Moju,,,,,,
Ecuador,Montalvo,,,,,,
France,Montataire,,,,,,
Brazil,Monte Carmelo,,,,,,
Italy,Montespertoli,,,,,,
India,Motihari,,,,,,
Peru,Moyobamba,,,,,,
Uganda,Mpigi,,,,,,
Zambia,Mufulira,,,,,,
India,Muragachha,,,,,,
Pakistan,Muridke,,,,,,
Russian Federation,Muromtsevo,,,,,,
United States of America,Murray,,,,,,
Ireland,Naas,,,,,,
Indonesia,Nabire,,,,,,
India,Nagercoil,,,,,,
Germany,Neckarsulm,,,,,,
Russian Federation,Nezlobnaya,,,,,,
Serbia,Nis,,,,,,
United States of America,Nixa,,,,,,
United States of America,Noblesville,,,,,,
Poland,Nowe Miasto Lubawskie,,,,,,
Mexico,Nuevo Laredo,,,,,,
Russian Federation,Nyandoma,,,,,,
Colombia,Ocana,,,,,,
Ukraine,Odesa,,,,,,
India,Rasipuram,,,,,,
Russian Federation,Rasskazovo,,,,,,
Thailand,Ratchaburi,,,,,,
India,Raybag,,,,,,
Germany,Rendsburg,,,,,,
United States of America,Ridgewood,,,,,,
Brazil,Rio Brilhante,,,,,,
India,Rishra,,,,,,
Turkey,Rize,,,,,,
Japan,Onoda,,,,,,
Poland,Opole,,,,,,
Russian Federation,Orsk,,,,,,
Russian Federation,Otradnyy,,,,,,
Romania,Ovidiu,,,,,,
Poland,Pabianice,,,,,,
India,Padmanabhapuram,,,,,,
Malaysia,Paka,,,,,,
India,Pallapatti,,,,,,
France,Pierre Benite,,,,,,
Italy,Pinerolo,,,,,,
France,Plan De Cuques,,,,,,
Nepal,Pokhara,,,,,,
Poland,Polkowice,,,,,,
Russian Federation,Poronaysk,,,,,,
Russian Federation,Pospelikha,,,,,,
Panama,Puerto Armuelles,,,,,,
India,Puruliya,,,,,,
Myanmar,Pyapon,,,,,,
Brazil,Quixere,,,,,,
Bangladesh,Ramganj,,,,,,
India,Panipat,,,,,,
Turkey,Pasinler,,,,,,
Uzbekistan,Paytug,,,,,,
United States of America,Peabody,,,,,,
Russian Federation,Pechora,,,,,,
Indonesia,Pedan,,,,,,
Brazil,Penedo,,,,,,
United Kingdom of Great Britain and Northern Ireland,Penzance,,,,,,
Argentina,Pergamino,,,,,,
India,Periyanayakkanpalaiyam,,,,,,
Italy,Pescia,,,,,,
Pakistan,Peshawar,,,,,,
Haiti,Petionville,,,,,,
United States of America,Westminster,,,,,,
Germany,Wilhelmshaven,,,,,,
South Africa,Witrivier,,,,,,
China,Wucheng,,,,,,
China,Xinmin,,,,,,
China,Xiongshi,,,,,,
Japan,Yamasaki,,,,,,
China,Yangshan,,,,,,
India,Vikarabad,,,,,,
Unknown,Vila Velha,,,,,,
Portugal,Vilar De Andorinho,,,,,,
Brazil,Vitorino Freire,,,,,,
Brazil,Volta Redonda,,,,,,
Ukraine,Vyshhorod,,,,,,
United States of America,Wabash,,,,,,
Pakistan,Wah,,,,,,
Canada,Wallaceburg,,,,,,
Germany,Walsrode,,,,,,
Indonesia,Waru,,,,,,
Germany,Halstenbek,,,,,,
India,Handia,,,,,,
United States of America,Hanover Park,,,,,,
India,Hansi,,,,,,
Japan,Hasuda,,,,,,
Germany,Hessisch Oldendorf,,,,,,
United States of America,Goodyear,,,,,,
Italy,Gorgonzola,,,,,,
Germany,Gotha,,,,,,
United Kingdom of Great Britain and Northern Ireland,Ilkeston,,,,,,
Germany,Ilmenau,,,,,,
Russian Federation,Ipatovo,,,,,,
Denmark,Ishoj,,,,,,
Brazil,Ituiutaba,,,,,,
United States of America,Lake Wales,,,,,,
Greece,Larisa,,,,,,
Brazil,Leme,,,,,,
United States of America,Lilburn,,,,,,
China,Lingao,,,,,,
United Kingdom of Great Britain and Northern Ireland,Litherland,,,,,,
United States of America,Little Elm,,,,,,
Czechia,Litvinov,,,,,,
United Kingdom of Great Britain and Northern Ireland,London,,,,,,
France,Lons,,,,,,
Poland,Lowicz,,,,,,
Lao People's Democratic Republic,Luang Prabang,,,,,,
Belgium,Lubbeek,,,,,,
Estonia,Maardu,,,,,,
Thailand,Maha Sarakham,,,,,,
Belgium,Maldegem,,,,,,
Italy,Manerbio,,,,,,
India,Manikpur,,,,,,
Brazil,Mantena,,,,,,
Russian Federation,Kholmsk,,,,,,
Qatar,Khor,,,,,,
Germany,Kirchlengern,,,,,,
Democratic Republic of the Congo,Kisangani,,,,,,
United Republic of Tanzania,Kisarawe,,,,,,
United Republic of Tanzania,Kiwira,,,,,,
India,Kochinda,,,,,,
Sierra Leone,Koindu,,,,,,
Niger,Kollo,,,,,,
Czechia,Koprivnice,,,,,,
Serbia,Kosovska Mitrovica,,,,,,
Russian Federation,Kotovsk,,,,,,
Mali,Koulikoro,,,,,,
Czechia,Kralupy Nad Vltavou,,,,,,
Russian Federation,Krasnoobsk,,,,,,
Switzerland,Kriens,,,,,,
Malaysia,Kuala Kangsar,,,,,,
Malaysia,Kuala Pilah,,,,,,
Gambia,Kuntaur,,,,,,
Japan,Kurobe,,,,,,
Russian Federation,Kushnarenkovo,,,,,,
Poland,Kwidzyn,,,,,,
United States of America,La Quinta,,,,,,
Colombia,La Tebaida,,,,,,
Brazil,Lagarto,,,,,,
Brazil,Lagoa Vermelha,,,,,,
Venezuela (Bolivarian Republic of),Lagunillas,,,,,,
Japan,Habikino,,,,,,
United States of America,Hammond,,,,,,
United States of America,Hamtramck,,,,,,
China,Hanchuan,,,,,,
Romania,Harlau,,,,,,
Denmark,Haslev,,,,,,
Ukraine,Haysyn,,,,,,
United States of America,Helena,,,,,,
Japan,Hikone,,,,,,
Brazil,Hortolandia,,,,,,
United States of America,Huntington,,,,,,
Brazil,Ibotirama,,,,,,
Brazil,Ico,,,,,,
Netherlands,Ijsselstein,,,,,,
Unknown,Ilhabela,,,,,,
Thailand,Kamphaeng Phet,,,,,,
Indonesia,Kanigoro,,,,,,
Uganda,Kapchorwa,,,,,,
India,Karad,,,,,,
Russian Federation,Karasuk,,,,,,
Sweden,Karlshamn,,,,,,
Japan,Kashima,,,,,,
Belgium,Kasterlee,,,,,,
Japan,Katano,,,,,,
United Republic of Tanzania,Katumba,,,,,,
Indonesia,Kedungwuni,,,,,,
Israel,Kefar Yona,,,,,,
Canada,Kenora,,,,,,
Canada,Kentville,,,,,,
Netherlands,Kerkrade,,,,,,
Pakistan,Jacobabad,,,,,,
India,Jalalpore,,,,,,
India,Jhinjhak,,,,,,
India,Jhinjhana,,,,,,
Somalia,Jilib,,,,,,
South Sudan,Juba,,,,,,
Germany,Juterbog,,,,,,
Senegal,Kaffrine,,,,,,
Greece,Kalimnos,,,,,,
Republic of North Macedonia,Kamenjane,,,,,,
Japan,Kamo,,,,,,
Germany,Abensberg,,,,,,
Côte d'Ivoire,Aboisso,,,,,,
France,Acheres,,,,,,
Ethiopia,Addis Zemen,,,,,,
Australia,Adelaide,,,,,,
Romania,Adjud,,,,,,
Chad,Adre,,,,,,
Italy,Agropoli,,,,,,
Azerbaijan,Agstafa,,,,,,
India,Ahwa,,,,,,
Uzbekistan,Aktash,,,,,,
Unknown,Albenga,,,,,,
United States of America,Albertville,,,,,,
Mexico,Aldama,,,,,,
Russian Federation,Aleksandrovsk Sakhalinskiy,,,,,,
Ecuador,Alfredo Baquerizo Moreno,,,,,,
Canada,Ingersoll,,,,,,
Brazil,Ipora,,,,,,
United Kingdom of Great Britain and Northern Ireland,Ipswich,,,,,,
Brazil,Itaberai,,,,,,
Japan,Iwanuma,,,,,,
India,Jalor,,,,,,
Poland,Jaworzno,,,,,,
India,Jhansi,,,,,,
Guatemala,Jocotenango,,,,,,
Brazil,Joinville,,,,,,
Spain,Jumilla,,,,,,
Uganda,Kaberamaido,,,,,,
India,Kadur,,,,,,
United Republic of Tanzania,Kahama,,,,,,
Thailand,Kalasin,,,,,,
Bangladesh,Kalia,,,,,,
India,Kalpi,,,,,,
Ukraine,Kalush,,,,,,
Republic of North Macedonia,Gostivar,,,,,,
Brazil,Gravatai,,,,,,
United States of America,Greenfield,,,,,,
Brazil,Guararema,,,,,,
United States of America,Guttenberg,,,,,,
Zimbabwe,Gwanda,,,,,,
Japan,Hagi,,,,,,
China,Hailin,,,,,,
Japan,Hakui,,,,,,
India,Haldwani,,,,,,
India,Hamirpur,,,,,,
United States of America,Hawaiian Gardens,,,,,,
United States of America,Henderson,,,,,,
Belgium,Herk De Stad,,,,,,
Uruguay,Fray Bentos,,,,,,
Germany,Freising,,,,,,
Russian Federation,Fryanovo,,,,,,
Nigeria,Funtua,,,,,,
China,Fuyang,,,,,,
Sri Lanka,Galle,,,,,,
Sri Lanka,Gampola,,,,,,
Afghanistan,Gardez,,,,,,
Nigeria,Gashua,,,,,,
India,Gaurela,,,,,,
Italy,Gavardo,,,,,,
India,Ghatampur,,,,,,
Germany,Gifhorn,,,,,,
Germany,Gilching,,,,,,
Eritrea,Ginda,,,,,,
United States of America,Holladay,,,,,,
United States of America,Hope Mills,,,,,,
United States of America,Hopkinsville,,,,,,
Belarus,Horki,,,,,,
China,Hsilo,,,,,,
Brazil,Iacu,,,,,,
Russian Federation,Iglino,,,,,,
Sri Lanka,Colombo,,,,,,
Indonesia,Comal,,,,,,
United States of America,Compton,,,,,,
Brazil,Correia Pinto,,,,,,
United Kingdom of Great Britain and Northern Ireland,Coventry,,,,,,
United States of America,Cranston,,,,,,
Brazil,Cuiaba,,,,,,
France,Cusset,,,,,,
China,Daan,,,,,,
Germany,Gladenbach,,,,,,
Unknown,Goderich,,,,,,
Indonesia,Gondanglegi,,,,,,
India,Gorakhpur,,,,,,
Russian Federation,Gorokhovets,,,,,,
Germany,Goslar,,,,,,
United States of America,Grand Terrace,,,,,,
United Kingdom of Great Britain and Northern Ireland,Grantham,,,,,,
Brazil,Guanambi,,,,,,
China,Guangyuan,,,,,,
Venezuela (Bolivarian Republic of),Guatire,,,,,,
France,Franconville,,,,,,
United States of America,Franklin Lakes,,,,,,
Switzerland,Frauenfeld,,,,,,
United States of America,Fredonia,,,,,,
Germany,Freiburg,,,,,,
Mexico,Frontera,,,,,,
China,Fuling,,,,,,
Unknown,Funchal,,,,,,
Lithuania,Garliava,,,,,,
Indonesia,Garut,,,,,,
Turkey,Genc,,,,,,
Italy,Giaveno,,,,,,
France,Gif Sur Yvette,,,,,,
China,Erhlin,,,,,,
Germany,Erkrath,,,,,,
United States of America,Escanaba,,,,,,
Iran (Islamic Republic of),Esfarayen,,,,,,
Belgium,Esneux,,,,,,
United States of America,Evans,,,,,,
United States of America,Evansville,,,,,,
United States of America,Fair Lawn,,,,,,
United States of America,Fairland,,,,,,
Portugal,Fatima,,,,,,
Belgium,Florennes,,,,,,
Guatemala,Flores Costa Cuca,,,,,,
Cambodia,Kampong Chhnang,,,,,,
Russian Federation,Kamyshlov,,,,,,
Finland,Kankaanpaa,,,,,,
Unknown,Kannangad,,,,,,
Russian Federation,Karabudakhkent,,,,,,
Indonesia,Karangasem,,,,,,
Indonesia,Karawang,,,,,,
Czechia,Karlovy Vary,,,,,,
Turkey,Kars,,,,,,
Greece,Kavala,,,,,,
Bulgaria,Kavarna,,,,,,
Russian Federation,Kazanskaya,,,,,,
Kyrgyzstan,Kemin,,,,,,
Finland,Kempele,,,,,,
Slovakia,Kezmarok,,,,,,
Ireland,Drogheda,,,,,,
Russian Federation,Dubovka,,,,,,
Unknown,Durban,,,,,,
Turkey,Duzce,,,,,,
Italy,Eboli,,,,,,
France,Echirolles,,,,,,
Nigeria,Eha Amufu,,,,,,
Colombia,El Copey,,,,,,
Brazil,Elesbao Veloso,,,,,,
Malaysia,Kuala Krai,,,,,,
Malaysia,Kulai,,,,,,
Pakistan,Kundian,,,,,,
Australia,Kurri Kurri,,,,,,
Japan,Kurume,,,,,,
Dominican Republic,La Romana,,,,,,
Bangladesh,Khulna,,,,,,
United Kingdom of Great Britain and Northern Ireland,Kingswood,,,,,,
India,Kishanganj,,,,,,
Denmark,Kolding,,,,,,
Bulgaria,Kostinbrod,,,,,,
Russian Federation,Kovrov,,,,,,
Romania,Falticeni,,,,,,
Italy,Favara,,,,,,
Italy,Figline Valdarno,,,,,,
United States of America,Flagstaff,,,,,,
Unknown,Praia Grande,,,,,,
Russian Federation,Progress,,,,,,
India,Pulgaon,,,,,,
Philippines,Pulilan,,,,,,
Netherlands,Putten,,,,,,
Iran (Islamic Republic of),Qeshm,,,,,,
China,Qixia,,,,,,
Viet Nam,Qui Nhon,,,,,,
Germany,Radebeul,,,,,,
United States of America,Rancho Santa Margarita,,,,,,
Brazil,Raposos,,,,,,
Germany,Raunheim,,,,,,
Italy,Ravanusa,,,,,,
India,Rayagada,,,,,,
Spain,Reinosa,,,,,,
India,Rewa,,,,,,
South Africa,Richards Bay,,,,,,
Portugal,Rio Tinto,,,,,,
Colombia,Rionegro,,,,,,
United Republic of Tanzania,Rulenge,,,,,,
United States of America,Rutland,,,,,,
Colombia,Salamina,,,,,,
Latvia,Salaspils,,,,,,
Thailand,Sam Phran,,,,,,
Mexico,San Juan De Las Huertas,,,,,,
Poland,Sanok,,,,,,
Brazil,Sao Joao Do Piaui,,,,,,
Brazil,Sape,,,,,,
India,Satwas,,,,,,
Germany,Schwalmstadt,,,,,,
Indonesia,Serang,,,,,,
Iran (Islamic Republic of),Shahriyar,,,,,,
China,Shangrao,,,,,,
Russian Federation,Ordzhonikidzevskaya,,,,,,
Republic of Moldova,Orhei,,,,,,
Brazil,Ortigueira,,,,,,
Unknown,Os,,,,,,
Poland,Ostrow Wielkopolski,,,,,,
United States of America,Ottumwa,,,,,,
Haiti,Ouanaminthe,,,,,,
Nigeria,Owerri,,,,,,
Unknown,Paciran,,,,,,
Colombia,Pailitas,,,,,,
Italy,Palombara Sabina,,,,,,
Germany,Papenburg,,,,,,
India,Pappinisseri,,,,,,
Poland,Parczew,,,,,,
United States of America,Parkersburg,,,,,,
Germany,Pasewalk,,,,,,
India,Patharia,,,,,,
India,Patur,,,,,,
Indonesia,Perbaungan,,,,,,
France,Perigueux,,,,,,
Bulgaria,Petric,,,,,,
Thailand,Phayakkhaphum Phisai,,,,,,
Ukraine,Pidhorodne,,,,,,
India,Pilibhit,,,,,,
United States of America,Pinole,,,,,,
Spain,Pinos Puente,,,,,,
Bulgaria,Plovdiv,,,,,,
Philippines,Polomolok,,,,,,
United States of America,Pompano Beach,,,,,,
Australia,Port Augusta,,,,,,
Japan,Shizukuishi,,,,,,
Ukraine,Shostka,,,,,,
India,Shupiyan,,,,,,
Kazakhstan,Shymkent,,,,,,
Germany,Siegen,,,,,,
Honduras,Siguatepeque,,,,,,
India,Sindi,,,,,,
India,Singanallur,,,,,,
Poland,Slawno,,,,,,
Brazil,Sobradinho,,,,,,
Viet Nam,Soc Trang,,,,,,
Thailand,Nong Khai,,,,,,
United States of America,North Charleston,,,,,,
Brazil,Nova Olimpia,,,,,,
Russian Federation,Novaya Lyalya,,,,,,
Russian Federation,Novoshakhtinsk,,,,,,
South Africa,Nylstroom,,,,,,
Germany,Offenbach,,,,,,
United Kingdom of Great Britain and Northern Ireland,Oldham,,,,,,
Italy,Soliera,,,,,,
Denmark,Solrod,,,,,,
Italy,Sora,,,,,,
Brazil,Soure,,,,,,
United States of America,South Daytona,,,,,,
United States of America,South Euclid,,,,,,
Russian Federation,Sovetsk,,,,,,
South Africa,Stilfontein,,,,,,
China,Suihua,,,,,,
India,Sulurpeta,,,,,,
Angola,Sumbe,,,,,,
Norway,Jessheim,,,,,,
India,Jetalsar,,,,,,
China,Jiupu,,,,,,
Indonesia,Jogonalan,,,,,,
United States of America,Joppatowne,,,,,,
India,Julana,,,,,,
Guatemala,Jutiapa,,,,,,
Nepal,Kalaiya,,,,,,
India,Kalamb,,,,,,
Ukraine,Kalanchak,,,,,,
India,Kalugumalai,,,,,,
Japan,Kamogawa,,,,,,
India,Imphal,,,,,,
United Republic of Tanzania,Inyonga,,,,,,
Turkey,Iskenderun,,,,,,
Russian Federation,Istra,,,,,,
Colombia,Itagui,,,,,,
Brazil,Itajuba,,,,,,
Brazil,Itaperuna,,,,,,
Japan,Itsukaichi,,,,,,
Brazil,Ivoti,,,,,,
India,Jalalabad,,,,,,
United Kingdom of Great Britain and Northern Ireland,Jarrow,,,,,,
India,Jasdan,,,,,,
Ethiopia,Hirna,,,,,,
Viet Nam,Ho Chi Minh City,,,,,,
Ukraine,Horodyshche,,,,,,
China,Huainan,,,,,,
Germany,Hude,,,,,,
France,Hyeres,,,,,,
Ecuador,Ibarra,,,,,,
Brazil,Iguaba Grande,,,,,,
Russian Federation,Guryevsk,,,,,,
Belgium,Haaltert,,,,,,
United States of America,Hamilton,,,,,,
United States of America,Hays,,,,,,
United States of America,Hercules,,,,,,
Pakistan,Sarhari,,,,,,
Netherlands,Schagen,,,,,,
Russian Federation,Sertolovo,,,,,,
Ethiopia,Shakiso,,,,,,
Japan,Komae,,,,,,
Bosnia and Herzegovina,Konjic,,,,,,
Switzerland,Konstanz,,,,,,
Ethiopia,Korem,,,,,,
Thailand,Kranuan,,,,,,
Republic of North Macedonia,Kratovo,,,,,,
Angola,Kuito,,,,,,
Pakistan,Kulachi,,,,,,
Russian Federation,Kuleshovka,,,,,,
India,Kumher,,,,,,
India,Kundarki,,,,,,
Russian Federation,Kurovskoye,,,,,,
Sudan,Kusti,,,,,,
Uzbekistan,Kuva,,,,,,
Australia,Kwinana,,,,,,
France,La Celle Saint Cloud,,,,,,
Nicaragua,La Paz Centro,,,,,,
France,La Queue En Brie,,,,,,
Spain,La Rinconada,,,,,,
Brazil,Labrea,,,,,,
Russian Federation,Ladozhskaya,,,,,,
Nepal,Lahan,,,,,,
Germany,Lahnstein,,,,,,
Italy,Laives,,,,,,
United States of America,Lake Zurich,,,,,,
Poland,Lancut,,,,,,
Thailand,Lat Yao,,,,,,
Germany,Leichlingen,,,,,,
Germany,Linkenheim Hochstetten,,,,,,
Unknown,Llanelli,,,,,,
Germany,Lohne,,,,,,
Belgium,Lommel,,,,,,
Unknown,Long Beach,,,,,,
Philippines,Longos,,,,,,
Spain,Lorca,,,,,,
Philippines,Lutayan,,,,,,
Switzerland,Lyss,,,,,,
Russian Federation,Lyubertsy,,,,,,
Netherlands,Maarsen,,,,,,
India,Mahemdavad,,,,,,
Brazil,Mairi,,,,,,
Philippines,Makati,,,,,,
Japan,Maki,,,,,,
India,Malkera,,,,,,
Sweden,Malmo,,,,,,
India,Manasa,,,,,,
Syrian Arab Republic,Manbij,,,,,,
China,Maoming,,,,,,
Iran (Islamic Republic of),Maragheh,,,,,,
Spain,Merida,,,,,,
Mexico,Mexicali,,,,,,
Russian Federation,Mezhdurechensk,,,,,,
United States of America,Miami Lakes,,,,,,
Germany,Michelstadt,,,,,,
Russian Federation,Mikun,,,,,,
Australia,Mildura,,,,,,
United States of America,Minden,,,,,,
Italy,Mirandola,,,,,,
Brazil,Mirassol,,,,,,
Malaysia,Miri,,,,,,
Pakistan,Mirwah,,,,,,
Poland,Mlawa,,,,,,
Chad,Moissala,,,,,,
Ethiopia,Mojo,,,,,,
Russian Federation,Monchegorsk,,,,,,
France,Mons En Baroeul,,,,,,
United States of America,Mounds View,,,,,,
Brazil,Mutuipe,,,,,,
Israel,Nahef,,,,,,
Poland,Naklo Nad Notecia,,,,,,
Russian Federation,Naryan Mar,,,,,,
Malta,Naxxar,,,,,,
Ethiopia,Nazret,,,,,,
Colombia,Neira,,,,,,
Germany,Nidderau,,,,,,
China,Ningxiang,,,,,,
Viet Nam,Ninh Binh,,,,,,
Cuba,Niquero,,,,,,
France,Nogent Sur Oise,,,,,,
Australia,Karratha,,,,,,
Turkmenistan,Kerki,,,,,,
India,Khair,,,,,,
Russian Federation,Imeni Morozova,,,,,,
Japan,Ishikawa,,,,,,
Turkey,Isparta,,,,,,
Brazil,Itaborai,,,,,,
Brazil,Jacutinga,,,,,,
Cuba,Jaguey Grande,,,,,,
Iran (Islamic Republic of),Khormuj,,,,,,
India,Khunti,,,,,,
Russian Federation,Khvalynsk,,,,,,
Unknown,Kismayo,,,,,,
Czechia,Klasterec Nad Ohri,,,,,,
Indonesia,Klaten,,,,,,
Mexico,Macuspana,,,,,,
United Republic of Tanzania,Mafinga,,,,,,
Philippines,Magsaysay,,,,,,
United States of America,Marquette,,,,,,
Japan,Masuda,,,,,,
Mexico,Matias Romero,,,,,,
Russian Federation,Matveyev Kurgan,,,,,,
Russian Federation,Maykop,,,,,,
Italy,Mazara Del Vallo,,,,,,
United States of America,Mehlville,,,,,,
United States of America,Melville,,,,,,
Japan,Moriya,,,,,,
China,Jiangyan,,,,,,
India,Kalghatgi,,,,,,
United States of America,Yarmouth,,,,,,
Japan,Yoichi,,,,,,
Japan,Yokote,,,,,,
Japan,Yorii,,,,,,
China,Yunhe,,,,,,
Poland,Zagan,,,,,,
Russian Federation,Zavolzhsk,,,,,,
Mexico,Zihuatanejo,,,,,,
Switzerland,Zug,,,,,,
India,Tijara,,,,,,
India,Tiruchchendur,,,,,,
Poland,Tomaszow Mazowiecki,,,,,,
India,Tehri,,,,,,
India,Tekkalakota,,,,,,
United States of America,Tenafly,,,,,,
Mexico,Tenango De Arista,,,,,,
Mexico,Tenango De Rio Blanco,,,,,,
Turkey,Tepecik,,,,,,
Pakistan,Thano Bula Khan,,,,,,
Germany,Tholey,,,,,,
Spain,Tias,,,,,,
Unknown,Tigzirt,,,,,,
Indonesia,Tondano,,,,,,
China,Tongren,,,,,,
Spain,Torrelodones,,,,,,
United States of America,Town And Country,,,,,,
Russian Federation,Ukhta,,,,,,
India,Ulhasnagar,,,,,,
Netherlands,Dronten,,,,,,
Dominican Republic,Duverge,,,,,,
Guatemala,El Palmar,,,,,,
France,Elancourt,,,,,,
India,Ongole,,,,,,
Côte d'Ivoire,Oume,,,,,,
United States of America,Owasso,,,,,,
Colombia,Paipa,,,,,,
India,Palanpur,,,,,,
Serbia,Pozarevac,,,,,,
Unknown,Pozzallo,,,,,,
Argentina,Presidencia Roque Saenz Pena,,,,,,
South Africa,Prieska,,,,,,
Guatemala,Puerto Barrios,,,,,,
China,Pulandian,,,,,,
Canada,Quesnel,,,,,,
Ecuador,Quevedo,,,,,,
France,Quimperle,,,,,,
Germany,Radevormwald,,,,,,
Germany,Rahden,,,,,,
India,Rairangpur,,,,,,
India,Rajkot,,,,,,
Malaysia,Ranau,,,,,,
Malaysia,Raub,,,,,,
India,Raya,,,,,,
United States of America,Redmond,,,,,,
Chile,Rengo,,,,,,
Croatia,Rijeka,,,,,,
Brazil,Rio Pomba,,,,,,
Uruguay,Rocha,,,,,,
United States of America,Rockford,,,,,,
Germany,Rommerskirchen,,,,,,
Romania,Rosiori De Vede,,,,,,
Philippines,Roxas,,,,,,
India,Rura,,,,,,
Russian Federation,Rybnoye,,,,,,
Thailand,Sa Kaeo,,,,,,
India,Sagar,,,,,,
Philippines,Sagay,,,,,,
France,Saint Francois,,,,,,
Hungary,Salgotarjan,,,,,,
Uruguay,Salto,,,,,,
Germany,Salzgitter,,,,,,
Philippines,Samal,,,,,,
Argentina,San Carlos De Bariloche,,,,,,
Cuba,San Cristobal,,,,,,
Dominican Republic,San Francisco De Macoris,,,,,,
Philippines,San Simon,,,,,,
Unknown,Sandakan,,,,,,
Brazil,Santo Antonio Do Amparo,,,,,,
Brazil,Santo Antonio Do Monte,,,,,,
Brazil,Sao Fidelis,,,,,,
Brazil,Sao Jose Do Egito,,,,,,
Brazil,Sao Miguel Do Oeste,,,,,,
United States of America,West Jordan,,,,,,
United States of America,West Valley City,,,,,,
United States of America,Whitewater,,,,,,
South Africa,Winburg,,,,,,
Australia,Wollongong,,,,,,
Mozambique,Xai Xai,,,,,,
Japan,Yachiyo,,,,,,
China,Yanzhou,,,,,,
Liberia,Yekepa,,,,,,
Japan,Yubari,,,,,,
Japan,Yuza,,,,,,
Czechia,Zabreh,,,,,,
Russian Federation,Zheleznovodsk,,,,,,
Kazakhstan,Zhitikara,,,,,,
China,Zhucheng,,,,,,
Netherlands,Zoetermeer,,,,,,
Turkey,Zonguldak,,,,,,
Russian Federation,Zubova Polyana,,,,,,
Netherlands,Papendrecht,,,,,,
Brazil,Paranavai,,,,,,
Brazil,Parnarama,,,,,,
Mexico,Patzcuaro,,,,,,
Malaysia,Pekan,,,,,,
Italy,Pellezzano,,,,,,
Brazil,Perdoes,,,,,,
Albania,Permet,,,,,,
United Kingdom of Great Britain and Northern Ireland,Perth,,,,,,
Italy,Pescara,,,,,,
Russian Federation,Petropavlovsk Kamchatskiy,,,,,,
South Africa,Pietermaritzburg,,,,,,
Brazil,Pilar,,,,,,
Poland,Pinczow,,,,,,
Brazil,Pitangueiras,,,,,,
Poland,Plonsk,,,,,,
Hungary,Pomaz,,,,,,
Brazil,Pompeia,,,,,,
Unknown,Ponta Delgada,,,,,,
France,Pontivy,,,,,,
United States of America,Port Arthur,,,,,,
United States of America,Glen Ellyn,,,,,,
United States of America,Glens Falls,,,,,,
Poland,Glubczyce,,,,,,
United States of America,Goshen,,,,,,
Germany,Grafelfing,,,,,,
Argentina,Gualeguaychu,,,,,,
Brazil,Guaranesia,,,,,,
Venezuela (Bolivarian Republic of),Guarenas,,,,,,
Colombia,Guarne,,,,,,
Guatemala,Guatemala City,,,,,,
China,Guicheng,,,,,,
India,Gurmatkal,,,,,,
Turkey,Gursu,,,,,,
Hungary,Hajduhadhaz,,,,,,
Germany,Hannoversch Munden,,,,,,
United Kingdom of Great Britain and Northern Ireland,Harrogate,,,,,,
Germany,Hattersheim,,,,,,
Sri Lanka,Hatton,,,,,,
United Kingdom of Great Britain and Northern Ireland,Haverfordwest,,,,,,
United States of America,Herrin,,,,,,
United Kingdom of Great Britain and Northern Ireland,Hertford,,,,,,
China,Heze,,,,,,
United States of America,Highland Park,,,,,,
Germany,Ettenheim,,,,,,
United States of America,Ewing,,,,,,
Italy,Faenza,,,,,,
Iran (Islamic Republic of),Falavarjan,,,,,,
Germany,Fallingbostel,,,,,,
Madagascar,Faratsiho,,,,,,
India,Fatehabad,,,,,,
Madagascar,Fenoarivo,,,,,,
Cameroon,Fontem,,,,,,
United States of America,Fort Hunt,,,,,,
South Africa,Piet Retief,,,,,,
United States of America,Pinewood,,,,,,
Lithuania,Panevezys,,,,,,
Philippines,Pangil,,,,,,
Pakistan,Pasni,,,,,,
Pakistan,Pasrur,,,,,,
India,Patratu,,,,,,
Brazil,Paulinia,,,,,,
Iran (Islamic Republic of),Paveh,,,,,,
India,Peddapuram,,,,,,
India,Pehowa,,,,,,
Greece,Peristerion,,,,,,
Cuba,Artemisa,,,,,,
Russian Federation,Arzamas,,,,,,
Mexico,Atencingo,,,,,,
Germany,Auerbach,,,,,,
India,Aurangabad,,,,,,
Peru,Ayacucho,,,,,,
United Republic of Tanzania,Babati,,,,,,
Iran (Islamic Republic of),Babol,,,,,,
Germany,Bad Liebenwerda,,,,,,
Germany,Bad Munstereifel,,,,,,
Germany,Bad Schwalbach,,,,,,
India,Badarwas,,,,,,
India,Badvel,,,,,,
India,Baghdogra,,,,,,
Nepal,Baglung,,,,,,
India,Balarampur,,,,,,
India,Bali Chak,,,,,,
Albania,Ballsh,,,,,,
Indonesia,Bambanglipuro,,,,,,
Brazil,Barao De Cocais,,,,,,
United Republic of Tanzania,Bariadi,,,,,,
Brazil,Barroso,,,,,,
Russian Federation,Barysh,,,,,,
India,Basoda,,,,,,
Russian Federation,Bavly,,,,,,
Turkey,Bayburt,,,,,,
Brazil,Bela Vista Do Paraiso,,,,,,
United States of America,Bellwood,,,,,,
Angola,Benguela,,,,,,
India,Bhadrak,,,,,,
Malaysia,Bidor,,,,,,
Philippines,Binalbagan,,,,,,
United States of America,Bismarck,,,,,,
Belgium,Bocholt,,,,,,
Colombia,Bogota,,,,,,
Ukraine,Bohodukhiv,,,,,,
United States of America,Boone,,,,,,
United Kingdom of Great Britain and Northern Ireland,Bootle,,,,,,
United States of America,Borger,,,,,,
United States of America,Brookings,,,,,,
Belgium,Buggenhout,,,,,,
Burundi,Bujumbura,,,,,,
South Africa,Butterworth,,,,,,
Brazil,Canarana,,,,,,
United States of America,Canby,,,,,,
Brazil,Canguaretama,,,,,,
Portugal,Caparica,,,,,,
Brazil,Carauari,,,,,,
Italy,Castano Primo,,,,,,
Italy,Castellarano,,,,,,
Italy,Castelnuovo Rangone,,,,,,
United States of America,Cedar Grove,,,,,,
United States of America,Sarasota,,,,,,
Russian Federation,Sasovo,,,,,,
Mexico,Saucillo,,,,,,
Germany,Schwanewede,,,,,,
United States of America,Scotts Valley,,,,,,
Russian Federation,Selenginsk,,,,,,
Nigeria,Shagamu,,,,,,
United Arab Emirates,Sharjah,,,,,,
Japan,Shinshiro,,,,,,
United States of America,Shirley,,,,,,
Russian Federation,Sholokhovskiy,,,,,,
Italy,Silvi,,,,,,
Zambia,Sinazongwe,,,,,,
Madagascar,Soanierana Ivongo,,,,,,
Japan,Abiko,,,,,,
Mexico,Acatlan,,,,,,
United Kingdom of Great Britain and Northern Ireland,Accrington,,,,,,
Afghanistan,Acin,,,,,,
Ghana,Aflao,,,,,,
Italy,Afragola,,,,,,
India,Ajaigarh,,,,,,
Italy,Albignasego,,,,,,
France,Alencon,,,,,,
India,Allahganj,,,,,,
India,Alnavar,,,,,,
Mexico,Altotonga,,,,,,
Spain,Ames,,,,,,
Philippines,Angat,,,,,,
France,Anglet,,,,,,
United States of America,Anniston,,,,,,
China,Anqing,,,,,,
Mexico,Arandas,,,,,,
France,Arcueil,,,,,,
Greece,Argos,,,,,,
Mexico,Sombrerete,,,,,,
Viet Nam,Son La,,,,,,
Brazil,Sousa,,,,,,
United States of America,South Laurel,,,,,,
United States of America,South Portland,,,,,,
United States of America,South Yuba City,,,,,,
Switzerland,Spreitenbach,,,,,,
India,Srivaikuntam,,,,,,
France,Stiring Wendel,,,,,,
Russian Federation,Strezhevoy,,,,,,
India,Sujangarh,,,,,,
United Kingdom of Great Britain and Northern Ireland,Chester Le Street,,,,,,
Pakistan,Chichawatni,,,,,,
Peru,Chilca,,,,,,
India,Chincholi,,,,,,
Pakistan,Chor,,,,,,
United States of America,Clawson,,,,,,
United States of America,Cleburne,,,,,,
United States of America,Cleveland Heights,,,,,,
Poland,Szamotuly,,,,,,
Poland,Sztum,,,,,,
Tajikistan,Taboshar,,,,,,
China,Taipao,,,,,,
Ghana,Tamale,,,,,,
Unknown,Tammisaari,,,,,,
Unknown,Tandag,,,,,,
Pakistan,Tando Adam,,,,,,
Morocco,Tangier,,,,,,
Brazil,Taquaritinga,,,,,,
France,Tarascon,,,,,,
Ghana,Tarkwa,,,,,,
Russian Federation,Tatarsk,,,,,,
Japan,Tatebayashi,,,,,,
Brazil,Tremembe,,,,,,
Slovakia,Trencin,,,,,,
Italy,Trepuzzi,,,,,,
Brazil,Tres Passos,,,,,,
Japan,Tsurugi,,,,,,
United States of America,Tucker,,,,,,
Malaysia,Tumpat,,,,,,
United Republic of Tanzania,Tunduru,,,,,,
Russian Federation,Ufa,,,,,,
India,Unjha,,,,,,
India,Usilampatti,,,,,,
Russian Federation,Usman,,,,,,
Russian Federation,Ussuriysk,,,,,,
Japan,Uwajima,,,,,,
Italy,Valeggio Sul Mincio,,,,,,
Serbia,Valjevo,,,,,,
Sweden,Vaxjo,,,,,,
Czechia,Velke Mezirici,,,,,,
Italy,Veroli,,,,,,
Brazil,Vicosa,,,,,,
France,Vienne,,,,,,
France,Versailles,,,,,,
United States of America,Acton,,,,,,
Spain,Aguimes,,,,,,
India,Ajmer,,,,,,
Turkey,Akdagmadeni,,,,,,
Cameroon,Akonolinga,,,,,,
Italy,Alberobello,,,,,,
Spain,Alginet,,,,,,
Russian Federation,Alkhan Kala,,,,,,
India,Ambala,,,,,,
India,Amroha,,,,,,
India,Amur,,,,,,
Poland,Andrychow,,,,,,
Madagascar,Anjozorobe,,,,,,
United States of America,Ann Arbor,,,,,,
France,Annemasse,,,,,,
China,Anshun,,,,,,
United States of America,Ansonia,,,,,,
Madagascar,Antanifotsy,,,,,,
France,Apt,,,,,,
Brazil,Apucarana,,,,,,
Iran (Islamic Republic of),Ardistan,,,,,,
Brazil,Ariquemes,,,,,,
Russian Federation,Arkhangelsk,,,,,,
United States of America,Arlington,,,,,,
Ethiopia,Asayita,,,,,,
India,Ashti,,,,,,
Mexico,Autopan,,,,,,
Italy,Aversa,,,,,,
Paraguay,Ayolas,,,,,,
Germany,Bad Krozingen,,,,,,
Italy,Bagnara Calabra,,,,,,
South Africa,Tembisa,,,,,,
Japan,Tenno,,,,,,
Netherlands,Terneuzen,,,,,,
India,Tezpur,,,,,,
China,Tieling,,,,,,
India,Tiruppur,,,,,,
India,Tirur,,,,,,
Philippines,Tiwi,,,,,,
Japan,Tochigi,,,,,,
Japan,Tomigusuku,,,,,,
Hungary,Torokszentmiklos,,,,,,
Denmark,Torshavn,,,,,,
Turkey,Tosya,,,,,,
Viet Nam,Tra Vinh,,,,,,
Russian Federation,Troitskaya,,,,,,
Unknown,Tual,,,,,,
Romania,Tulcea,,,,,,
India,Udgir,,,,,,
India,Umreth,,,,,,
Brazil,Una,,,,,,
Japan,Ureshino,,,,,,
Brazil,Uruburetama,,,,,,
Russian Federation,Urzhum,,,,,,
Russian Federation,Uva,,,,,,
Spain,Valverde Del Camino,,,,,,
India,Varanasi,,,,,,
Netherlands,Veghel,,,,,,
Ecuador,Velasco Ibarra,,,,,,
France,Vertou,,,,,,
United States of America,Sunrise,,,,,,
United States of America,Sussex,,,,,,
Russian Federation,Suzdal,,,,,,
United Kingdom of Great Britain and Northern Ireland,Swadlincote,,,,,,
Australia,Sydney,,,,,,
Tunisia,Tabulbah,,,,,,
Japan,Takefu,,,,,,
Peru,Tambo Grande,,,,,,
Pakistan,Tank,,,,,,
Unknown,Taranto,,,,,,
Uzbekistan,Tashkent,,,,,,
Argentina,Villa Carlos Paz,,,,,,
South Africa,Vryburg,,,,,,
Myanmar,Wakema,,,,,,
Thailand,Wang Saphung,,,,,,
United States of America,Ware,,,,,,
Germany,Wassenberg,,,,,,
United States of America,Weslaco,,,,,,
United States of America,West Haven,,,,,,
United States of America,West Linn,,,,,,
Germany,Westerstede,,,,,,
United Kingdom of Great Britain and Northern Ireland,Whitehaven,,,,,,
United Kingdom of Great Britain and Northern Ireland,Wigan,,,,,,
South Africa,Witbank,,,,,,
Germany,Wittingen,,,,,,
Belgium,Wommelgem,,,,,,
United States of America,Worth,,,,,,
Mexico,Xalmimilulco,,,,,,
Thailand,Yang Talat,,,,,,
Turkey,Yerkoy,,,,,,
Japan,Yonago,,,,,,
Russian Federation,Zelenograd,,,,,,
Bosnia and Herzegovina,Zenica,,,,,,
Romania,Zimnicea,,,,,,
United States of America,Powder Springs,,,,,,
Greece,Psikhikon,,,,,,
Nicaragua,Puerto Cabezas,,,,,,
Malta,Qormi,,,,,,
Iran (Islamic Republic of),Quchan,,,,,,
Oman,Qurayyat,,,,,,
United States of America,Radford,,,,,,
France,Limay,,,,,,
United Kingdom of Great Britain and Northern Ireland,Linlithgow,,,,,,
Canada,Lloydminster,,,,,,
Netherlands,Lochem,,,,,,
Thailand,Lop Buri,,,,,,
United Kingdom of Great Britain and Northern Ireland,Loughborough,,,,,,
Philippines,Lumban,,,,,,
Malaysia,Lumut,,,,,,
China,Luzhou,,,,,,
Brazil,Machado,,,,,,
Venezuela (Bolivarian Republic of),Machiques,,,,,,
India,Maindargi,,,,,,
Russian Federation,Malgobek,,,,,,
Kenya,Malindi,,,,,,
Italy,Malo,,,,,,
United States of America,Mandeville,,,,,,
Philippines,Manggahan,,,,,,
Malawi,Mangochi,,,,,,
China,Manzhouli,,,,,,
Philippines,Maragondon,,,,,,
United States of America,Marana,,,,,,
Brazil,Marco,,,,,,
United States of America,Shiloh,,,,,,
Peru,Sicuani,,,,,,
Brazil,Silvania,,,,,,
Afghanistan,Sindand,,,,,,
Indonesia,Singaraja,,,,,,
Portugal,Sintra,,,,,,
Bangladesh,Sirajganj,,,,,,
India,Sitarganj,,,,,,
Turkey,Siverek,,,,,,
United Kingdom of Great Britain and Northern Ireland,Skelmersdale,,,,,,
Netherlands,Sliedrecht,,,,,,
Sweden,Soderhamn,,,,,,
Russian Federation,Sofrino,,,,,,
Germany,Ravensburg,,,,,,
Italy,Riva,,,,,,
Ukraine,Rivne,,,,,,
United States of America,Rockledge,,,,,,
United States of America,Goldsboro,,,,,,
Poland,Golub Dobrzyn,,,,,,
Germany,Gorlitz,,,,,,
India,Gosainganj,,,,,,
India,Gossaigaon,,,,,,
Mauritius,Grand Baie,,,,,,
United States of America,Green River,,,,,,
Ireland,Greystones,,,,,,
United States of America,Grosse Pointe Park,,,,,,
Italy,Grumo Nevano,,,,,,
India,Gulabpura,,,,,,
Romania,Gura Humorului,,,,,,
India,Gurgaon,,,,,,
Armenia,Gyumri,,,,,,
United States of America,Hasbrouck Heights,,,,,,
United States of America,Hattiesburg,,,,,,
Netherlands,Hendrik Ido Ambacht,,,,,,
United States of America,Hilton Head Island,,,,,,
United States of America,Hingham,,,,,,
Japan,Hirado,,,,,,
Denmark,Holstebro,,,,,,
Czechia,Hranice,,,,,,
China,Huangmei,,,,,,
Belgium,Ieper,,,,,,
Nigeria,Igboho,,,,,,
Brazil,Irece,,,,,,
Japan,Ishige,,,,,,
Japan,Ishioka,,,,,,
France,Istres,,,,,,
Brazil,Itupeva,,,,,,
Unknown,Izumiotsu,,,,,,
Bangladesh,Jhikargachha,,,,,,
China,Jianhu,,,,,,
Czechia,Jicin,,,,,,
Turkey,Kahta,,,,,,
United Republic of Tanzania,Kakonko,,,,,,
Russian Federation,Kalachinsk,,,,,,
Democratic Republic of the Congo,Kalemie,,,,,,
India,Kalinagar,,,,,,
Democratic Republic of the Congo,Kamina,,,,,,
Iran (Islamic Republic of),Kangavar,,,,,,
United States of America,Kansas City,,,,,,
Japan,Kanzaki,,,,,,
Poland,Karczew,,,,,,
India,Kasrawad,,,,,,
Russian Federation,Kasumkent,,,,,,
Uganda,Kayunga,,,,,,
Brazil,Telemaco Borba,,,,,,
Austria,Telfs,,,,,,
Spain,Teo,,,,,,
Mexico,Teolocholco,,,,,,
Russian Federation,Terek,,,,,,
Thailand,Thoen,,,,,,
Canada,Tilsonburg,,,,,,
India,Tirthahalli,,,,,,
Mexico,Tlaltizapan,,,,,,
Mexico,Tlaxco,,,,,,
Italy,Tolmezzo,,,,,,
India,Tonk,,,,,,
Brazil,Torres,,,,,,
Mexico,Trancoso,,,,,,
Philippines,Tuba,,,,,,
India,Tumkur,,,,,,
United Republic of Tanzania,Tunduma,,,,,,
South Africa,Tzaneen,,,,,,
Germany,Ueckermunde,,,,,,
India,Ulubaria,,,,,,
Sudan,Umm Ruwabah,,,,,,
Japan,Ushibuka,,,,,,
France,Valenciennes,,,,,,
Ukraine,Valky,,,,,,
India,Valsad,,,,,,
Russian Federation,Varenikovskaya,,,,,,
Sweden,Vastervik,,,,,,
Italy,Vasto,,,,,,
Netherlands,Veere,,,,,,
Italy,Vercelli,,,,,,
France,Verdun,,,,,,
Italy,Solofra,,,,,,
United Republic of Tanzania,Songea,,,,,,
India,Soron,,,,,,
United States of America,South El Monte,,,,,,
Netherlands,Spijkenisse,,,,,,
Italy,Spilamberto,,,,,,
Austria,Spittal,,,,,,
India,Srisailam,,,,,,
United States of America,Stony Brook,,,,,,
Malaysia,Sungai Pelek,,,,,,
Pakistan,Surab,,,,,,
Philippines,Taal,,,,,,
Iraq,Tall Kayf,,,,,,
China,Tangjiazhuang,,,,,,
China,Tanshui,,,,,,
Italy,Vigonza,,,,,,
Colombia,Villamaria,,,,,,
India,Vite,,,,,,
Poland,Wabrzezno,,,,,,
Poland,Walbrzych,,,,,,
Poland,Warsaw,,,,,,
Democratic Republic of the Congo,Kampene,,,,,,
Japan,Kanonji,,,,,,
Russian Federation,Karabanovo,,,,,,
Democratic Republic of the Congo,Kasongo Lunda,,,,,,
Germany,Kassel,,,,,,
Japan,Kasugai,,,,,,
Japan,Kasukabe,,,,,,
India,Kekri,,,,,,
Germany,Kelsterbach,,,,,,
Greece,Kerkira,,,,,,
India,Kerur,,,,,,
India,Khachrod,,,,,,
United Kingdom of Great Britain and Northern Ireland,Kidderminster,,,,,,
Japan,Kikuchi,,,,,,
Russian Federation,Klin,,,,,,
Germany,Koblenz,,,,,,
India,Kodinar,,,,,,
India,Kovilpatti,,,,,,
Poland,Krnov,,,,,,
South Africa,Kruisfontein,,,,,,
India,Kuchaman,,,,,,
India,Kuchera,,,,,,
Cameroon,Kumba,,,,,,
Panama,La Cabima,,,,,,
Germany,Laatzen,,,,,,
United States of America,Doraville,,,,,,
Poland,Drezdenko,,,,,,
India,Dum Dum,,,,,,
United States of America,East Cleveland,,,,,,
United States of America,East Highland Park,,,,,,
United Kingdom of Great Britain and Northern Ireland,Eastleigh,,,,,,
Netherlands,Echt,,,,,,
Japan,Edosaki,,,,,,
Switzerland,Einsiedeln,,,,,,
Germany,Eitorf,,,,,,
India,Daman,,,,,,
India,Damoh,,,,,,
United States of America,Darby,,,,,,
Malawi,Dedza,,,,,,
Thailand,Den Chai,,,,,,
India,Dhaka,,,,,,
Nepal,Dhankuta,,,,,,
Republic of Moldova,Dnestrovsc,,,,,,
Syrian Arab Republic,Abu Kamal,,,,,,
Mexico,Acatzingo,,,,,,
Italy,Aci Castello,,,,,,
India,Agar,,,,,,
Germany,Ahlen,,,,,,
France,Ajaccio,,,,,,
Russian Federation,Akhtyrskiy,,,,,,
India,Alangayam,,,,,,
Italy,Alassio,,,,,,
South Africa,Alberton,,,,,,
Unknown,Albufeira,,,,,,
United States of America,Alexander City,,,,,,
France,Alfortville,,,,,,
Philippines,Amadeo,,,,,,
Unknown,Amahai,,,,,,
Turkey,Amasya,,,,,,
Madagascar,Ambositra,,,,,,
India,Amlagora,,,,,,
Brazil,Ampere,,,,,,
Austria,Amstetten,,,,,,
United States of America,Anderson,,,,,,
Mexico,Apatlaco,,,,,,
Russian Federation,Aramil,,,,,,
Brazil,Ararangua,,,,,,
Unknown,Arcachon,,,,,,
Paraguay,Aregua,,,,,,
Brazil,Aripuana,,,,,,
South Africa,Atlantis,,,,,,
Mexico,Atotonilco El Alto,,,,,,
Côte d'Ivoire,Ayame,,,,,,
Guinea-Bissau,Bafata,,,,,,
Dominican Republic,Bajos De Haina,,,,,,
Malawi,Balaka,,,,,,
India,Balangir,,,,,,
United States of America,Baldwin Park,,,,,,
Turkmenistan,Balkanabat,,,,,,
India,Bandikui,,,,,,
Thailand,Bang Rakam,,,,,,
India,Bawal,,,,,,
United States of America,Baltimore,,,,,,
Slovakia,Banska Bystrica,,,,,,
India,Banswada,,,,,,
India,Barasat,,,,,,
Brazil,Barra Bonita,,,,,,
United States of America,Barrington,,,,,,
Togo,Bassar,,,,,,
Belgium,Bastogne,,,,,,
Malaysia,Batang Berjuntai,,,,,,
Ethiopia,Bati,,,,,,
United States of America,Baton Rouge,,,,,,
Romania,Beclean,,,,,,
Germany,Bedburg,,,,,,
Italy,Belluno,,,,,,
Russian Federation,Belogorsk,,,,,,
United States of America,Beloit,,,,,,
Germany,Bergisch Gladbach,,,,,,
India,Bewar,,,,,,
India,Bhaderwah,,,,,,
Nepal,Bhadrapur,,,,,,
India,Bhagalpur,,,,,,
Philippines,Bigaa,,,,,,
Bosnia and Herzegovina,Bihac,,,,,,
India,Bijapur,,,,,,
India,Bilsi,,,,,,
United Kingdom of Great Britain and Northern Ireland,Bishopbriggs,,,,,,
United States of America,Blythe,,,,,,
Germany,Bochum,,,,,,
United States of America,Bonita Springs,,,,,,
Italy,Borgaro Torinese,,,,,,
United States of America,Bozeman,,,,,,
Poland,Braniewo,,,,,,
France,Brunoy,,,,,,
Germany,Buckeburg,,,,,,
United States of America,Bucyrus,,,,,,
Indonesia,Bulakamba,,,,,,
Poland,Bydgoszcz,,,,,,
United States of America,Calhoun,,,,,,
Viet Nam,Cam Ranh,,,,,,
Romania,Campia Turzii,,,,,,
Spain,Canals,,,,,,
Portugal,Canelas,,,,,,
Brazil,Canhotinho,,,,,,
Italy,Capannori,,,,,,
Brazil,Capitao Poco,,,,,,
United States of America,Carbondale,,,,,,
Italy,Carmignano,,,,,,
France,Carpentras,,,,,,
Italy,Castelbuono,,,,,,
Turkey,Cayeli,,,,,,
Italy,Cento,,,,,,
India,Chandla,,,,,,
China,Chaozhou,,,,,,
Russian Federation,Chekmagush,,,,,,
India,Chhatapur,,,,,,
Mexico,Chiconcuac,,,,,,
India,Chik Ballapur,,,,,,
Thailand,Chum Phae,,,,,,
Turkey,Cine,,,,,,
Indonesia,Cisaat,,,,,,
United States of America,Cockeysville,,,,,,
Brazil,Conchas,,,,,,
United States of America,Coral Springs,,,,,,
United Kingdom of Great Britain and Northern Ireland,Corby,,,,,,
Brazil,Coreau,,,,,,
Brazil,Coroata,,,,,,
Brazil,Coronel Vivida,,,,,,
Mexico,Costa Rica,,,,,,
Mozambique,Cuamba,,,,,,
Mexico,Cuautitlan,,,,,,
Brazil,Cubatao,,,,,,
Senegal,Dagana,,,,,,
Italy,Budrio,,,,,,
Democratic Republic of the Congo,Buta,,,,,,
Croatia,Cakovec,,,,,,
United States of America,Camp Springs,,,,,,
Mexico,Cananea,,,,,,
India,Canning,,,,,,
Brazil,Carlos Barbosa,,,,,,
United Kingdom of Great Britain and Northern Ireland,Carlton,,,,,,
Italy,Carpenedolo,,,,,,
Italy,Castiglion Fiorentino,,,,,,
France,Caudry,,,,,,
United States of America,Centennial,,,,,,
Latvia,Cesis,,,,,,
India,Chandrakona,,,,,,
China,Changqing,,,,,,
Pakistan,Charsadda,,,,,,
Russian Federation,Chegem,,,,,,
Poland,Chelmza,,,,,,
Russian Federation,Chernyanka,,,,,,
Canada,Chilliwack,,,,,,
Colombia,Chinchina,,,,,,
China,Chunan,,,,,,
Indonesia,Cianjur,,,,,,
Indonesia,Cibinong,,,,,,
Italy,Cirie,,,,,,
United Kingdom of Great Britain and Northern Ireland,Clevedon,,,,,,
Spain,Consuegra,,,,,,
Italy,Cossato,,,,,,
France,Croissy Sur Seine,,,,,,
Mexico,Cuauhtemoc,,,,,,
Colombia,Cumaral,,,,,,
Mauritius,Curepipe,,,,,,
Romania,Dabuleni,,,,,,
United States of America,Dale City,,,,,,
Gabon,Bitam,,,,,,
Republic of North Macedonia,Bitola,,,,,,
Nicaragua,Bluefields,,,,,,
Philippines,Bongabon,,,,,,
Brazil,Boquim,,,,,,
Ukraine,Borshchiv,,,,,,
Germany,Brake,,,,,,
Germany,Beckingen,,,,,,
Uzbekistan,Bektemir,,,,,,
Italy,Belmonte Mezzagno,,,,,,
Indonesia,Besuki,,,,,,
Nepal,Bhaktapur,,,,,,
India,Bhandara,,,,,,
Italy,Biassono,,,,,,
Ethiopia,Bichena,,,,,,
Hungary,Bicske,,,,,,
United States of America,Coachella,,,,,,
Mexico,Colotlan,,,,,,
Brazil,Corbelia,,,,,,
Spain,Cornella,,,,,,
India,Punganuru,,,,,,
India,Puranpur,,,,,,
India,Puri,,,,,,
Netherlands,Purmerend,,,,,,
China,Qinhuangdao,,,,,,
Germany,Quakenbruck,,,,,,
China,Quanzhou,,,,,,
El Salvador,Quezaltepeque,,,,,,
Venezuela (Bolivarian Republic of),Quibor,,,,,,
Bulgaria,Radomir,,,,,,
India,Rae Bareli,,,,,,
India,Raisinghnagar,,,,,,
India,Rajaldesar,,,,,,
Israel,Ramla,,,,,,
Italy,Randazzo,,,,,,
Bangladesh,Raozan,,,,,,
Iran (Islamic Republic of),Ravar,,,,,,
United Kingdom of Great Britain and Northern Ireland,Reading,,,,,,
Portugal,Rebordosa,,,,,,
Germany,Recke,,,,,,
Brazil,Regente Feijo,,,,,,
Indonesia,Rengasdengklok,,,,,,
Brazil,Reserva,,,,,,
Russian Federation,Revda,,,,,,
Germany,Rheinau,,,,,,
Brazil,Rio Formoso,,,,,,
Argentina,Rivadavia,,,,,,
Brazil,Olimpia,,,,,,
Unknown,Omura,,,,,,
United States of America,Orange,,,,,,
Hungary,Oroshaza,,,,,,
Poland,Ostroleka,,,,,,
Japan,Otofuke,,,,,,
Belgium,Oudenaarde,,,,,,
United States of America,Oxford,,,,,,
Brazil,Palmares,,,,,,
Venezuela (Bolivarian Republic of),Palo Negro,,,,,,
Italy,Taurisano,,,,,,
Togo,Tchamba,,,,,,
Republic of North Macedonia,Tearce,,,,,,
Mexico,Tehuantepec,,,,,,
Philippines,Telabastagan,,,,,,
Japan,Tenri,,,,,,
Mexico,Tequisquiapan,,,,,,
Spain,Teror,,,,,,
Mexico,Texmelucan,,,,,,
Thailand,Thap Khlo,,,,,,
Brazil,Tocantins,,,,,,
Romania,Rovinari,,,,,,
Indonesia,Ruteng,,,,,,
France,Saint Junien,,,,,,
Latvia,Saldus,,,,,,
India,Samastipur,,,,,,
Russian Federation,Sheksna,,,,,,
India,Sheoganj,,,,,,
India,Shimla,,,,,,
Unknown,Shingu,,,,,,
Japan,Shintomi,,,,,,
Zambia,Siavonga,,,,,,
Colombia,Sibate,,,,,,
Poland,Sierpc,,,,,,
Romania,Sighetu Marmatiei,,,,,,
Romania,Sighisoara,,,,,,
Bosnia and Herzegovina,Sipovo,,,,,,
United States of America,Springfield,,,,,,
Poland,Stargard Szczecinski,,,,,,
Russian Federation,Starokorsunskaya,,,,,,
Ukraine,Stebnyk,,,,,,
Denmark,Stenlose,,,,,,
Turkey,Suhut,,,,,,
Indonesia,Sukabumi,,,,,,
United Kingdom of Great Britain and Northern Ireland,Sunderland,,,,,,
United States of America,Sunnyvale,,,,,,
Thailand,Surat Thani,,,,,,
Malaysia,Tapah,,,,,,
Republic of Moldova,Taraclia,,,,,,
Brazil,Umbauba,,,,,,
Japan,Urasoe,,,,,,
Romania,Urziceni,,,,,,
Turkey,Usak,,,,,,
Pakistan,Uthal,,,,,,
Ukraine,Uzyn,,,,,,
India,Vaikam,,,,,,
Mexico,Valle De Bravo,,,,,,
Iran (Islamic Republic of),Varamin,,,,,,
Russian Federation,Velikiy Ustyug,,,,,,
Bulgaria,Velingrad,,,,,,
Philippines,Veruela,,,,,,
Russian Federation,Saratov,,,,,,
Canada,Saskatoon,,,,,,
United States of America,Sauk Village,,,,,,
Benin,Save,,,,,,
Turkey,Selimpasa,,,,,,
Brazil,Senador Canedo,,,,,,
India,Seoni Malwa,,,,,,
Guatemala,San Andres Xecul,,,,,,
Peru,San Clemente,,,,,,
Netherlands,Middelburg,,,,,,
Brazil,Mineiros,,,,,,
United States of America,Mint Hill,,,,,,
United States of America,Mitchell,,,,,,
Czechia,Mlada Boleslav,,,,,,
Belgium,Mol,,,,,,
Botswana,Molepolole,,,,,,
Italy,Mondovi,,,,,,
Belgium,Monschau,,,,,,
France,Mont Saint Aignan,,,,,,
Italy,Montepulciano,,,,,,
United States of America,Monterey,,,,,,
Italy,Montesilvano,,,,,,
France,Montpellier,,,,,,
United States of America,North Haven,,,,,,
Madagascar,Nosy Varika,,,,,,
Russian Federation,Novocherkassk,,,,,,
Peru,Nuevo Imperial,,,,,,
Turkey,Of,,,,,,
Japan,Okinawa,,,,,,
Canada,Okotoks,,,,,,
United States of America,Olathe,,,,,,
India,Phirangipuram,,,,,,
Cambodia,Phnum Penh,,,,,,
Lao People's Democratic Republic,Phonhong,,,,,,
United States of America,Pinecrest,,,,,,
Germany,Potsdam,,,,,,
China,Potzu,,,,,,
India,Narauli,,,,,,
Russian Federation,Nartan,,,,,,
Brazil,Navirai,,,,,,
United States of America,Neenah,,,,,,
Ethiopia,Negele,,,,,,
India,Nellikkuppam,,,,,,
India,Pandua,,,,,,
Tajikistan,Panjakent,,,,,,
India,Patna,,,,,,
Guatemala,Patzicia,,,,,,
Brazil,Pedra Azul,,,,,,
Russian Federation,Petrodvorets,,,,,,
Spain,Motril,,,,,,
United Republic of Tanzania,Mugango,,,,,,
Russian Federation,Mulino,,,,,,
Brazil,Muriae,,,,,,
Japan,Musashimurayama,,,,,,
Germany,Mutterstadt,,,,,,
Myanmar,Myitkyina,,,,,,
Ukraine,Myronivka,,,,,,
Japan,Nagoya,,,,,,
United Kingdom of Great Britain and Northern Ireland,Nailsea,,,,,,
United Republic of Tanzania,Nanhyanga,,,,,,
Brazil,Mariana,,,,,,
United States of America,Marlton,,,,,,
France,Marly Le Roi,,,,,,
United States of America,Martinsburg,,,,,,
India,Masaurhi,,,,,,
Philippines,Masinloc,,,,,,
France,Mauguio,,,,,,
Uganda,Mayuge,,,,,,
Italy,Mazzarino,,,,,,
United Republic of Tanzania,Mbuguni,,,,,,
Canada,Medicine Hat,,,,,,
Afghanistan,Mehtar Lam,,,,,,
Germany,Menden,,,,,,
India,Mettur,,,,,,
France,Meylan,,,,,,
Spain,Torrijos,,,,,,
Italy,Tortona,,,,,,
Russian Federation,Tosno,,,,,,
Germany,Tostedt,,,,,,
Japan,Tottori,,,,,,
Japan,Toyoake,,,,,,
Ireland,Tralee,,,,,,
Bulgaria,Trjavna,,,,,,
Philippines,Tubigon,,,,,,
Romania,Turda,,,,,,
Russian Federation,Udelnaya,,,,,,
Russian Federation,Uglich,,,,,,
Japan,Ujiie,,,,,,
Russian Federation,Yarovoye,,,,,,
Spain,Yecla,,,,,,
Mexico,Zacapu,,,,,,
Croatia,Zapresic,,,,,,
Poland,Zgierz,,,,,,
Croatia,Zupanja,,,,,,
China,Wenling,,,,,,
Germany,Werl,,,,,,
United States of America,West Covina,,,,,,
United States of America,Westfield,,,,,,
United States of America,Willowick,,,,,,
France,Wittelsheim,,,,,,
Germany,Wittlich,,,,,,
Unknown,Workington,,,,,,
Netherlands,Woudenberg,,,,,,
China,Xiashi,,,,,,
Lithuania,Vilkaviskis,,,,,,
Bolivia (Plurinational State of),Villamontes,,,,,,
Paraguay,Villarrica,,,,,,
Russian Federation,Volzhskiy,,,,,,
Madagascar,Vondrozo,,,,,,
Germany,Wachtberg,,,,,,
India,Wanparti,,,,,,
Philippines,Wao,,,,,,
Germany,Wardenburg,,,,,,
India,Waris Aliganj,,,,,,
Australia,Warrnambool,,,,,,
Germany,Warstein,,,,,,
United States of America,Watauga,,,,,,
China,Weihai,,,,,,
Brazil,Alto Piquiri,,,,,,
United States of America,Alton,,,,,,
Switzerland,Altstatten,,,,,,
Nigeria,Amaigbo,,,,,,
Belgium,Anderlues,,,,,,
Brazil,Andradina,,,,,,
China,Anyang,,,,,,
Mexico,Apaseo El Alto,,,,,,
India,Arcot,,,,,,
Thailand,Nong Khae,,,,,,
Brazil,Nova Soure,,,,,,
Brazil,Nova Vicosa,,,,,,
Denmark,Nykobing,,,,,,
Unknown,Nynashamn,,,,,,
Germany,Ober Ramstadt,,,,,,
Germany,Obernkirchen,,,,,,
India,Obra,,,,,,
Italy,Occhiobello,,,,,,
Denmark,Odder,,,,,,
Pakistan,Moro,,,,,,
India,Morvi,,,,,,
Australia,Morwell,,,,,,
Myanmar,Moulmeingyun,,,,,,
India,Mudgal,,,,,,
United Republic of Tanzania,Mugumu,,,,,,
India,Muhammadabad,,,,,,
Japan,Muko,,,,,,
Switzerland,Munchenstein,,,,,,
Brazil,Muritiba,,,,,,
Bangladesh,Nabinagar,,,,,,
India,Naihati,,,,,,
Unknown,Napier,,,,,,
Russian Federation,Naro Fominsk,,,,,,
Turkey,Nazilli,,,,,,
Brazil,Neopolis,,,,,,
United States of America,New Baltimore,,,,,,
United States of America,New Smyrna Beach,,,,,,
United Kingdom of Great Britain and Northern Ireland,Newton Aycliffe,,,,,,
Japan,Neyagawa,,,,,,
India,Neyveli,,,,,,
Mexico,Nicolas Romero,,,,,,
United States of America,Martha Lake,,,,,,
Spain,Martos,,,,,,
United Republic of Tanzania,Masasi,,,,,,
Nicaragua,Matagalpa,,,,,,
Romania,Matca,,,,,,
Spain,Mazarron,,,,,,
Brazil,Medianeira,,,,,,
United States of America,Merrydale,,,,,,
Russian Federation,Novaya Igirma,,,,,,
Serbia,Novi Banovci,,,,,,
Ghana,Nungua,,,,,,
United States of America,Ojus,,,,,,
Denmark,Middelfart,,,,,,
India,Mohan,,,,,,
Canada,Moncton,,,,,,
United States of America,Gladstone,,,,,,
Japan,Gobo,,,,,,
Germany,Goch,,,,,,
Netherlands,Goedereede,,,,,,
Russian Federation,Gorkovskiy,,,,,,
United States of America,Green,,,,,,
United States of America,Grosse Pointe Woods,,,,,,
United States of America,Brookfield,,,,,,
Poland,Brzesko,,,,,,
Canada,Buckingham,,,,,,
Angola,Cabinda,,,,,,
Spain,Cabra,,,,,,
Brazil,Cachoeirinha,,,,,,
Afghanistan,Cah Ab,,,,,,
Spain,Calvia,,,,,,
Brazil,Campos Do Jordao,,,,,,
Philippines,Canlaon,,,,,,
China,Caohe,,,,,,
Portugal,Carcavelos,,,,,,
United States of America,Carolina,,,,,,
Brazil,Carpina,,,,,,
Ireland,Castlebar,,,,,,
Pakistan,Chakwal,,,,,,
Mozambique,Beira,,,,,,
United Kingdom of Great Britain and Northern Ireland,Bentley,,,,,,
India,Bhabua,,,,,,
Italy,Biancavilla,,,,,,
Germany,Bietigheim Bissingen,,,,,,
India,Bilgi,,,,,,
Finland,Lappeenranta,,,,,,
Finland,Lapua,,,,,,
Portugal,Laranjeiro,,,,,,
United States of America,Las Vegas,,,,,,
Poland,Laziska Gorne,,,,,,
United States of America,Lehi,,,,,,
China,Leiyang,,,,,,
Albania,Lezhe,,,,,,
Mozambique,Lichinga,,,,,,
Germany,Lichtenau,,,,,,
Poland,Lidzbark Warminski,,,,,,
China,Daokou,,,,,,
United States of America,Davie,,,,,,
France,Decines Charpieu,,,,,,
India,Dewas,,,,,,
India,Dhoraji,,,,,,
India,Dhulian,,,,,,
Burkina Faso,Diapaga,,,,,,
Nicaragua,Diriamba,,,,,,
Brazil,Dois Irmaos,,,,,,
Hungary,Dombovar,,,,,,
Indonesia,Balapulang,,,,,,
Cameroon,Bamenda,,,,,,
Nepal,Banepa,,,,,,
Spain,Barbastro,,,,,,
India,Basti,,,,,,
United States of America,Olney,,,,,,
Russian Federation,Omsk,,,,,,
Chad,Pala,,,,,,
United States of America,Palm Coast,,,,,,
Ecuador,Daule,,,,,,
Panama,David,,,,,,
Afghanistan,Deh Rawud,,,,,,
China,Dengfeng,,,,,,
Germany,Denkendorf,,,,,,
Pakistan,Dera Bugti,,,,,,
India,Deulgaon Raja,,,,,,
India,Dhariwal,,,,,,
India,Dhenkanal,,,,,,
Germany,Diez,,,,,,
India,Dinhata,,,,,,
United Kingdom of Great Britain and Northern Ireland,Doncaster,,,,,,
Denmark,Aabenraa,,,,,,
Mexico,Actopan,,,,,,
United States of America,Adrian,,,,,,
Colombia,Aguadas,,,,,,
Japan,Akiruno,,,,,,
Netherlands,Alblasserdam,,,,,,
France,Allauch,,,,,,
United States of America,Birmingham,,,,,,
United States of America,Bloomsburg,,,,,,
Brazil,Boca Da Mata,,,,,,
Myanmar,Bogale,,,,,,
Burkina Faso,Boulsa,,,,,,
Russian Federation,Bratsk,,,,,,
United States of America,Bristol,,,,,,
Ukraine,Brody,,,,,,
Mexico,Coatzintla,,,,,,
Italy,Codogno,,,,,,
United States of America,Frederick,,,,,,
Germany,Freital,,,,,,
Brazil,Gameleira,,,,,,
Italy,Gemona,,,,,,
Philippines,General Mamerto Natividad,,,,,,
United States of America,Holyoke,,,,,,
Mexico,Huatabampo,,,,,,
India,Hubli,,,,,,
Brazil,Icara,,,,,,
United Republic of Tanzania,Igunga,,,,,,
United States of America,Coos Bay,,,,,,
United States of America,Crestline,,,,,,
United States of America,Crestview,,,,,,
United States of America,Cross Lanes,,,,,,
Italy,Cutro,,,,,,
Spain,Illescas,,,,,,
Italy,Induno Olona,,,,,,
Japan,Ishii,,,,,,
Germany,Issum,,,,,,
Brazil,Itapaci,,,,,,
India,Jejuri,,,,,,
Indonesia,Jember,,,,,,
China,Jiaxing,,,,,,
China,Jiutai,,,,,,
Brazil,Juruti,,,,,,
Russian Federation,Kameshkovo,,,,,,
Pakistan,Kamoke,,,,,,
United States of America,Fort Thomas,,,,,,
Japan,Fujinomiya,,,,,,
Albania,Fushe Kruje,,,,,,
India,Gadwal,,,,,,
Portugal,Gafanha Da Nazare,,,,,,
United States of America,Galveston,,,,,,
Japan,Gamagori,,,,,,
Bangladesh,Gaurnadi,,,,,,
Pakistan,Gharo,,,,,,
Turkey,Giresun,,,,,,
Philippines,Hinatuan,,,,,,
United States of America,Hudson,,,,,,
Germany,Idar Oberstein,,,,,,
Belize,Dangriga,,,,,,
Brazil,Demerval Lobao,,,,,,
China,Deqing,,,,,,
Haiti,Dessalines,,,,,,
India,Dhanaula,,,,,,
India,Didwana,,,,,,
Iran (Islamic Republic of),Do Rud,,,,,,
Bosnia and Herzegovina,Doboj,,,,,,
Sweden,Gavle,,,,,,
Russian Federation,Gay,,,,,,
France,Gentilly,,,,,,
India,Ghatsila,,,,,,
France,Drancy,,,,,,
United States of America,Duluth,,,,,,
United Kingdom of Great Britain and Northern Ireland,Dumbarton,,,,,,
United States of America,East Renton Highlands,,,,,,
Hungary,Edeleny,,,,,,
Unknown,Edgewood,,,,,,
Canada,Edmonton,,,,,,
Nigeria,Ejigbo,,,,,,
Guatemala,El Tejar,,,,,,
Russian Federation,Elektrostal,,,,,,
Germany,Erkner,,,,,,
India,Fazilka,,,,,,
Peru,Ferrenafe,,,,,,
France,Flers,,,,,,
Colombia,Fonseca,,,,,,
United States of America,San Dimas,,,,,,
Guatemala,San Mateo Ixtatan,,,,,,
Italy,San Remo,,,,,,
Philippines,Santa Elena,,,,,,
Brazil,Santo Andre,,,,,,
Brazil,Santo Antonio De Jesus,,,,,,
Portugal,Sao Domingos De Rana,,,,,,
Brazil,Sao Simao,,,,,,
Belgium,Rotselaar,,,,,,
India,Rusera,,,,,,
Germany,Russelsheim,,,,,,
Thailand,Sadao,,,,,,
France,Saint Herblain,,,,,,
France,Saint Medard En Jalles,,,,,,
Japan,Sakaide,,,,,,
Russian Federation,Solnechnogorsk,,,,,,
Italy,Somma Lombardo,,,,,,
Russian Federation,Sosva,,,,,,
United States of America,Spokane,,,,,,
Pakistan,Sujawal,,,,,,
South Africa,Sundumbili,,,,,,
Philippines,Morong,,,,,,
Colombia,Mosquera,,,,,,
India,Mungaoli,,,,,,
Japan,Murakami,,,,,,
India,Murud,,,,,,
Democratic Republic of the Congo,Mushie,,,,,,
Chile,Nacimiento,,,,,,
Japan,Nakajo,,,,,,
Thailand,Nan,,,,,,
India,Nanpara,,,,,,
Ecuador,Naranjito,,,,,,
Unknown,Narvik,,,,,,
India,Nayagarh,,,,,,
Serbia,Negotin,,,,,,
Japan,Nemuro,,,,,,
India,Nerkunram,,,,,,
Germany,Neunkirchen,,,,,,
Canada,New Glasgow,,,,,,
Brazil,Nossa Senhora Das Dores,,,,,,
Brazil,Nova Cruz,,,,,,
Nigeria,Offa,,,,,,
Spain,Oleiros,,,,,,
Colombia,Supia,,,,,,
India,Suratgarh,,,,,,
India,Surendranagar,,,,,,
Ukraine,Svalyava,,,,,,
Republic of North Macedonia,Sveti Nikole,,,,,,
Bulgaria,Svilengrad,,,,,,
Poland,Swarzedz,,,,,,
Kyrgyzstan,Talas,,,,,,
Japan,Tamano,,,,,,
Indonesia,Tambun,,,,,,
Malaysia,Tampin,,,,,,
India,Tanakpur,,,,,,
Pakistan,Tando Muhammad Khan,,,,,,
Kazakhstan,Taraz,,,,,,
Italy,Terrasini,,,,,,
India,Thanesar,,,,,,
