Country,City,Unnamed: 2,Unnamed: 3,Unnamed: 4,Unnamed: 5,Unnamed: 6,Unnamed: 7
France,Saint Andre Les Vergers,,,,,,
France,Saint Michel Sur Orge,,,,,,
France,Saint Sebastien Sur Loire,,,,,,
France,Sainte Luce Sur Loire,,,,,,
Unknown,Sakaiminato,,,,,,
United Kingdom of Great Britain and Northern Ireland,Sale,,,,,,
Mexico,Salina Cruz,,,,,,
France,Sallaumines,,,,,,
Madagascar,Sambava,,,,,,
Bhutan,Samdrup Jongkhar,,,,,,
Chile,San Bernardo,,,,,,
United States of America,San German,,,,,,
Italy,San Giorgio Ionico,,,,,,
Colombia,San Jose Del Guaviare,,,,,,
Unknown,San Jose,,,,,,
Costa Rica,San Josecito,,,,,,
United States of America,San Pablo,,,,,,
Costa Rica,San Rafael Arriba,,,,,,
Spain,Sanlucar La Mayor,,,,,,
India,Sanquelim,,,,,,
Italy,Sansepolcro,,,,,,
United States of America,Santa Clara,,,,,,
Italy,Santa Maria A Vico,,,,,,
Ecuador,Santo Domingo,,,,,,
Colombia,Santo Tomas,,,,,,
Brazil,Sao Bernardo Do Campo,,,,,,
Brazil,Sao Joao Da Barra,,,,,,
Brazil,Sao Lourenco Da Serra,,,,,,
Brazil,Saquarema,,,,,,
Iran (Islamic Republic of),Sarakhs,,,,,,
France,Saverne,,,,,,
Unknown,Savona,,,,,,
Yemen,Sayyan,,,,,,
Germany,Schifferstadt,,,,,,
France,Schiltigheim,,,,,,
Germany,Schmelz,,,,,,
Germany,Schramberg,,,,,,
Germany,Schriesheim,,,,,,
Austria,Schwechat,,,,,,
Germany,Schwedt,,,,,,
United States of America,Sebring,,,,,,
India,Selu,,,,,,
Slovakia,Senica,,,,,,
Gambia,Serekunda,,,,,,
Italy,Sesto Fiorentino,,,,,,
Iran (Islamic Republic of),Shadegan,,,,,,
Russian Federation,Sherlovaya Gora,,,,,,
Japan,Shimabara,,,,,,
India,Shirhatti,,,,,,
Indonesia,Sibolga,,,,,,
India,Siddapur,,,,,,
Romania,Simleu Silvaniei,,,,,,
Unknown,Sines,,,,,,
Thailand,Sing Buri,,,,,,
United Kingdom of Great Britain and Northern Ireland,Skegness,,,,,,
Russian Federation,Skuratovskiy,,,,,,
Russian Federation,Slobodskoy,,,,,,
Sweden,Sodertalje,,,,,,
Poland,Sokolka,,,,,,
Italy,Rapallo,,,,,,
Pakistan,Rasulnagar,,,,,,
Brazil,Regeneracao,,,,,,
India,Richha,,,,,,
Germany,Riedlingen,,,,,,
Germany,Rielasingen Worblingen,,,,,,
United States of America,Riverton,,,,,,
United Kingdom of Great Britain and Northern Ireland,Rochdale,,,,,,
United States of America,Rocklin,,,,,,
Brazil,Rolim De Moura,,,,,,
Mexico,Romita,,,,,,
Thailand,Non Sung,,,,,,
United States of America,North Massapequa,,,,,,
United States of America,Norwood,,,,,,
Brazil,Nova Venecia,,,,,,
United States of America,Novato,,,,,,
Brazil,Novo Cruzeiro,,,,,,
Russian Federation,Novorossiysk,,,,,,
Mexico,Nueva Rosita,,,,,,
Russian Federation,Nyagan,,,,,,
India,Nyamati,,,,,,
United States of America,Oakton,,,,,,
Unknown,Oarai,,,,,,
Germany,Oberasbach,,,,,,
Nigeria,Ode,,,,,,
Japan,Ohara,,,,,,
Netherlands,Oldenzaal,,,,,,
Russian Federation,Soltsy,,,,,,
El Salvador,Sonsonate,,,,,,
Hungary,Sopron,,,,,,
United States of America,South Pasadena,,,,,,
Germany,Spenge,,,,,,
United States of America,Springdale,,,,,,
Russian Federation,Srednyaya Akhtuba,,,,,,
Belgium,Stabroek,,,,,,
Belgium,Staden,,,,,,
Germany,Stadthagen,,,,,,
United Kingdom of Great Britain and Northern Ireland,Stafford,,,,,,
South Africa,Stanger,,,,,,
Belgium,Steenokkerzeel,,,,,,
Belgium,Stekene,,,,,,
Bosnia and Herzegovina,Stijena,,,,,,
United States of America,Stow,,,,,,
United Kingdom of Great Britain and Northern Ireland,Stroud,,,,,,
Indonesia,Sumbawa,,,,,,
United States of America,Sun City,,,,,,
India,Kheralu,,,,,,
Ukraine,Kherson,,,,,,
Iran (Islamic Republic of),Khomeyn,,,,,,
United Republic of Tanzania,Kilosa,,,,,,
Guinea,Kindia,,,,,,
Turkey,Kirac,,,,,,
Russian Federation,Kirovgrad,,,,,,
Russian Federation,Kirs,,,,,,
Japan,Kitami,,,,,,
Ukraine,Kivertsi,,,,,,
Indonesia,Klangenan,,,,,,
Japan,Kogota,,,,,,
India,Kokrajhar,,,,,,
Poland,Kolno,,,,,,
Greece,Komotini,,,,,,
Tajikistan,Konibodom,,,,,,
Russian Federation,Korablino,,,,,,
Pakistan,Kot Addu,,,,,,
India,Kota,,,,,,
Netherlands,Kampen,,,,,,
Myanmar,Kanbe,,,,,,
India,Kanina,,,,,,
Kyrgyzstan,Karakol,,,,,,
Russian Federation,Kargat,,,,,,
Russian Federation,Kargopol,,,,,,
India,Karur,,,,,,
Iran (Islamic Republic of),Kashan,,,,,,
Thailand,Kathu,,,,,,
Netherlands,Katwijk,,,,,,
Lithuania,Kaunas,,,,,,
Russian Federation,Kayakent,,,,,,
Unknown,Keansburg,,,,,,
Indonesia,Kebonarum,,,,,,
Indonesia,Kebumen,,,,,,
United States of America,Ken Caryl,,,,,,
United States of America,Kendall,,,,,,
Sierra Leone,Kenema,,,,,,
Turkey,Kestel,,,,,,
Hungary,Keszthely,,,,,,
Germany,Kevelaer,,,,,,
Russian Federation,Khadyzhensk,,,,,,
India,Khairagarh,,,,,,
United States of America,Jeffersonville,,,,,,
Malaysia,Jerantut,,,,,,
China,Jidong,,,,,,
India,Jiran,,,,,,
China,Jishu,,,,,,
China,Jiujiang,,,,,,
India,Jobner,,,,,,
Spain,Jodar,,,,,,
India,Jodhpur,,,,,,
United States of America,Jollyville,,,,,,
Philippines,Jolo,,,,,,
Nigeria,Jos,,,,,,
Mexico,Juarez,,,,,,
Unknown,Juneau,,,,,,
Russian Federation,Kachkanar,,,,,,
Turkey,Kadirli,,,,,,
China,Kaili,,,,,,
Zambia,Kalulushi,,,,,,
Japan,Kamagaya,,,,,,
Russian Federation,Ilovlya,,,,,,
India,Indapur,,,,,,
Brazil,Inhumas,,,,,,
Brazil,Ipiau,,,,,,
Peru,Iquitos,,,,,,
United Kingdom of Great Britain and Northern Ireland,Irvine,,,,,,
Germany,Ismaning,,,,,,
Brazil,Itaobim,,,,,,
Brazil,Itaperucu,,,,,,
Brazil,Itaquitinga,,,,,,
Serbia,Ivanjica,,,,,,
Russian Federation,Ivanteyevka,,,,,,
France,Ivry Sur Seine,,,,,,
United Kingdom of Great Britain and Northern Ireland,Ivybridge,,,,,,
Mexico,Ixtepec,,,,,,
Japan,Izumi,,,,,,
India,Jagatsinghapur,,,,,,
Czechia,Jaromer,,,,,,
India,Tekari,,,,,,
Germany,Teningen,,,,,,
Italy,Terlizzi,,,,,,
Italy,Terni,,,,,,
Bangladesh,Thakurgaon,,,,,,
Germany,Thale,,,,,,
Denmark,Thisted,,,,,,
Peru,Tingo Maria,,,,,,
Philippines,Titay,,,,,,
Mexico,Tlajomulco,,,,,,
Mexico,Tlapacoyan,,,,,,
Mexico,Tlaxcalancingo,,,,,,
Pakistan,Toba Tek Singh,,,,,,
Brazil,Tome Acu,,,,,,
United States of America,Shelbyville,,,,,,
China,Shizuishan,,,,,,
Japan,Shizunai,,,,,,
Thailand,Si Sa Ket,,,,,,
India,Sibsagar,,,,,,
India,Siddhapur,,,,,,
Indonesia,Sidoarjo,,,,,,
Poland,Sieradz,,,,,,
Turkey,Silvan,,,,,,
India,Simdega,,,,,,
Romania,Simeria,,,,,,
Croatia,Sinj,,,,,,
India,Sirsa,,,,,,
Ireland,Skerries,,,,,,
Ukraine,Skvyra,,,,,,
Republic of Moldova,Slobozia,,,,,,
United Kingdom of Great Britain and Northern Ireland,Slough,,,,,,
Japan,Soja,,,,,,
Russian Federation,Sol Iletsk,,,,,,
India,Sompeta,,,,,,
Spain,Sopelana,,,,,,
Spain,Soria,,,,,,
Uganda,Soroti,,,,,,
United States of America,South Burlington,,,,,,
United States of America,Southglenn,,,,,,
United Kingdom of Great Britain and Northern Ireland,Southport,,,,,,
United States of America,Springville,,,,,,
India,Srirampur,,,,,,
United Kingdom of Great Britain and Northern Ireland,Stalybridge,,,,,,
Serbia,Stara Pazova,,,,,,
United States of America,Staunton,,,,,,
Germany,Steinau,,,,,,
Germany,Steinen,,,,,,
Germany,Stolberg,,,,,,
United States of America,Stoughton,,,,,,
Germany,Stralsund,,,,,,
Denmark,Struer,,,,,,
Pakistan,Sukheke,,,,,,
Turkey,Suluova,,,,,,
Costa Rica,San Francisco,,,,,,
Italy,San Gennaro Vesuviano,,,,,,
Dominican Republic,San Pedro De Macoris,,,,,,
Argentina,San Ramon De La Nueva Oran,,,,,,
Italy,San Vito Al Tagliamento,,,,,,
Mexico,Sanctorum,,,,,,
United States of America,Sanford,,,,,,
India,Sankeshwar,,,,,,
China,Sanmenxia,,,,,,
Unknown,Santa Pola,,,,,,
Portugal,Sao Bras De Alportel,,,,,,
Nigeria,Sapele,,,,,,
India,Sarangpur,,,,,,
Canada,Sarnia,,,,,,
Hungary,Sarvar,,,,,,
India,Sawai Madhopur,,,,,,
Unknown,Sawtell,,,,,,
Germany,Schalksmuhle,,,,,,
Germany,Schneeberg,,,,,,
Germany,Schopfheim,,,,,,
Germany,Schotten,,,,,,
Ethiopia,Sebeta,,,,,,
Malaysia,Semporna,,,,,,
Germany,Senden,,,,,,
Germany,Senftenberg,,,,,,
Italy,Sestu,,,,,,
Brazil,Sete Lagoas,,,,,,
Pakistan,Shahdadpur,,,,,,
Peru,Supe,,,,,,
Cambodia,Svay Rieng,,,,,,
Russian Federation,Svetlyy Yar,,,,,,
Peru,Tabalosos,,,,,,
Togo,Tabligbo,,,,,,
Colombia,Tado,,,,,,
Tunisia,Taklisah,,,,,,
Brazil,Tamboril,,,,,,
India,Tankara,,,,,,
India,Tarana,,,,,,
Morocco,Tarudant,,,,,,
Tunisia,Tastur,,,,,,
India,Shertallai,,,,,,
United States of America,Sherwood,,,,,,
China,Shilong,,,,,,
Iran (Islamic Republic of),Shiraz,,,,,,
Italy,Siano,,,,,,
United States of America,Signal Hill,,,,,,
United States of America,Silver Spring,,,,,,
Portugal,Silves,,,,,,
China,Simao,,,,,,
Netherlands,Simpelveld,,,,,,
Unknown,Sinop,,,,,,
Iran (Islamic Republic of),Sirjan,,,,,,
India,Sivaganga,,,,,,
India,Siwan,,,,,,
India,Siwana,,,,,,
Czechia,Slany,,,,,,
Canada,Smiths Falls,,,,,,
Israel,Unknown,,,,,,
United States of America,Glen Carbon,,,,,,
India,Gola Gokarannath,,,,,,
Poland,Gora,,,,,,
Russian Federation,Goyty,,,,,,
United States of America,Grand Haven,,,,,,
Brazil,Gravata,,,,,,
United Kingdom of Great Britain and Northern Ireland,Great Malvern,,,,,,
United States of America,Green Haven,,,,,,
United States of America,Greencastle,,,,,,
Germany,Greifswald,,,,,,
United States of America,Grenada,,,,,,
Belgium,Grez Doiceau,,,,,,
United States of America,Griffin,,,,,,
United States of America,Groves,,,,,,
India,Gua,,,,,,
Russian Federation,Gubkin,,,,,,
Canada,Guelph,,,,,,
Spain,Guia De Isora,,,,,,
Cuba,Guira De Melena,,,,,,
Philippines,Guiuan,,,,,,
Pakistan,Gujrat,,,,,,
India,Gulbarga,,,,,,
Germany,Gundelfingen,,,,,,
France,Guyancourt,,,,,,
Viet Nam,Hanoi,,,,,,
Netherlands,Harderwijk,,,,,,
France,Harnes,,,,,,
United States of America,Harrisburg,,,,,,
South Africa,Harrismith,,,,,,
Iran (Islamic Republic of),Hashtrud,,,,,,
Thailand,Hat Yai,,,,,,
India,Hata,,,,,,
Pakistan,Haveli,,,,,,
United States of America,Hayden,,,,,,
Germany,Herdecke,,,,,,
Germany,Herzberg,,,,,,
United Kingdom of Great Britain and Northern Ireland,Heswall,,,,,,
Netherlands,Hillegom,,,,,,
India,Himatnagar,,,,,,
India,Hisua,,,,,,
United States of America,Hollister,,,,,,
Kenya,Homa Bay,,,,,,
United States of America,Hope,,,,,,
Azerbaijan,Hovsan,,,,,,
Czechia,Hradec Kralove,,,,,,
China,Huayang,,,,,,
United States of America,Huntington Station,,,,,,
Uganda,Ibanda,,,,,,
Nigeria,Idah,,,,,,
United Republic of Tanzania,Ifakara,,,,,,
Brazil,Igarape Miri,,,,,,
Madagascar,Ikalamavony,,,,,,
Peru,Imperial,,,,,,
Germany,Ingolstadt,,,,,,
Japan,Innoshima,,,,,,
Austria,Innsbruck,,,,,,
Colombia,Ipiales,,,,,,
Brazil,Irati,,,,,,
Iraq,Irbil,,,,,,
Turkey,Istanbul,,,,,,
Brazil,Itabirito,,,,,,
Brazil,Itai,,,,,,
Brazil,Itajai,,,,,,
Japan,Itako,,,,,,
Brazil,Itororo,,,,,,
Brazil,Iturama,,,,,,
Turkey,Izmit,,,,,,
Haiti,Jacmel,,,,,,
Brazil,Jaguarao,,,,,,
Pakistan,Jalalpur Pirwala,,,,,,
Bangladesh,Jamalpur,,,,,,
Somalia,Jamame,,,,,,
Brazil,Jaragua,,,,,,
India,Jhalrapatan,,,,,,
Mexico,Jimenez,,,,,,
Brazil,Joao Pessoa,,,,,,
Kenya,Kabarnet,,,,,,
India,Kadaura,,,,,,
India,Kadi,,,,,,
Kenya,Kajiado,,,,,,
Unknown,Kalianget,,,,,,
Indonesia,Kaliwungu,,,,,,
Zambia,Kalomo,,,,,,
Russian Federation,Kaluga,,,,,,
Japan,Kameyama,,,,,,
Japan,Kamisu,,,,,,
Canada,Fort Saint John,,,,,,
United States of America,Fortuna Foothills,,,,,,
United States of America,Fraser,,,,,,
Mexico,Fresnillo,,,,,,
Russian Federation,Frolovo,,,,,,
Unknown,Futtsu,,,,,,
Uzbekistan,Gagarin,,,,,,
United States of America,Galt,,,,,,
Germany,Gauting,,,,,,
Germany,Gelsenkirchen,,,,,,
Indonesia,Genteng,,,,,,
Germany,Germering,,,,,,
Italy,Giarre,,,,,,
Unknown,Gingoog,,,,,,
Brazil,Encantado,,,,,,
Germany,Engelskirchen,,,,,,
Germany,Enger,,,,,,
China,Erdaojiang,,,,,,
Costa Rica,Escazu,,,,,,
United States of America,Exeter,,,,,,
United States of America,Fairview,,,,,,
Turkey,Fethiye,,,,,,
Italy,Fiesole,,,,,,
Germany,Flensburg,,,,,,
South Africa,Fochville,,,,,,
United States of America,Folsom,,,,,,
United States of America,Forestville,,,,,,
Italy,Formello,,,,,,
United States of America,Fort Collins,,,,,,
Indonesia,Gatak,,,,,,
Thailand,Chanthaburi,,,,,,
Mexico,Chapala,,,,,,
United States of America,Charlottesville,,,,,,
Brazil,Charqueada,,,,,,
United States of America,Chicopee,,,,,,
China,Chifeng,,,,,,
India,Chikitigarh,,,,,,
United States of America,Chillicothe,,,,,,
Mozambique,Chimoio,,,,,,
Japan,Chitose,,,,,,
India,Chittaranjan,,,,,,
India,Chomun,,,,,,
Czechia,Chomutov,,,,,,
Indonesia,Cileungsi,,,,,,
Indonesia,Ciranjang,,,,,,
India,Bisalpur,,,,,,
Netherlands,Bloemendaal,,,,,,
South Africa,Bloemhof,,,,,,
United States of America,Bloomingdale,,,,,,
United States of America,Blue Ash,,,,,,
Germany,Bobenheim Roxheim,,,,,,
United States of America,Boca Raton,,,,,,
Turkmenistan,Boldumsaz,,,,,,
Italy,Bollate,,,,,,
China,Boshan,,,,,,
Burkina Faso,Bousse,,,,,,
Italy,Bracciano,,,,,,
Spain,Brenes,,,,,,
France,Brest,,,,,,
Denmark,Bronderslev,,,,,,
Brazil,Brotas,,,,,,
United States of America,Brown Deer,,,,,,
Germany,Bruckmuhl,,,,,,
Poland,Brwinow,,,,,,
Ukraine,Bryanka,,,,,,
United States of America,Buena Park,,,,,,
Bosnia and Herzegovina,Bugojno,,,,,,
Turkey,Bulancak,,,,,,
Malaysia,Buloh Kasap,,,,,,
Netherlands,Bussum,,,,,,
Philippines,Bustos,,,,,,
United States of America,Butler,,,,,,
Russian Federation,Buynaksk,,,,,,
Azerbaijan,Buzovna,,,,,,
Unknown,Caibarien,,,,,,
Italy,Calcinato,,,,,,
Colombia,Caldas,,,,,,
Mexico,Calpan,,,,,,
United States of America,Calumet City,,,,,,
Angola,Camacupa,,,,,,
Spain,Cambre,,,,,,
Unknown,Caminawit,,,,,,
Colombia,Campo De La Cruz,,,,,,
Brazil,Campo Maior,,,,,,
Italy,Camponogara,,,,,,
Brazil,Campos Gerais,,,,,,
United States of America,Canyon,,,,,,
Brazil,Capela,,,,,,
Brazil,Caraguatatuba,,,,,,
Italy,Carbonia,,,,,,
Afghanistan,Carikar,,,,,,
Venezuela (Bolivarian Republic of),Carora,,,,,,
United States of America,Carrboro,,,,,,
Italy,Casarano,,,,,,
Italy,Caserta,,,,,,
Brazil,Casimiro De Abreu,,,,,,
Mexico,Castanos,,,,,,
Italy,Castellammare Del Golfo,,,,,,
Saint Lucia,Castries,,,,,,
Germany,Castrop Rauxel,,,,,,
Italy,Cattolica,,,,,,
Hungary,Celldomolk,,,,,,
Peru,Cerro De Pasco,,,,,,
Italy,Cerveteri,,,,,,
India,Chakan,,,,,,
India,Chakulia,,,,,,
India,Chalisgaon,,,,,,
Zambia,Chambishi,,,,,,
Brazil,Arroio Dos Ratos,,,,,,
Italy,Artena,,,,,,
Sweden,Arvika,,,,,,
Russian Federation,Asbest,,,,,,
Germany,Aschaffenburg,,,,,,
Germany,Ascheberg,,,,,,
Germany,Aschersleben,,,,,,
Kazakhstan,Atasu,,,,,,
United States of America,Atlanta,,,,,,
United States of America,Atlantic City,,,,,,
India,Azamgarh,,,,,,
China,Baishishan,,,,,,
Iraq,Balad,,,,,,
Unknown,Balikpapan,,,,,,
India,Balugaon,,,,,,
Mali,Bamako,,,,,,
Philippines,Bambang,,,,,,
Mali,Banamba,,,,,,
Cuba,Banes,,,,,,
India,Bangarapet,,,,,,
Indonesia,Banjarmasin,,,,,,
India,Barela,,,,,,
India,Bareli,,,,,,
France,Barentin,,,,,,
Italy,Barga,,,,,,
Philippines,Barra,,,,,,
Colombia,Barranquilla,,,,,,
India,Baruipur,,,,,,
Mongolia,Baruun Urt,,,,,,
Democratic Republic of the Congo,Basoko,,,,,,
United Kingdom of Great Britain and Northern Ireland,Bath,,,,,,
Canada,Bathurst,,,,,,
Portugal,Belas,,,,,,
Spain,Benicarlo,,,,,,
United States of America,Cloverleaf,,,,,,
United States of America,Clute,,,,,,
Brazil,Cocal,,,,,,
Italy,Codroipo,,,,,,
Netherlands,Coevorden,,,,,,
Belgium,Colfontaine,,,,,,
France,Combs La Ville,,,,,,
Argentina,Concepcion Del Uruguay,,,,,,
United States of America,Concord,,,,,,
Argentina,Concordia,,,,,,
Canada,Cornwall,,,,,,
United States of America,Costa Mesa,,,,,,
Germany,Cremlingen,,,,,,
Brazil,Cuite,,,,,,
Costa Rica,Curridabat,,,,,,
India,Dabra,,,,,,
United States of America,Beavercreek,,,,,,
Egypt,Beba,,,,,,
Netherlands,Beesel,,,,,,
Uruguay,Bella Union,,,,,,
United States of America,Belvedere Park,,,,,,
Israel,Bene Beraq,,,,,,
United Kingdom of Great Britain and Northern Ireland,Benfleet,,,,,,
Switzerland,Bern,,,,,,
Germany,Besigheim,,,,,,
France,Bezons,,,,,,
India,Bikramganj,,,,,,
Italy,Giugliano In Campania,,,,,,
Italy,Giulianova,,,,,,
United States of America,Glen Rock,,,,,,
United States of America,Glendale,,,,,,
India,Goalpara,,,,,,
Unknown,Golcuk,,,,,,
Unknown,Gold Coast,,,,,,
Poland,Goldap,,,,,,
United States of America,Golden,,,,,,
India,Gomoh,,,,,,
Japan,Gotemba,,,,,,
Chad,Goundi,,,,,,
Bosnia and Herzegovina,Gradacac,,,,,,
Germany,Grafing,,,,,,
United States of America,Grand Forks,,,,,,
United States of America,Greenville,,,,,,
Bolivia (Plurinational State of),Guajara Mirim,,,,,,
China,Guangzhou,,,,,,
Turkey,Gumushane,,,,,,
China,Haikou,,,,,,
India,Haldibari,,,,,,
United Kingdom of Great Britain and Northern Ireland,Halesowen,,,,,,
India,Halvad,,,,,,
Unknown,Hambantota,,,,,,
Germany,Hanau,,,,,,
India,Haora,,,,,,
China,Harbin,,,,,,
India,Harda,,,,,,
Netherlands,Hardenberg,,,,,,
Kuwait,Hawalli,,,,,,
France,Hazebrouck,,,,,,
Germany,Hettstedt,,,,,,
Hungary,Heves,,,,,,
Japan,Hidaka,,,,,,
United States of America,Hillsborough,,,,,,
Uganda,Hima,,,,,,
Ethiopia,Himora,,,,,,
India,Hindaun,,,,,,
Japan,Hitoyoshi,,,,,,
Ukraine,Hlobyne,,,,,,
Japan,Hojo,,,,,,
United States of America,Holliston,,,,,,
Brazil,Horizontina,,,,,,
India,Hospet,,,,,,
China,Huilong,,,,,,
China,Humen,,,,,,
India,Hunsur,,,,,,
United States of America,Hyattsville,,,,,,
Romania,Ianca,,,,,,
Philippines,Iba,,,,,,
Spain,Ibi,,,,,,
Brazil,Ibiuna,,,,,,
Turkey,Idil,,,,,,
Japan,Iiyama,,,,,,
Japan,Ijuin,,,,,,
Denmark,Ikast,,,,,,
Chile,Illapel,,,,,,
Brazil,Imperatriz,,,,,,
United States of America,Indian Trail,,,,,,
Russian Federation,Ishimbay,,,,,,
Unknown,Isla Mujeres,,,,,,
Pakistan,Islamabad,,,,,,
Pakistan,Islamkot,,,,,,
Brazil,Itapevi,,,,,,
Mexico,Ixmiquilpan,,,,,,
Japan,Iyo,,,,,,
India,Jagdispur,,,,,,
Brazil,Jaguariuna,,,,,,
Bangladesh,Jaipur Hat,,,,,,
India,Jalali,,,,,,
India,Jalesar,,,,,,
Pakistan,Jampur,,,,,,
Brazil,Jaru,,,,,,
Mexico,Jerez,,,,,,
India,Jharsuguda,,,,,,
China,Jiangdu,,,,,,
China,Jiaojiang,,,,,,
Ecuador,Jipijapa,,,,,,
Brazil,Jose Bonifacio,,,,,,
India,Junnar,,,,,,
Japan,Kaita,,,,,,
Malaysia,Kangar,,,,,,
India,Kannauj,,,,,,
Armenia,Kapan,,,,,,
India,Kaptanganj,,,,,,
Russian Federation,Karabulak,,,,,,
Pakistan,Karachi,,,,,,
Philippines,Kawit,,,,,,
Nigeria,Keffi,,,,,,
United States of America,Kenner,,,,,,
Turkey,Kesan,,,,,,
Russian Federation,Khabarovsk,,,,,,
Pakistan,Khanpur,,,,,,
Guatemala,San Andres Itzapa,,,,,,
Costa Rica,San Antonio,,,,,,
Mexico,San Francisco Del Rincon,,,,,,
Italy,San Giuliano Milanese,,,,,,
Italy,San Giuseppe Vesuviano,,,,,,
Philippines,San Jacinto,,,,,,
Dominican Republic,San Juan De La Maguana,,,,,,
Philippines,San Miguel,,,,,,
Mexico,San Nicolas De Los Garza,,,,,,
Guatemala,San Pedro Sacatepequez,,,,,,
India,Sanawad,,,,,,
Cuba,Sancti Spiritus,,,,,,
Bulgaria,Sandanski,,,,,,
United States of America,Sandy Springs,,,,,,
Guatemala,Santa Catarina Pinula,,,,,,
Unknown,Santa Flavia,,,,,,
United States of America,Santa Monica,,,,,,
El Salvador,Santa Rosa De Lima,,,,,,
Colombia,Santa Rosa,,,,,,
Venezuela (Bolivarian Republic of),Santa Teresa,,,,,,
Brazil,Santos Dumont,,,,,,
Portugal,Sao Felix Da Marinha,,,,,,
Brazil,Sao Joaquim Da Barra,,,,,,
Brazil,Sao Joaquim,,,,,,
Brazil,Sao Miguel Do Araguaia,,,,,,
Brazil,Sao Sepe,,,,,,
Brazil,Sapiranga,,,,,,
United States of America,Coconut Creek,,,,,,
El Salvador,Cojutepeque,,,,,,
Italy,Colleferro,,,,,,
Brazil,Conceicao Das Alagoas,,,,,,
United States of America,Conroe,,,,,,
Italy,Cordenons,,,,,,
Brazil,Coremas,,,,,,
Nicaragua,Corinto,,,,,,
Canada,Courtenay,,,,,,
Belgium,Couvin,,,,,,
Canada,Cowansville,,,,,,
United States of America,Creve Coeur,,,,,,
Unknown,Crotone,,,,,,
India,Dahegam,,,,,,
Brazil,Chapeco,,,,,,
United States of America,Chapel Hill,,,,,,
France,Chartres,,,,,,
India,Chas,,,,,,
India,Chechat,,,,,,
India,Chengalpattu,,,,,,
India,Chengam,,,,,,
China,Chengmai,,,,,,
Peru,Chepen,,,,,,
France,Cherbourg,,,,,,
India,Chhapra,,,,,,
Mexico,Chiautempan,,,,,,
Guatemala,Chichicastenango,,,,,,
India,Chicholi,,,,,,
Mexico,Chimalhuacan,,,,,,
India,Chinchani,,,,,,
Russian Federation,Chita,,,,,,
United Republic of Tanzania,Chiungutwa,,,,,,
Argentina,Chivilcoy,,,,,,
Republic of Moldova,Cimislia,,,,,,
Italy,Cingoli,,,,,,
United States of America,Clearfield,,,,,,
Netherlands,Ommen,,,,,,
Russian Federation,Ordynskoye,,,,,,
Philippines,Oroquieta,,,,,,
United States of America,Oskaloosa,,,,,,
Chile,Osorno,,,,,,
Germany,Osterholz Scharmbeck,,,,,,
Brazil,Ouro Fino,,,,,,
United States of America,Owings Mills,,,,,,
Brazil,Pacatuba,,,,,,
Indonesia,Pacet,,,,,,
Mexico,Pachuca,,,,,,
France,Paea,,,,,,
Peru,Paijan,,,,,,
Chile,Paine,,,,,,
Spain,Palamos,,,,,,
United States of America,Palatine,,,,,,
India,Pallavaram,,,,,,
United States of America,Panama City,,,,,,
United States of America,Weston,,,,,,
United States of America,Winter Park,,,,,,
Switzerland,Winterthur,,,,,,
South Africa,Wolmaranstad,,,,,,
Poland,Wolsztyn,,,,,,
Indonesia,Wonosobo,,,,,,
United States of America,Wyckoff,,,,,,
Mexico,Xalatlaco,,,,,,
China,Xinyu,,,,,,
Mexico,Xoxocotla,,,,,,
Russian Federation,Yablonovskiy,,,,,,
Russian Federation,Yalutorovsk,,,,,,
Russian Federation,Yaransk,,,,,,
Japan,Yashiro,,,,,,
Japan,Yatsuo,,,,,,
Japan,Yawata,,,,,,
Russian Federation,Yelizovo,,,,,,
Turkey,Yenisehir,,,,,,
China,Yushan,,,,,,
Russian Federation,Yuzha,,,,,,
Poland,Zabkowice Slaskie,,,,,,
El Salvador,Zacatecoluca,,,,,,
Poland,Zakopane,,,,,,
Hungary,Zalaegerszeg,,,,,,
Libya,Zaltan,,,,,,
China,Zaozhuang,,,,,,
Spain,Zarautz,,,,,,
Russian Federation,Zarinsk,,,,,,
Malta,Zebbug,,,,,,
Belgium,Zedelgem,,,,,,
China,Zhaocheng,,,,,,
Côte d'Ivoire,Zuenoula,,,,,,
Georgia,Zugdidi,,,,,,
Belgium,Zulte,,,,,,
Indonesia,Weleri,,,,,,
China,Wenzhou,,,,,,
Germany,Werder,,,,,,
Germany,Wesseling,,,,,,
United Kingdom of Great Britain and Northern Ireland,Widnes,,,,,,
United States of America,Wilkinsburg,,,,,,
United States of America,Willmar,,,,,,
United States of America,Winston Salem,,,,,,
France,Wittenheim,,,,,,
Germany,Wunstorf,,,,,,
China,Xingtai,,,,,,
Unknown,Vieste,,,,,,
France,Villeneuve Saint Georges,,,,,,
Panama,Vista Alegre,,,,,,
Netherlands,Vlissingen,,,,,,
Romania,Voluntari,,,,,,
Serbia,Vranje,,,,,,
Russian Federation,Vytegra,,,,,,
Germany,Wachtersbach,,,,,,
Japan,Wakuya,,,,,,
Germany,Waldbrol,,,,,,
Germany,Waldkraiburg,,,,,,
United States of America,Walker Mill,,,,,,
Germany,Walldurn,,,,,,
Thailand,Wapi Pathum,,,,,,
Japan,Warabi,,,,,,
India,Waraseoni,,,,,,
Germany,Waren,,,,,,
Papua New Guinea,Wau,,,,,,
Poland,Wegorzewo,,,,,,
Italy,San Giovanni In Fiore,,,,,,
Spain,San Lorenzo De El Escorial,,,,,,
Italy,San Pancrazio Salentino,,,,,,
Honduras,San Pedro Sula,,,,,,
Italy,San Salvo,,,,,,
India,Sanand,,,,,,
Romania,Sangeorz Bai,,,,,,
India,Sangrur,,,,,,
Honduras,Santa Cruz De Yojoa,,,,,,
Brazil,Santa Isabel,,,,,,
Brazil,Santana Do Livramento,,,,,,
Spain,Santander,,,,,,
Brazil,Santo Amaro Da Imperatriz,,,,,,
Brazil,Santo Augusto,,,,,,
Brazil,Sao Caetano Do Sul,,,,,,
Brazil,Sao Gabriel,,,,,,
Brazil,Sao Jose Da Tapera,,,,,,
Brazil,Sao Jose De Ribamar,,,,,,
Brazil,Sao Lourenco,,,,,,
Italy,Marigliano,,,,,,
Brazil,Maringa,,,,,,
Iran (Islamic Republic of),Marivan,,,,,,
Madagascar,Maroantsetra,,,,,,
Indonesia,Martapura,,,,,,
Lesotho,Maseru,,,,,,
Belarus,Masty,,,,,,
Canada,Matane,,,,,,
Brazil,Matelandia,,,,,,
Bangladesh,Mathbaria,,,,,,
Belarus,Mazyr,,,,,,
Malaysia,Melaka,,,,,,
Uruguay,Melo,,,,,,
Greece,Menemeni,,,,,,
United States of America,Menomonee Falls,,,,,,
France,Merignac,,,,,,
South Africa,Messina,,,,,,
Japan,Minamiashigara,,,,,,
Mexico,Minatitlan,,,,,,
Italy,Minturno,,,,,,
Unknown,Moche,,,,,,
India,Mokokchung,,,,,,
Chad,Mongo,,,,,,
Hungary,Monor,,,,,,
United States of America,Monroe,,,,,,
Germany,Moosburg,,,,,,
Japan,Moriyama,,,,,,
Germany,Mosbach,,,,,,
Bosnia and Herzegovina,Mostar,,,,,,
Italy,Motta Di Livenza,,,,,,
United States of America,Mount Vernon,,,,,,
Turkey,Mudanya,,,,,,
India,Mudbidri,,,,,,
Japan,Muroto,,,,,,
Pakistan,Muzaffargarh,,,,,,
Brazil,Muzambinho,,,,,,
Myanmar,Myingyan,,,,,,
India,Nagda,,,,,,
Bangladesh,Nageshwari,,,,,,
India,Nagothana,,,,,,
Unknown,Namerikawa,,,,,,
United Republic of Tanzania,Nangomba,,,,,,
France,Nantes,,,,,,
Pakistan,Tangi,,,,,,
Nepal,Tansen,,,,,,
Japan,Tanushimaru,,,,,,
United States of America,Tarboro,,,,,,
Italy,Taurianova,,,,,,
Ghana,Tema,,,,,,
Mexico,Tepatlaxco,,,,,,
France,Tergnier,,,,,,
Belgium,Tessenderlo,,,,,,
India,Tezu,,,,,,
Mexico,Tierra Blanca,,,,,,
Colombia,Tierralta,,,,,,
Albania,Tirana,,,,,,
Russian Federation,Tobolsk,,,,,,
Italy,Tolentino,,,,,,
Hungary,Tolna,,,,,,
Spain,Tolosa,,,,,,
Russian Federation,Tolyatti,,,,,,
Russian Federation,Tomsk,,,,,,
Bangladesh,Naral,,,,,,
United States of America,Nashville,,,,,,
United Republic of Tanzania,Ndago,,,,,,
Italy,Nerviano,,,,,,
Germany,Neuhausen,,,,,,
United States of America,New Providence,,,,,,
Ireland,Newbridge,,,,,,
India,Nidadavole,,,,,,
Greece,Nikaia,,,,,,
India,Nim Ka Thana,,,,,,
China,Ningyang,,,,,,
Japan,Nirasaki,,,,,,
India,Nirsa,,,,,,
Japan,Noda,,,,,,
Thailand,Nong Kung Si,,,,,,
United States of America,Norland,,,,,,
United States of America,North Versailles,,,,,,
Russian Federation,Novopavlovsk,,,,,,
Malawi,Ntcheu,,,,,,
India,Nuzvid,,,,,,
Japan,Nyuzen,,,,,,
Russian Federation,Obninsk,,,,,,
Ukraine,Obukhiv,,,,,,
Georgia,Ochamchira,,,,,,
Japan,Okuchi,,,,,,
Germany,Olbernhau,,,,,,
Ukraine,Oleksandrivka,,,,,,
Finland,Tornio,,,,,,
Italy,Torre Annunziata,,,,,,
China,Touliu,,,,,,
Austria,Traiskirchen,,,,,,
Italy,Trebaseleghe,,,,,,
Italy,Trecate,,,,,,
Philippines,Trento,,,,,,
Germany,Treuchtlingen,,,,,,
France,Triel Sur Seine,,,,,,
India,Trimbak,,,,,,
Norway,Trondheim,,,,,,
Namibia,Tsumeb,,,,,,
United States of America,Tuckahoe,,,,,,
India,Tulsipur,,,,,,
Turkey,Turhal,,,,,,
Kazakhstan,Turkistan,,,,,,
Uzbekistan,Turtkul,,,,,,
Thailand,U Thong,,,,,,
Colombia,Ubate,,,,,,
India,Udala,,,,,,
South Africa,Umtata,,,,,,
Germany,Unna,,,,,,
Nigeria,Uromi,,,,,,
Brazil,Urucui,,,,,,
Afghanistan,Uruzgan,,,,,,
Germany,Uslar,,,,,,
India,Utraula,,,,,,
Finland,Vaasa,,,,,,
United States of America,Vacaville,,,,,,
France,Valentigney,,,,,,
Italy,Valenza,,,,,,
Russian Federation,Vanino,,,,,,
Bulgaria,Vidin,,,,,,
Indonesia,Surabaya,,,,,,
Mauritius,Surinam,,,,,,
Libya,Surt,,,,,,
Denmark,Svendborg,,,,,,
Philippines,Tagbilaran,,,,,,
China,Taichung,,,,,,
China,Taitung,,,,,,
Iran (Islamic Republic of),Takab,,,,,,
Finland,Tampere,,,,,,
Pakistan,Tandlianwala,,,,,,
Ukraine,Khorol,,,,,,
Kazakhstan,Khromtau,,,,,,
India,Kiranur,,,,,,
Uganda,Kireka,,,,,,
Japan,Kiryu,,,,,,
United States of America,Kissimmee,,,,,,
Czechia,Kladno,,,,,,
Thailand,Klaeng,,,,,,
Poland,Klodzko,,,,,,
Japan,Kodaira,,,,,,
Japan,Kokubunji,,,,,,
Slovakia,Komarno,,,,,,
Germany,Konigslutter,,,,,,
Ghana,Konongo,,,,,,
Ukraine,Konotop,,,,,,
India,Koregaon,,,,,,
Burkina Faso,Koudougou,,,,,,
Russian Federation,Kozelsk,,,,,,
Russian Federation,Kremenki,,,,,,
Switzerland,Kreuzlingen,,,,,,
Cameroon,Kribi,,,,,,
China,Kunyang,,,,,,
India,Kurara,,,,,,
Japan,Kurayoshi,,,,,,
Russian Federation,Kusa,,,,,,
Russian Federation,Kyakhta,,,,,,
Mexico,La Antigua,,,,,,
France,La Chapelle Sur Erdre,,,,,,
Panama,La Concepcion,,,,,,
Colombia,La Victoria,,,,,,
India,Machhlishahr,,,,,,
India,Madgaon,,,,,,
India,Madhugiri,,,,,,
Portugal,Mafra,,,,,,
India,Mahwa,,,,,,
Poland,Malbork,,,,,,
India,Malia,,,,,,
Turkey,Malkara,,,,,,
India,Mallapuram,,,,,,
Philippines,Malvar,,,,,,
India,Mandleshwar,,,,,,
India,Mangalagiri,,,,,,
Philippines,Mangaldan,,,,,,
India,Mangrol,,,,,,
Cuba,Manicaragua,,,,,,
Brazil,Manicore,,,,,,
Spain,Manises,,,,,,
Niger,Maradi,,,,,,
Philippines,Marawi,,,,,,
Italy,Marcianise,,,,,,
Brazil,Maruim,,,,,,
Iran (Islamic Republic of),Mashhad,,,,,,
United States of America,Massena,,,,,,
Brazil,Mata De Sao Joao,,,,,,
Uzbekistan,Maymanak,,,,,,
Romania,Medgidia,,,,,,
Russian Federation,Medvezhyegorsk,,,,,,
India,Mehndawal,,,,,,
Unknown,Menton,,,,,,
Ukraine,Merefa,,,,,,
United States of America,Merrick,,,,,,
Turkey,Merzifon,,,,,,
Italy,Mesagne,,,,,,
Mexico,Metepec,,,,,,
United States of America,Methuen,,,,,,
France,Meyzieu,,,,,,
China,Laiyang,,,,,,
Bangladesh,Lalmohan,,,,,,
Germany,Lauenburg,,,,,,
Netherlands,Leerdam,,,,,,
United Kingdom of Great Britain and Northern Ireland,Leigh,,,,,,
Ethiopia,Leku,,,,,,
Mexico,Lerdo,,,,,,
Russian Federation,Lermontov,,,,,,
Colombia,Libano,,,,,,
Czechia,Liberec,,,,,,
Germany,Lichtenstein,,,,,,
France,Limoges,,,,,,
Sweden,Linkoping,,,,,,
Germany,Lippstadt,,,,,,
Czechia,Litomerice,,,,,,
Switzerland,Locarno,,,,,,
Thailand,Lom Sak,,,,,,
Mexico,Lopez Mateos,,,,,,
Venezuela (Bolivarian Republic of),Los Teques,,,,,,
India,Losal,,,,,,
United Republic of Tanzania,Luchingu,,,,,,
United States of America,Lufkin,,,,,,
United Republic of Tanzania,Lugoba,,,,,,
China,Luohe,,,,,,
China,Luorong,,,,,,
China,Luyang,,,,,,
Switzerland,Luzern,,,,,,
United States of America,Lynnfield,,,,,,
United States of America,Mableton,,,,,,
India,Ilkal,,,,,,
Japan,Inzai,,,,,,
Brazil,Ipatinga,,,,,,
Japan,Iruma,,,,,,
United States of America,Irvington,,,,,,
Nigeria,Iwo,,,,,,
Mexico,Ixtapa,,,,,,
Turkey,Izmir,,,,,,
Sri Lanka,Jaffna,,,,,,
Guatemala,Jalpatagua,,,,,,
India,Jaynagar Majilpur,,,,,,
United States of America,Jefferson City,,,,,,
United States of America,Jeffersontown,,,,,,
Nigeria,Jega,,,,,,
Cuba,Jiguani,,,,,,
United States of America,Johnston,,,,,,
India,Jorhat,,,,,,
Thailand,Kaeng Khoi,,,,,,
Pakistan,Kahna Nau,,,,,,
India,Kalmeshwar,,,,,,
India,Kamarhati,,,,,,
Russian Federation,Kamensk Uralskiy,,,,,,
United States of America,Bellaire,,,,,,
France,Bernay,,,,,,
Benin,Beterou,,,,,,
India,Bhadreswar,,,,,,
India,Bijbiara,,,,,,
Bosnia and Herzegovina,Bileca,,,,,,
United Kingdom of Great Britain and Northern Ireland,Billingham,,,,,,
Germany,Bischofswerda,,,,,,
Italy,Bisignano,,,,,,
Bulgaria,Blagoevgrad,,,,,,
Central African Republic,Bocaranga,,,,,,
Benin,Bohicon,,,,,,
Indonesia,Bojonegoro,,,,,,
Indonesia,Bone,,,,,,
Philippines,Bontoc,,,,,,
Hungary,Bonyhad,,,,,,
France,Bordeaux,,,,,,
Germany,Borna,,,,,,
United States of America,Boulder,,,,,,
United Kingdom of Great Britain and Northern Ireland,Bracknell,,,,,,
United States of America,Bradenton,,,,,,
India,Brahmapur,,,,,,
Belgium,Braine Le Comte,,,,,,
United States of America,Brentwood,,,,,,
United Kingdom of Great Britain and Northern Ireland,Bridgend,,,,,,
Poland,Brodnica,,,,,,
Japan,Hino,,,,,,
Japan,Hiratsuka,,,,,,
United States of America,Holland,,,,,,
Germany,Homberg,,,,,,
United States of America,Homestead,,,,,,
India,Homnabad,,,,,,
United Kingdom of Great Britain and Northern Ireland,Honiton,,,,,,
Denmark,Horsens,,,,,,
China,Hsinpu,,,,,,
Thailand,Huai Yot,,,,,,
Bolivia (Plurinational State of),Huanuni,,,,,,
Spain,Huercal Overa,,,,,,
Germany,Hungen,,,,,,
China,Huoqiu,,,,,,
Japan,Ichikawa,,,,,,
India,Ilampillai,,,,,,
Poland,Gora Kalwaria,,,,,,
Japan,Goshogawara,,,,,,
Germany,Graben Neudorf,,,,,,
United States of America,Grafton,,,,,,
Canada,Granby,,,,,,
Spain,Granollers,,,,,,
Indonesia,Gresik,,,,,,
Australia,Griffith,,,,,,
Germany,Grimmen,,,,,,
Brazil,Guapore,,,,,,
Brazil,Guarapari,,,,,,
Venezuela (Bolivarian Republic of),Guasdualito,,,,,,
Portugal,Guimaraes,,,,,,
Gambia,Gunjur,,,,,,
United States of America,Gurnee,,,,,,
China,Gushi,,,,,,
Viet Nam,Ha Giang,,,,,,
Japan,Hachinohe,,,,,,
United States of America,Hacienda Heights,,,,,,
Slovakia,Handlova,,,,,,
Belgium,Hasselt,,,,,,
Germany,Hauzenberg,,,,,,
Germany,Heilbad Heiligenstadt,,,,,,
Germany,Helmstedt,,,,,,
Afghanistan,Herat,,,,,,
United States of America,Hermosa Beach,,,,,,
El Salvador,Ilopango,,,,,,
Japan,Imaichi,,,,,,
United States of America,Imperial Beach,,,,,,
Japan,Inazawa,,,,,,
Germany,Isselburg,,,,,,
Brazil,Itaocara,,,,,,
Brazil,Itaquaquecetuba,,,,,,
Mexico,Jamay,,,,,,
Brazil,Januaria,,,,,,
China,Jilin,,,,,,
Russian Federation,Shelekhov,,,,,,
India,Shikohabad,,,,,,
Japan,Shiozawa,,,,,,
Russian Federation,Shipunovo,,,,,,
Kenya,Siaya,,,,,,
India,Sidhi,,,,,,
Poland,Siedlce,,,,,,
Indonesia,Sijunjung,,,,,,
Bulgaria,Silistra,,,,,,
Turkey,Silivri,,,,,,
Romania,Sinaia,,,,,,
Australia,Singleton,,,,,,
Colombia,Sitionuevo,,,,,,
United Kingdom of Great Britain and Northern Ireland,Sleaford,,,,,,
Indonesia,Sleman,,,,,,
Russian Federation,Snezhnogorsk,,,,,,
Portugal,Sobreda,,,,,,
Pakistan,Sodhra,,,,,,
Malaysia,Kampar,,,,,,
India,Kanakapura,,,,,,
Czechia,Karvina,,,,,,
Russian Federation,Kashira,,,,,,
Russian Federation,Kaspiyskiy,,,,,,
United Republic of Tanzania,Katerero,,,,,,
India,Katihar,,,,,,
Namibia,Katima Mulilo,,,,,,
Japan,Katsuura,,,,,,
United States of America,Kearney,,,,,,
Sri Lanka,Kegalla,,,,,,
United Kingdom of Great Britain and Northern Ireland,Kenilworth,,,,,,
Russian Federation,Kez,,,,,,
Russian Federation,Kanevskaya,,,,,,
India,Kanigiri,,,,,,
Russian Federation,Karachev,,,,,,
India,Karamsad,,,,,,
Zimbabwe,Kariba,,,,,,
India,Karsiyang,,,,,,
Russian Federation,Kartaly,,,,,,
Sudan,Khartoum,,,,,,
India,Khonsa,,,,,,
Pakistan,Khurianwala,,,,,,
Greece,Kiato,,,,,,
United Republic of Tanzania,Kibakwe,,,,,,
United Republic of Tanzania,Kibiti,,,,,,
United States of America,Kingman,,,,,,
Russian Federation,Kislovodsk,,,,,,
Malaysia,Kluang,,,,,,
Japan,Kobayashi,,,,,,
Uzbekistan,Koson,,,,,,
Russian Federation,Kostroma,,,,,,
Turkey,Susehri,,,,,,
Czechia,Tabor,,,,,,
Iran (Islamic Republic of),Tabriz,,,,,,
India,Tadpatri,,,,,,
Philippines,Tagoloan,,,,,,
Philippines,Tagum,,,,,,
Indonesia,Talang,,,,,,
India,Talipparamba,,,,,,
Russian Federation,Talnakh,,,,,,
Latvia,Talsi,,,,,,
Sudan,Tambul,,,,,,
Brazil,Tangua,,,,,,
Italy,Taormina,,,,,,
Mexico,Tapachula,,,,,,
Brazil,Tapaua,,,,,,
Russian Federation,Tara,,,,,,
Russian Federation,Tarko Sale,,,,,,
Romania,Tarnaveni,,,,,,
Turkey,Tarsus,,,,,,
United States of America,Napa,,,,,,
India,Navalgund,,,,,,
Republic of North Macedonia,Negotino Polosko,,,,,,
Russian Federation,Nerchinsk,,,,,,
Germany,Nettetal,,,,,,
Germany,Neutraubling,,,,,,
United States of America,New City,,,,,,
Chad,Ngama,,,,,,
Mali,Nioro,,,,,,
Japan,Nishiwaki,,,,,,
Russian Federation,Nizhneudinsk,,,,,,
United Republic of Tanzania,Nkoaranga,,,,,,
South Africa,Nkowakowa,,,,,,
Russian Federation,Novozybkov,,,,,,
Ecuador,Nueva Loja,,,,,,
Nigeria,Numan,,,,,,
India,Nurpur,,,,,,
Japan,Oga,,,,,,
Netherlands,Oirschot,,,,,,
Ghana,Madina,,,,,,
Niger,Magaria,,,,,,
India,Mahasamund,,,,,,
United Kingdom of Great Britain and Northern Ireland,Maidstone,,,,,,
Spain,Mairena Del Alcor,,,,,,
India,Maksi,,,,,,
United Republic of Tanzania,Makungu,,,,,,
United States of America,Manassas Park,,,,,,
India,Mandi,,,,,,
India,Manglaur,,,,,,
India,Manjhanpur,,,,,,
India,Mannargudi,,,,,,
Pakistan,Mansehra,,,,,,
Ecuador,Manta,,,,,,
Philippines,Mapandan,,,,,,
United States of America,Maple Grove,,,,,,
Brazil,Maracanau,,,,,,
Portugal,Vila Do Conde,,,,,,
Spain,Viladecans,,,,,,
Dominican Republic,Villa Altagracia,,,,,,
Spain,Villafranca De Los Barros,,,,,,
Spain,Villarrobledo,,,,,,
France,Vitrolles,,,,,,
Austria,Volkermarkt,,,,,,
Germany,Volklingen,,,,,,
Russian Federation,Volodarsk,,,,,,
Estonia,Voru,,,,,,
Brazil,Votorantim,,,,,,
Russian Federation,Vsevolozhsk,,,,,,
India,Vyara,,,,,,
Russian Federation,Vysokovsk,,,,,,
Libya,Waddan,,,,,,
United States of America,Walnut,,,,,,
China,Wangou,,,,,,
Netherlands,Wateringen,,,,,,
United States of America,Weirton,,,,,,
Japan,Susaki,,,,,,
Hungary,Szazhalombatta,,,,,,
Portugal,Lamego,,,,,,
China,Langfang,,,,,,
Germany,Langwedel,,,,,,
Panama,Las Lomas,,,,,,
Italy,Latisana,,,,,,
Germany,Lauchhammer,,,,,,
Canada,Leamington,,,,,,
Indonesia,Lebaksiu,,,,,,
Chile,Lebu,,,,,,
Poland,Legionowo,,,,,,
Brazil,Leticia,,,,,,
Ukraine,Letychiv,,,,,,
Germany,Leutkirch,,,,,,
United States of America,Lewisburg,,,,,,
United Kingdom of Great Britain and Northern Ireland,Leyland,,,,,,
Pakistan,Liaqatabad,,,,,,
Brazil,Limeira,,,,,,
Brazil,Limoeiro,,,,,,
United States of America,Lincolnton,,,,,,
France,Lisieux,,,,,,
United States of America,Lockport,,,,,,
Germany,Lohr,,,,,,
United States of America,Longmont,,,,,,
United States of America,Longwood,,,,,,
Germany,Loningen,,,,,,
Romania,Ludus,,,,,,
Russian Federation,Luga,,,,,,
Philippines,Ma Ao,,,,,,
Chile,Machali,,,,,,
Poland,Kozienice,,,,,,
Russian Federation,Krasnoslobodsk,,,,,,
Russian Federation,Krasnozerskoye,,,,,,
Malaysia,Kuala Lumpur,,,,,,
Russian Federation,Kukmor,,,,,,
Tajikistan,Kulob,,,,,,
Turkey,Kumburgaz,,,,,,
United States of America,Kuna,,,,,,
India,Kurandvad,,,,,,
Finland,Kurikka,,,,,,
Thailand,Kut Chap,,,,,,
Guatemala,La Esperanza,,,,,,
United States of America,La Marque,,,,,,
Ecuador,La Troncal,,,,,,
Madagascar,Mahanoro,,,,,,
Mauritius,Mahebourg,,,,,,
Ukraine,Makariv,,,,,,
Indonesia,Manado,,,,,,
India,Manapparai,,,,,,
Brazil,Manhumirim,,,,,,
Cameroon,Manjo,,,,,,
United States of America,Mankato,,,,,,
Philippines,Mansalay,,,,,,
India,Manthani,,,,,,
United Republic of Tanzania,Manyoni,,,,,,
Trinidad and Tobago,Marabella,,,,,,
Italy,Maranello,,,,,,
South Africa,Margate,,,,,,
Spain,Arrecife,,,,,,
Brazil,Arroio Do Meio,,,,,,
Ukraine,Artemovsk,,,,,,
Bolivia (Plurinational State of),Ascension,,,,,,
Eritrea,Asmara,,,,,,
Netherlands,Asten,,,,,,
Brazil,Astolfo Dutra,,,,,,
United States of America,Austin,,,,,,
Spain,Aviles,,,,,,
United States of America,Avondale,,,,,,
Libya,Awbari,,,,,,
Russian Federation,Azov,,,,,,
Viet Nam,Bac Ninh,,,,,,
Germany,Backnang,,,,,,
Germany,Bad Homburg,,,,,,
Germany,Bad Nauheim,,,,,,
Germany,Bad Wurzach,,,,,,
India,Baghpat,,,,,,
United States of America,Altadena,,,,,,
Germany,Altusried,,,,,,
Germany,Alzey,,,,,,
France,Amberieu En Bugey,,,,,,
Madagascar,Ambodifototra,,,,,,
Brazil,Americo Brasiliense,,,,,,
Brazil,Ananindeua,,,,,,
Brazil,Andira,,,,,,
Russian Federation,Anna,,,,,,
Mexico,Apaxco,,,,,,
Brazil,Araxa,,,,,,
Chile,Arica,,,,,,
Mexico,Yautepec,,,,,,
China,Yebaishou,,,,,,
United States of America,Ypsilanti,,,,,,
China,Yulin,,,,,,
China,Yuzhou,,,,,,
Kazakhstan,Zachagansk,,,,,,
India,Zamania,,,,,,
Unknown,Zanzibar,,,,,,
Russian Federation,Zelenogradsk,,,,,,
Kazakhstan,Zhetysay,,,,,,
Russian Federation,Zhirnovsk,,,,,,
Ethiopia,Debre Birhan,,,,,,
United States of America,Dedham,,,,,,
Romania,Deleni,,,,,,
Germany,Delmenhorst,,,,,,
Pakistan,Dera Ghazi Khan,,,,,,
United States of America,Des Moines,,,,,,
Thailand,Det Udom,,,,,,
India,Devli,,,,,,
India,Dhanera,,,,,,
India,Dhone,,,,,,
China,Didao,,,,,,
France,Dinan,,,,,,
United States of America,Dix Hills,,,,,,
Egypt,Diyarb Najm,,,,,,
Netherlands,Doetinchem,,,,,,
France,Dole,,,,,,
Unknown,Domoni,,,,,,
Brazil,Umuarama,,,,,,
Brazil,Urucuca,,,,,,
Russian Federation,Ust Ordynskiy,,,,,,
Brazil,Utinga,,,,,,
Russian Federation,Uzlovaya,,,,,,
Romania,Valea Lui Mihai,,,,,,
Sweden,Vallentuna,,,,,,
Brazil,Varzea Alegre,,,,,,
Brazil,Varzea Da Palma,,,,,,
Hungary,Vecses,,,,,,
Brazil,Vicosa Do Ceara,,,,,,
Romania,Videle,,,,,,
United Kingdom of Great Britain and Northern Ireland,Wellingborough,,,,,,
United States of America,Wenatchee,,,,,,
Ghana,Wenchi,,,,,,
China,Wenshang,,,,,,
Unknown,West Bay,,,,,,
United Kingdom of Great Britain and Northern Ireland,West Bridgeford,,,,,,
United States of America,West Orange,,,,,,
United States of America,West Warwick,,,,,,
United Kingdom of Great Britain and Northern Ireland,Whitley Bay,,,,,,
Poland,Wolow,,,,,,
United States of America,Woodmere,,,,,,
United Kingdom of Great Britain and Northern Ireland,Wrexham,,,,,,
China,Xiangfan,,,,,,
China,Xichang,,,,,,
China,Xuanhua,,,,,,
Japan,Yaita,,,,,,
Turkey,Yakuplu,,,,,,
Viet Nam,Viet Tri,,,,,,
Spain,Vilanova Del Cami,,,,,,
Guatemala,Villa Canales,,,,,,
Italy,Villabate,,,,,,
Chile,Vina Del Mar,,,,,,
Italy,Vinci,,,,,,
France,Vitry Le Francois,,,,,,
Serbia,Vlasotince,,,,,,
Italy,Volpiano,,,,,,
Russian Federation,Vorkuta,,,,,,
Switzerland,Wadenswil,,,,,,
Unknown,Wakkanai,,,,,,
China,Wangkui,,,,,,
India,Wankaner,,,,,,
Germany,Weimar,,,,,,
Iran (Islamic Republic of),Torbat E Jam,,,,,,
Mexico,Torreon,,,,,,
Australia,Townsville,,,,,,
Italy,Tradate,,,,,,
Thailand,Trat,,,,,,
Austria,Traun,,,,,,
Italy,Tricase,,,,,,
United States of America,Tumwater,,,,,,
Brazil,Tupa,,,,,,
India,Turuvekere,,,,,,
India,Udalguri,,,,,,
China,Yongzhou,,,,,,
Russian Federation,Zainsk,,,,,,
Russian Federation,Zapolyarnyy,,,,,,
Poland,Zdzieszowice,,,,,,
Russian Federation,Zelenchukskaya,,,,,,
China,Zhoucun,,,,,,
Germany,Zschopau,,,,,,
Netherlands,Zutphen,,,,,,
Ukraine,Zvenyhorodka,,,,,,
Republic of Moldova,Soroca,,,,,,
Russian Federation,Sosnogorsk,,,,,,
United States of America,South Yarmouth,,,,,,
United States of America,Southbury,,,,,,
Russian Federation,Sovetskiy,,,,,,
United States of America,Spanish Lake,,,,,,
India,Srinagar,,,,,,
Germany,Stade,,,,,,
Ukraine,Starokostyantyniv,,,,,,
Romania,Stefanesti,,,,,,
Ukraine,Sudak,,,,,,
Egypt,Suez,,,,,,
China,Sujiatun,,,,,,
Peru,Sullana,,,,,,
United States of America,San Angelo,,,,,,
Unknown,San Benedetto Del Tronto,,,,,,
Italy,San Cataldo,,,,,,
Italy,San Giovanni Rotondo,,,,,,
Philippines,San Pedro,,,,,,
India,Sanchor,,,,,,
China,Sanhsia,,,,,,
Brazil,Santa Helena,,,,,,
Portugal,Santo Tirso,,,,,,
Unknown,Sao Francisco Do Sul,,,,,,
Brazil,Sao Goncalo,,,,,,
India,Rudarpur,,,,,,
Pakistan,Sahiwal,,,,,,
United States of America,Saint Louis,,,,,,
France,Saint Omer,,,,,,
France,Sainte Maxime,,,,,,
Indonesia,Salatiga,,,,,,
Belarus,Salihorsk,,,,,,
Italy,Salsomaggiore Terme,,,,,,
India,Samba,,,,,,
Botswana,Ramotswa,,,,,,
India,Rapar,,,,,,
Iran (Islamic Republic of),Rasht,,,,,,
Germany,Ratingen,,,,,,
India,Razam,,,,,,
Switzerland,Regensdorf,,,,,,
Germany,Regenstauf,,,,,,
Canada,Regina,,,,,,
Germany,Remagen,,,,,,
Brazil,Resende,,,,,,
United States of America,Richmond West,,,,,,
United States of America,Ridgeland,,,,,,
Germany,Rinteln,,,,,,
Argentina,Rio Cuarto,,,,,,
United States of America,Rocky Mount,,,,,,
United States of America,Rocky River,,,,,,
Netherlands,Roermond,,,,,,
Romania,Roman,,,,,,
United States of America,Rossville,,,,,,
Germany,Roth,,,,,,
Russian Federation,Roza,,,,,,
United Republic of Tanzania,Rujewa,,,,,,
Germany,Sassenberg,,,,,,
India,Sattenapalle,,,,,,
Saudi Arabia,Sayhat,,,,,,
Germany,Schmallenberg,,,,,,
Russian Federation,Segezha,,,,,,
Russian Federation,Selyatino,,,,,,
India,Semaria,,,,,,
Slovakia,Senec,,,,,,
Indonesia,Sepatan,,,,,,
France,Septemes Les Vallons,,,,,,
Russian Federation,Serdobsk,,,,,,
United States of America,Severna Park,,,,,,
Italy,Sarno,,,,,,
Kazakhstan,Saryagash,,,,,,
India,Sasvad,,,,,,
Romania,Satu Mare,,,,,,
India,Sausar,,,,,,
France,Savigny Le Temple,,,,,,
Germany,Schwandorf,,,,,,
Germany,Schwarzenbek,,,,,,
Brazil,Senador Pompeu,,,,,,
Zambia,Senanga,,,,,,
Brazil,Serrana,,,,,,
United Kingdom of Great Britain and Northern Ireland,Sevenoaks,,,,,,
France,Seynod,,,,,,
India,Shajapur,,,,,,
Ghana,Shama,,,,,,
Russian Federation,Abdulino,,,,,,
Saudi Arabia,Abha,,,,,,
Ethiopia,Abomsa,,,,,,
United Arab Emirates,Abu Dhabi,,,,,,
Mexico,Acajete,,,,,,
Mexico,Acayucan,,,,,,
Nicaragua,Acoyapa,,,,,,
United States of America,Addison,,,,,,
India,Aduturai,,,,,,
Turkey,Afsin,,,,,,
United States of America,Agoura Hills,,,,,,
Colombia,Agua De Dios,,,,,,
Colombia,Aguachica,,,,,,
Mexico,Ajalpan,,,,,,
United States of America,Alamo,,,,,,
United States of America,Albemarle,,,,,,
Spain,Albolote,,,,,,
France,Ales,,,,,,
Algeria,Algiers,,,,,,
India,Arvi,,,,,,
Nigeria,Asaba,,,,,,
India,Aska,,,,,,
Italy,Assisi,,,,,,
India,Babina,,,,,,
Venezuela (Bolivarian Republic of),Bachaquero,,,,,,
Germany,Bad Lauterberg,,,,,,
Germany,Bad Schwartau,,,,,,
Italy,Badia Polesine,,,,,,
Cameroon,Bafoussam,,,,,,
India,Bagasara,,,,,,
Brazil,Bage,,,,,,
India,Bagli,,,,,,
Canada,Amherstburg,,,,,,
Switzerland,Amriswil,,,,,,
Unknown,Anacortes,,,,,,
Sweden,Angelholm,,,,,,
China,Ankang,,,,,,
Pakistan,Arifwala,,,,,,
Spain,Alora,,,,,,
United States of America,Alpine,,,,,,
United States of America,Apex,,,,,,
Brazil,Araucaria,,,,,,
United States of America,Arcata,,,,,,
Italy,Arese,,,,,,
Niger,Arlit,,,,,,
Tajikistan,Asht,,,,,,
Angola,Ondjiva,,,,,,
Nigeria,Opobo,,,,,,
Finland,Orimattila,,,,,,
Italy,Orzinuovi,,,,,,
Poland,Ostrow Mazowiecka,,,,,,
Japan,Otsuchi,,,,,,
Peru,Otuzco,,,,,,
United Kingdom of Great Britain and Northern Ireland,Paignton,,,,,,
Italy,Palagiano,,,,,,
United States of America,Palo Alto,,,,,,
South Africa,Pampierstad,,,,,,
Indonesia,Pamulang,,,,,,
Indonesia,Pandaan,,,,,,
India,Pandavapura,,,,,,
India,Pandharpur,,,,,,
Mexico,Panotla,,,,,,
India,Paravur,,,,,,
Canada,Parksville,,,,,,
United States of America,Parlier,,,,,,
Brazil,Parnamirim,,,,,,
Estonia,Parnu,,,,,,
United States of America,Parole,,,,,,
Indonesia,Parung,,,,,,
India,Parvatipuram,,,,,,
India,Pathardih,,,,,,
Italy,Patti,,,,,,
Guatemala,Patulul,,,,,,
India,Phaphund,,,,,,
United States of America,Payson,,,,,,
Brazil,Pedreira,,,,,,
Portugal,Pedroucos,,,,,,
China,Peking,,,,,,
Sri Lanka,Peliyagoda,,,,,,
India,Baindur,,,,,,
Spain,Balaguer,,,,,,
Kazakhstan,Balykshi,,,,,,
Thailand,Ban Bung,,,,,,
Indonesia,Banjar,,,,,,
Unknown,Banjul,,,,,,
India,Bapatla,,,,,,
Portugal,Barcarena,,,,,,
India,Bargarh,,,,,,
Brazil,Barra Do Pirai,,,,,,
Colombia,Barrancabermeja,,,,,,
Ukraine,Basarabeasca,,,,,,
United Kingdom of Great Britain and Northern Ireland,Batley,,,,,,
Latvia,Bauska,,,,,,
Russian Federation,Bazarnyy Karabulak,,,,,,
United States of America,Beecher,,,,,,
United States of America,Berkley,,,,,,
United Kingdom of Great Britain and Northern Ireland,Bexhill,,,,,,
India,Bhanvad,,,,,,
India,Bharuch,,,,,,
India,Bhiwani,,,,,,
India,Biaora,,,,,,
United Kingdom of Great Britain and Northern Ireland,Bicester,,,,,,
India,Bidar,,,,,,
Switzerland,Biel,,,,,,
Poland,Bilgoraj,,,,,,
Côte d'Ivoire,Bingerville,,,,,,
United States of America,Brooklyn Center,,,,,,
Germany,Bruggen,,,,,,
Germany,Bruhl,,,,,,
France,Bry Sur Marne,,,,,,
Hungary,Budakeszi,,,,,,
Colombia,Buenaventura,,,,,,
Turkey,Burhaniye,,,,,,
United Kingdom of Great Britain and Northern Ireland,Burntwood,,,,,,
Mexico,Cabo San Lucas,,,,,,
Angola,Caconda,,,,,,
Italy,Calderara Di Reno,,,,,,
Cuba,Camajuani,,,,,,
Cuba,Campechuela,,,,,,
Mexico,Canatlan,,,,,,
Canada,Canmore,,,,,,
Italy,Carate Brianza,,,,,,
Brazil,Caratinga,,,,,,
Brazil,Carmo Do Cajuru,,,,,,
Italy,Casalnuovo Di Napoli,,,,,,
Spain,Castelldefels,,,,,,
Italy,Cave,,,,,,
France,Cayenne,,,,,,
Italy,Cazzago San Martino,,,,,,
United States of America,Centralia,,,,,,
Albania,Cerrik,,,,,,
Italy,Cervignano Del Friuli,,,,,,
Czechia,Ceska Lipa,,,,,,
El Salvador,Chalchuapa,,,,,,
India,Challapalle,,,,,,
Russian Federation,Chaltyr,,,,,,
Czechia,Blansko,,,,,,
Germany,Blieskastel,,,,,,
Indonesia,Bogor,,,,,,
Brazil,Borborema,,,,,,
Russian Federation,Borzya,,,,,,
Bosnia and Herzegovina,Bosanska Gradiska,,,,,,
Côte d'Ivoire,Botro,,,,,,
France,Bourg La Reine,,,,,,
United States of America,Bowling Green,,,,,,
Germany,Bremen,,,,,,
Germany,Bremerhaven,,,,,,
Central African Republic,Bria,,,,,,
Germany,Brilon,,,,,,
India,Napasar,,,,,,
India,Narasaraopet,,,,,,
India,Narsimhapur,,,,,,
Pakistan,Naushahro Firoz,,,,,,
Spain,Navalmoral De La Mata,,,,,,
Russian Federation,Navashino,,,,,,
Japan,Nayoro,,,,,,
New Zealand,Nelson,,,,,,
India,Nepa Nagar,,,,,,
Russian Federation,Nerekhta,,,,,,
France,Nevers,,,,,,
Philippines,New Visayas,,,,,,
Unknown,New York,,,,,,
United States of America,Newnan,,,,,,
United Republic of Tanzania,Ngerengere,,,,,,
Niger,Niamey,,,,,,
Malaysia,Nibong Tebal,,,,,,
South Africa,Nigel,,,,,,
Japan,Niimi,,,,,,
India,Nilanga,,,,,,
Russian Federation,Nizhniy Novgorod,,,,,,
Russian Federation,Nogliki,,,,,,
Thailand,Nong Chik,,,,,,
Thailand,Nonthaburi,,,,,,
Philippines,Norala,,,,,,
Germany,Nordstemmen,,,,,,
United States of America,Norfolk,,,,,,
United States of America,North Bellmore,,,,,,
United States of America,North Valley Stream,,,,,,
Serbia,Novi Pazar,,,,,,
Russian Federation,Novoaleksandrovsk,,,,,,
Czechia,Novy Jicin,,,,,,
Uruguay,Nueva Helvecia,,,,,,
United Kingdom of Great Britain and Northern Ireland,Nuneaton,,,,,,
Japan,Obanazawa,,,,,,
Russian Federation,Oktyabrsk,,,,,,
Russian Federation,Oktyabrskiy,,,,,,
Peru,Morropon,,,,,,
Greece,Moskhaton,,,,,,
India,Mount Abu,,,,,,
Russian Federation,Mozdok,,,,,,
Russian Federation,Mozhga,,,,,,
India,Muddebihal,,,,,,
United Republic of Tanzania,Muheza,,,,,,
Zambia,Mumbwa,,,,,,
India,Mundgod,,,,,,
Indonesia,Muntilan,,,,,,
Russian Federation,Murom,,,,,,
India,Murshidabad,,,,,,
Switzerland,Muttenz,,,,,,
India,Muttupet,,,,,,
United Republic of Tanzania,Mvomero,,,,,,
Tunisia,Naftah,,,,,,
Japan,Namie,,,,,,
France,Nancy,,,,,,
India,Nangal,,,,,,
France,Chaumont,,,,,,
Russian Federation,Chernyshevsk,,,,,,
France,Chevilly Larue,,,,,,
United States of America,Chicago Ridge,,,,,,
United States of America,Chico,,,,,,
India,Chikmagalur,,,,,,
Japan,Chiryu,,,,,,
India,Chittaurgarh,,,,,,
Zambia,Choma,,,,,,
Peru,Chosica,,,,,,
India,Churhat,,,,,,
United States of America,Cicero,,,,,,
Indonesia,Ciparay,,,,,,
Italy,Ciro Marina,,,,,,
France,Claye Souilly,,,,,,
United States of America,Commerce City,,,,,,
Belgium,Aarschot,,,,,,
Japan,Abashiri,,,,,,
United States of America,Abington,,,,,,
Sudan,Abu Zabad,,,,,,
Italy,Adrano,,,,,,
Germany,Aerzen,,,,,,
United States of America,Agawam,,,,,,
Italy,Agliana,,,,,,
India,Akalkot,,,,,,
Unknown,Akcakoca,,,,,,
Turkmenistan,Akdepe,,,,,,
Turkey,Akhisar,,,,,,
United States of America,Albany,,,,,,
United States of America,Albuquerque,,,,,,
Spain,Alcala La Real,,,,,,
Unknown,Alcudia,,,,,,
Germany,Alfter,,,,,,
Portugal,Alges,,,,,,
Uzbekistan,Almazar,,,,,,
Portugal,Canecas,,,,,,
United States of America,Canyon Lake,,,,,,
Italy,Cardito,,,,,,
Italy,Casale Monferrato,,,,,,
Peru,Casma,,,,,,
Italy,Castellaneta,,,,,,
Italy,Castiglione Delle Stiviere,,,,,,
Chile,Castro,,,,,,
Peru,Catacaos,,,,,,
United States of America,Catonsville,,,,,,
Italy,Ceglie Messapica,,,,,,
United States of America,Celina,,,,,,
Italy,Cerreto Guidi,,,,,,
United Republic of Tanzania,Chala,,,,,,
Pakistan,Chambar,,,,,,
United States of America,Champaign,,,,,,
Mauritius,Baie Du Tombeau,,,,,,
China,Baisha,,,,,,
United States of America,Baker,,,,,,
Russian Federation,Balashikha,,,,,,
United States of America,Ballwin,,,,,,
Malaysia,Bandar Maharani,,,,,,
Thailand,Bang Kruai,,,,,,
Thailand,Bang Len,,,,,,
Brazil,Barueri,,,,,,
Ukraine,Bashtanka,,,,,,
Italy,Bassano Del Grappa,,,,,,
Sri Lanka,Battaramulla,,,,,,
United States of America,Bayonne,,,,,,
Russian Federation,Bazhovo,,,,,,
Malaysia,Beaufort,,,,,,
United States of America,Broomfield,,,,,,
Czechia,Bruntal,,,,,,
Germany,Budingen,,,,,,
Philippines,Buenlag,,,,,,
Romania,Buftea,,,,,,
Romania,Bumbesti Jiu,,,,,,
United Kingdom of Great Britain and Northern Ireland,Burnley,,,,,,
Germany,Burstadt,,,,,,
Russian Federation,Buzuluk,,,,,,
Viet Nam,Ca Mau,,,,,,
Philippines,Cabayangan,,,,,,
Brazil,Cabo Frio,,,,,,
Philippines,Cadiz,,,,,,
Brazil,Caieiras,,,,,,
Peru,Cajabamba,,,,,,
Brazil,Camaqua,,,,,,
Brazil,Camaragibe,,,,,,
United States of America,Camarillo,,,,,,
United Kingdom of Great Britain and Northern Ireland,Cambridge,,,,,,
Brazil,Campo Formoso,,,,,,
Guatemala,Colomba,,,,,,
Brazil,Conselheiro Pena,,,,,,
Chile,Coquimbo,,,,,,
Romania,Costesti,,,,,,
Germany,Crailsheim,,,,,,
Italy,Crispiano,,,,,,
Brazil,Cruzeiro Do Oeste,,,,,,
Venezuela (Bolivarian Republic of),Cua,,,,,,
Dominican Republic,Dajabon,,,,,,
United States of America,Teaneck,,,,,,
Indonesia,Tegal,,,,,,
India,Tekanpur,,,,,,
Kazakhstan,Tekeli,,,,,,
Brazil,Terra Boa,,,,,,
Mexico,Texcoco,,,,,,
Pakistan,Thatta,,,,,,
Colombia,Tibu,,,,,,
Brazil,Timbauba,,,,,,
Guatemala,Tiquisate,,,,,,
India,Tiruchchirappalli,,,,,,
Unknown,Titusville,,,,,,
Mexico,Tlaxcoapan,,,,,,
Unknown,Togitsu,,,,,,
Japan,Tokyo,,,,,,
Japan,Tomioka,,,,,,
Spain,Torremolinos,,,,,,
China,Toufen,,,,,,
Italy,Triggiano,,,,,,
Madagascar,Tsihombe,,,,,,
Indonesia,Tuban,,,,,,
Mexico,Tultitlan,,,,,,
China,Tungkang,,,,,,
India,Tuni,,,,,,
Brazil,Tupi Paulista,,,,,,
India,Tura,,,,,,
Belgium,Turnhout,,,,,,
Germany,Uelzen,,,,,,
United Republic of Tanzania,Uvinza,,,,,,
Latvia,Valga,,,,,,
India,Varangaon,,,,,,
Brazil,Vargem Grande,,,,,,
Serbia,Velika Plana,,,,,,
Unknown,Velsen,,,,,,
Netherlands,Venlo,,,,,,
Mexico,Venustiano Carranza,,,,,,
Argentina,Viedma,,,,,,
Russian Federation,Engels,,,,,,
United States of America,Enid,,,,,,
India,Erattupetta,,,,,,
Kazakhstan,Esil,,,,,,
Brazil,Esperanca,,,,,,
Brazil,Espinosa,,,,,,
Peru,Eten,,,,,,
United States of America,Excelsior Springs,,,,,,
United Kingdom of Great Britain and Northern Ireland,Falkirk,,,,,,
China,Fengxian,,,,,,
United States of America,Ferry Pass,,,,,,
Madagascar,Fianarantsoa,,,,,,
Ethiopia,Fiche,,,,,,
Italy,Foggia,,,,,,
France,Fontenay Sous Bois,,,,,,
Cameroon,Foumban,,,,,,
United States of America,Fountain Valley,,,,,,
United States of America,Franklin,,,,,,
Japan,Fukiage,,,,,,
Japan,Fukue,,,,,,
United States of America,Galion,,,,,,
China,Gaozhou,,,,,,
Burkina Faso,Garango,,,,,,
France,Garches,,,,,,
United States of America,Garden City,,,,,,
United States of America,Gardena,,,,,,
Brazil,Garibaldi,,,,,,
Colombia,Garzon,,,,,,
Indonesia,Gebog,,,,,,
Belgium,Gembloux,,,,,,
Netherlands,Gendringen,,,,,,
Russian Federation,Georgievsk,,,,,,
India,Ghazipur,,,,,,
Philippines,Dalipuga,,,,,,
Poland,Darlowo,,,,,,
India,Daund,,,,,,
United States of America,Delray Beach,,,,,,
United States of America,Derby,,,,,,
Brazil,Descalvado,,,,,,
Nepal,Dharan,,,,,,
India,Dhaulpur,,,,,,
India,Dhrangadhra,,,,,,
Netherlands,Diemen,,,,,,
Belgium,Diest,,,,,,
Germany,Dietzenbach,,,,,,
Unknown,Dinard,,,,,,
United Republic of Tanzania,Dodoma,,,,,,
Italy,Domodossola,,,,,,
Brazil,Dracena,,,,,,
Norway,Drobak,,,,,,
United States of America,Dublin,,,,,,
Belgium,Duffel,,,,,,
United Kingdom of Great Britain and Northern Ireland,Dundee,,,,,,
United States of America,Eagan,,,,,,
United States of America,East Brainerd,,,,,,
United States of America,East Hartford,,,,,,
Japan,Ebina,,,,,,
United Kingdom of Great Britain and Northern Ireland,Eccles,,,,,,
Germany,Edewecht,,,,,,
Germany,Edingen Neckarhausen,,,,,,
Spain,El Ejido,,,,,,
Mexico,El Mante,,,,,,
Honduras,El Paraiso,,,,,,
Honduras,El Progreso,,,,,,
Spain,El Vendrell,,,,,,
Russian Federation,Elban,,,,,,
Lithuania,Elektrenai,,,,,,
Ghana,Elmina,,,,,,
Kazakhstan,Emba,,,,,,
Germany,Rothenbach,,,,,,
United States of America,Round Rock,,,,,,
United States of America,Rubidoux,,,,,,
Germany,Ruthen,,,,,,
India,Sadri,,,,,,
Russian Federation,Safonovo,,,,,,
Russian Federation,Sagopshi,,,,,,
France,Saint Malo,,,,,,
Pakistan,Sakrand,,,,,,
Canada,Salaberry De Valleyfield,,,,,,
Italy,Salemi,,,,,,
Brazil,Salgueiro,,,,,,
Russian Federation,Samara,,,,,,
India,Sambalpur,,,,,,
India,Sambhal,,,,,,
India,Sonamura,,,,,,
Denmark,Sonderborg,,,,,,
Germany,Spaichingen,,,,,,
United States of America,Spencer,,,,,,
Unknown,Split,,,,,,
Netherlands,Stadskanaal,,,,,,
Uzbekistan,Stantsiya Gorchakovo,,,,,,
United States of America,Statesville,,,,,,
Germany,Stein,,,,,,
Russian Federation,Stroitel,,,,,,
Republic of North Macedonia,Strumica,,,,,,
Spain,Sueca,,,,,,
Japan,Sugito,,,,,,
India,Sumbal,,,,,,
Japan,Sumoto,,,,,,
Italy,Piacenza,,,,,,
United States of America,Picayune,,,,,,
Brazil,Picui,,,,,,
United States of America,Pinellas Park,,,,,,
Brazil,Pinheiro,,,,,,
Brazil,Pio Xii,,,,,,
Italy,Piossasco,,,,,,
Brazil,Piracicaba,,,,,,
Brazil,Piritiba,,,,,,
Czechia,Pisek,,,,,,
Russian Federation,Pitkyaranta,,,,,,
United States of America,Plainfield,,,,,,
France,Poitiers,,,,,,
Ukraine,Poltava,,,,,,
Thailand,Pong,,,,,,
India,Ponneri,,,,,,
Italy,Pontassieve,,,,,,
United States of America,Port Hueneme,,,,,,
Unknown,Port De Bouc,,,,,,
Italy,Potenza,,,,,,
Mexico,Progreso Industrial,,,,,,
Russian Federation,Psebay,,,,,,
Unknown,Pulupandan,,,,,,
India,Pundri,,,,,,
Chile,Purranque,,,,,,
Syrian Arab Republic,Qatana,,,,,,
Colombia,Quibdo,,,,,,
Poland,Radlin,,,,,,
India,Rahuri,,,,,,
India,Raikot,,,,,,
India,Rajsamand,,,,,,
United States of America,Ramsey,,,,,,
India,Ramtek,,,,,,
Germany,Raubling,,,,,,
United Kingdom of Great Britain and Northern Ireland,Redcar,,,,,,
United States of America,Rehoboth,,,,,,
United Kingdom of Great Britain and Northern Ireland,Reigate,,,,,,
Germany,Reinbek,,,,,,
Finland,Riihimaki,,,,,,
Mexico,Rincon De Romos,,,,,,
Uruguay,Rio Branco,,,,,,
Brazil,Rio Das Pedras,,,,,,
United States of America,Rio Grande City,,,,,,
Spain,Ripoll,,,,,,
India,Risod,,,,,,
United States of America,Riverside,,,,,,
Ecuador,Rocafuerte,,,,,,
France,Roche La Moliere,,,,,,
Sierra Leone,Rokupr,,,,,,
Kenya,Rongai,,,,,,
Poland,Olsztyn,,,,,,
Japan,Onomichi,,,,,,
United States of America,Opportunity,,,,,,
Namibia,Oshakati,,,,,,
United States of America,Ossining,,,,,,
Mexico,Ozumba,,,,,,
South Africa,Paarl,,,,,,
Russian Federation,Pallasovka,,,,,,
United States of America,Palm Desert,,,,,,
Spain,Palma,,,,,,
Cuba,Palmira,,,,,,
United States of America,Palos Heights,,,,,,
Indonesia,Pamanukan,,,,,,
Unknown,Pambujan,,,,,,
Brazil,Panelas,,,,,,
Unknown,Papara,,,,,,
India,Parola,,,,,,
Italy,Partinico,,,,,,
United States of America,Pasco,,,,,,
India,Pasighat,,,,,,
Brazil,Passira,,,,,,
United States of America,Pearl City,,,,,,
Brazil,Coelho Neto,,,,,,
Guatemala,Comalapa,,,,,,
Dominican Republic,Constanza,,,,,,
Mexico,Contla,,,,,,
Italy,Corato,,,,,,
United States of America,Crystal Lake,,,,,,
India,Dahanu,,,,,,
Serbia,Pec,,,,,,
Romania,Pechea,,,,,,
United Kingdom of Great Britain and Northern Ireland,Penicuik,,,,,,
United States of America,Pennsville,,,,,,
United States of America,Pensacola,,,,,,
India,Perambalur,,,,,,
Cuba,Perico,,,,,,
United States of America,Perry Hall,,,,,,
Haiti,Petit Goave,,,,,,
Thailand,Phayuha Khiri,,,,,,
France,Marignane,,,,,,
France,Marly,,,,,,
Madagascar,Marovoay,,,,,,
Switzerland,Martigny,,,,,,
Japan,Marugame,,,,,,
Brazil,Maues,,,,,,
India,Mayang Imphal,,,,,,
United States of America,Mayfield Heights,,,,,,
Myanmar,Maymyo,,,,,,
Bangladesh,Mehendiganj,,,,,,
Russian Federation,Melenki,,,,,,
Argentina,Mendoza,,,,,,
China,Mengyin,,,,,,
Indonesia,Merauke,,,,,,
Italy,Mercato San Severino,,,,,,
Germany,Merchweiler,,,,,,
United States of America,Midvale,,,,,,
United States of America,Milpitas,,,,,,
United States of America,Minneapolis,,,,,,
Russian Federation,Minyar,,,,,,
Brazil,Miracema Do Tocantins,,,,,,
Brazil,Miracema,,,,,,
Japan,Misawa,,,,,,
Japan,Mitsuke,,,,,,
Botswana,Mochudi,,,,,,
Chile,Molina,,,,,,
Brazil,Moncao,,,,,,
India,Monoharpur,,,,,,
Italy,Monselice,,,,,,
Italy,Montemurlo,,,,,,
India,Moram,,,,,,
Sri Lanka,Moratuwa,,,,,,
Malta,Mosta,,,,,,
Peru,Motupe,,,,,,
Kenya,Moyale,,,,,,
Mexico,Moyotzingo,,,,,,
Turkey,Mut,,,,,,
Cameroon,Muyuka,,,,,,
Czechia,Nachod,,,,,,
Iran (Islamic Republic of),Nahavand,,,,,,
Canada,Nanticoke,,,,,,
India,Kanchrapara,,,,,,
Togo,Kande,,,,,,
India,Kanth,,,,,,
China,Kaohsiung,,,,,,
Indonesia,Karanganom,,,,,,
Russian Federation,Kasimov,,,,,,
Georgia,Kaspi,,,,,,
India,Kayattar,,,,,,
India,Kesinga,,,,,,
India,Khanapur,,,,,,
Nepal,Khandbari,,,,,,
Tunisia,Duz,,,,,,
United States of America,East Brunswick,,,,,,
United States of America,East Hemet,,,,,,
United States of America,East Lake,,,,,,
Belgium,Edegem,,,,,,
Spain,Eibar,,,,,,
Nigeria,Ekpoma,,,,,,
Guatemala,El Estor,,,,,,
Spain,El Puerto De Santa Maria,,,,,,
Colombia,El Zulia,,,,,,
United States of America,Elk Grove Village,,,,,,
United States of America,Ellensburg,,,,,,
United States of America,Dothan,,,,,,
Germany,Drochtersen,,,,,,
Ukraine,Dunayivtsi,,,,,,
Brazil,Marilia,,,,,,
Colombia,Mariquita,,,,,,
United States of America,Marshfield,,,,,,
Italy,Martina Franca,,,,,,
India,Mawana,,,,,,
Unknown,Maxixe,,,,,,
Unknown,Mazatlan,,,,,,
Kingdom of Eswatini,Mbabane,,,,,,
Central African Republic,Mbaiki,,,,,,
Switzerland,Meilen,,,,,,
Germany,Meitingen,,,,,,
Poland,Miechow,,,,,,
Cameroon,Mindif,,,,,,
Japan,Mizusawa,,,,,,
Gabon,Moanda,,,,,,
United States of America,Modesto,,,,,,
Italy,Mola Di Bari,,,,,,
Kenya,Mombasa,,,,,,
Cameroon,Monatele,,,,,,
Italy,Mondolfo,,,,,,
Unknown,Monster,,,,,,
Dominican Republic,Monte Plata,,,,,,
Italy,Montecorvino Rovella,,,,,,
Jamaica,Montego Bay,,,,,,
Netherlands,Montfoort,,,,,,
France,Montigny En Gohelle,,,,,,
Portugal,Montijo,,,,,,
Honduras,Morazan,,,,,,
Japan,Menuma,,,,,,
Unknown,Mergui,,,,,,
United States of America,Metairie,,,,,,
United Republic of Tanzania,Mgandu,,,,,,
Peru,Abancay,,,,,,
Brazil,Agrestina,,,,,,
Brazil,Aguas Belas,,,,,,
Côte d'Ivoire,Akoupe,,,,,,
India,Alangulam,,,,,,
India,Alappuzha,,,,,,
United States of America,Albert Lea,,,,,,
Spain,Alcala De Henares,,,,,,
Spain,Alcaniz,,,,,,
Spain,Alcantarilla,,,,,,
Spain,Alcorcon,,,,,,
Netherlands,Almere,,,,,,
China,Dali,,,,,,
Germany,Delbruck,,,,,,
Egypt,Deshna,,,,,,
India,Dhampur,,,,,,
India,Dharapuram,,,,,,
India,Digboi,,,,,,
United States of America,Dobbs Ferry,,,,,,
Sudan,Doka,,,,,,
Italy,Dolo,,,,,,
Russian Federation,Domodedovo,,,,,,
India,Khetia,,,,,,
Iran (Islamic Republic of),Khonsar,,,,,,
India,Khurai,,,,,,
Ethiopia,Kibre Mengist,,,,,,
Germany,Kierspe,,,,,,
United Republic of Tanzania,Kimamba,,,,,,
Russian Federation,Kingisepp,,,,,,
Russian Federation,Kizlyar,,,,,,
France,Kleinblittersdorf,,,,,,
Austria,Knittelfeld,,,,,,
India,Kolhapur,,,,,,
Russian Federation,Koltsovo,,,,,,
Japan,Komaki,,,,,,
Viet Nam,Kon Tum,,,,,,
India,Konnagar,,,,,,
Poland,Koronowo,,,,,,
Japan,Kosai,,,,,,
China,Kouqian,,,,,,
Russian Federation,Krasnoyarsk 45,,,,,,
India,Krishnarajpet,,,,,,
Germany,Krumbach,,,,,,
Unknown,Kuala Kedah,,,,,,
Malaysia,Kuala Lipis,,,,,,
Germany,Kulmbach,,,,,,
Sweden,Kungalv,,,,,,
Russian Federation,Kurchaloy,,,,,,
Estonia,Kuressaare,,,,,,
India,Kushtagi,,,,,,
Russian Federation,Kuvshinovo,,,,,,
China,Kuytun,,,,,,
Myanmar,Kyaukse,,,,,,
Spain,La Algaba,,,,,,
Dominican Republic,La Mata,,,,,,
United States of America,La Palma,,,,,,
United States of America,La Vista,,,,,,
South Africa,Lady Frere,,,,,,
Finland,Lahti,,,,,,
Germany,Laichingen,,,,,,
Ethiopia,Lalibela,,,,,,
India,Lalitpur,,,,,,
Nigeria,Lalupon,,,,,,
Dominican Republic,Las Matas De Farfan,,,,,,
Mexico,Las Varas,,,,,,
India,Latur,,,,,,
United Kingdom of Great Britain and Northern Ireland,Leatherhead,,,,,,
Poland,Leczyca,,,,,,
Italy,Leini,,,,,,
United States of America,Lemon Grove,,,,,,
United States of America,Lewisville,,,,,,
Philippines,Libog,,,,,,
Mexico,Linares,,,,,,
China,Linjiang,,,,,,
Democratic Republic of the Congo,Lisala,,,,,,
Bosnia and Herzegovina,Livno,,,,,,
Angola,Lobito,,,,,,
Russian Federation,Lobnya,,,,,,
Germany,Lollar,,,,,,
United States of America,Longview,,,,,,
United Kingdom of Great Britain and Northern Ireland,Louth,,,,,,
Germany,Lubbecke,,,,,,
Malawi,Luchenza,,,,,,
Bosnia and Herzegovina,Lukavac,,,,,,
Albania,Lushnje,,,,,,
Uganda,Luwero,,,,,,
Italy,Luzzi,,,,,,
China,Maanshan,,,,,,
Pakistan,Mach,,,,,,
India,Sarauli,,,,,,
Philippines,Saug,,,,,,
Russian Federation,Sayansk,,,,,,
Italy,Scalea,,,,,,
Italy,Scorze,,,,,,
United States of America,Scott Lake,,,,,,
United States of America,Scottsdale,,,,,,
Germany,Selm,,,,,,
India,Seoni,,,,,,
India,Serchhip,,,,,,
Russian Federation,Serpukhov,,,,,,
Armenia,Sevan,,,,,,
United States of America,Seven Hills,,,,,,
Colombia,Sevilla,,,,,,
Bulgaria,Sevlievo,,,,,,
India,Shamgarh,,,,,,
China,Shaoyang,,,,,,
Italy,Somma Vesuviana,,,,,,
India,Sonegaon,,,,,,
China,Songjianghe,,,,,,
Iran (Islamic Republic of),Sonqor,,,,,,
Russian Federation,Sortavala,,,,,,
United States of America,South Elgin,,,,,,
South Africa,Springbok,,,,,,
Italy,Squinzano,,,,,,
South Africa,Stellenbosch,,,,,,
United Kingdom of Great Britain and Northern Ireland,Stockport,,,,,,
United States of America,Stratford,,,,,,
Bolivia (Plurinational State of),Sucre,,,,,,
Germany,Suhl,,,,,,
Germany,Sulingen,,,,,,
Costa Rica,San Diego,,,,,,
Dominican Republic,San Jose De Ocoa,,,,,,
Mexico,San Juan De La Vega,,,,,,
Guatemala,San Juan Sacatepequez,,,,,,
Guatemala,San Lucas Sacatepequez,,,,,,
Venezuela (Bolivarian Republic of),San Mateo,,,,,,
Nicaragua,San Rafael Del Sur,,,,,,
Philippines,Sangali,,,,,,
India,Sankrail,,,,,,
Austria,Sankt Andra,,,,,,
Brazil,Santa Cruz Do Sul,,,,,,
Brazil,Santa Luzia,,,,,,
India,Sanwer,,,,,,
Brazil,Sao Manuel,,,,,,
India,Baidyabati,,,,,,
Slovakia,Balassagyarmat,,,,,,
Republic of Moldova,Balti,,,,,,
Thailand,Bang Pakong,,,,,,
Thailand,Bang Yai,,,,,,
India,Banka,,,,,,
Pakistan,Bannu,,,,,,
India,Baramati,,,,,,
India,Barwala,,,,,,
India,Baswa,,,,,,
Brazil,Batatais,,,,,,
Australia,Batemans Bay,,,,,,
Cameroon,Batouri,,,,,,
United States of America,Battle Creek,,,,,,
Spain,Baza,,,,,,
United States of America,Beaumont,,,,,,
Indonesia,Bekasi,,,,,,
Mauritius,Bel Air,,,,,,
Brazil,Belem De Sao Francisco,,,,,,
Turkey,Belen,,,,,,
Switzerland,Bellinzona,,,,,,
India,Berasia,,,,,,
Albania,Berat,,,,,,
Belgium,Beveren,,,,,,
India,Bhavnagar,,,,,,
India,Bhikhi,,,,,,
India,Bilgram,,,,,,
India,Bindki,,,,,,
Germany,Bitterfeld,,,,,,
United States of America,Bixby,,,,,,
United States of America,Blacksburg,,,,,,
Poland,Bochnia,,,,,,
Germany,Bockenem,,,,,,
Poland,Bogatynia,,,,,,
Russian Federation,Bolshaya Glushitsa,,,,,,
Russian Federation,Bolshoy Kamen,,,,,,
Uganda,Bombo,,,,,,
United States of America,Bon Air,,,,,,
France,Bondy,,,,,,
Ethiopia,Bonga,,,,,,
Russian Federation,Borovsk,,,,,,
Turkey,Boyabat,,,,,,
Uzbekistan,Boz,,,,,,
South Africa,Breyten,,,,,,
Mexico,Buenos Aires,,,,,,
Australia,Burnie,,,,,,
Spain,Burriana,,,,,,
Turkey,Bursa,,,,,,
United Kingdom of Great Britain and Northern Ireland,Bury,,,,,,
Mexico,Caborca,,,,,,
Germany,Cadolzburg,,,,,,
India,Calcutta,,,,,,
Italy,Calenzano,,,,,,
Brazil,Camacari,,,,,,
Australia,Canberra,,,,,,
Brazil,Capinzal,,,,,,
Brazil,Capivari,,,,,,
Portugal,Carnaxide,,,,,,
Venezuela (Bolivarian Republic of),Carrizal,,,,,,
France,Carvin,,,,,,
United States of America,Cary,,,,,,
Spain,Castro Urdiales,,,,,,
Italy,Cercola,,,,,,
Trinidad and Tobago,Chaguanas,,,,,,
Guatemala,Chajul,,,,,,
India,Chakia,,,,,,
India,Champdani,,,,,,
