Country,City,Unnamed: 2,Unnamed: 3,Unnamed: 4,Unnamed: 5,Unnamed: 6,Unnamed: 7
United Republic of Tanzania,Masoko,,,,,,
United Republic of Tanzania,Mbeya,,,,,,
Germany,Meinerzhagen,,,,,,
Philippines,Mendez,,,,,,
Japan,Misato,,,,,,
Italy,Misilmeri,,,,,,
United Republic of Tanzania,Mlimba,,,,,,
India,Modasa,,,,,,
Italy,Montefiascone,,,,,,
Italy,Montelupo Fiorentino,,,,,,
Hungary,Mosonmagyarovar,,,,,,
India,Mudkhed,,,,,,
Turkey,Mus,,,,,,
Brazil,Mutum,,,,,,
Mexico,Nacozari,,,,,,
Morocco,Nador,,,,,,
India,Nagod,,,,,,
Thailand,Nam Phong,,,,,,
India,Nandigama,,,,,,
United States of America,Naperville,,,,,,
Benin,Natitingou,,,,,,
Italy,Nave,,,,,,
Sri Lanka,Nawalapitiya,,,,,,
Netherlands,Neede,,,,,,
China,Nenjiang,,,,,,
Unknown,Nileshwar,,,,,,
China,Ninghai,,,,,,
Cameroon,Nkoteng,,,,,,
United States of America,Northfield,,,,,,
Poland,Nowy Tomysl,,,,,,
Ghana,Nsawam,,,,,,
United Republic of Tanzania,Nyakahanga,,,,,,
Russian Federation,Nytva,,,,,,
Mexico,Oaxaca,,,,,,
Unknown,Obama,,,,,,
France,Oissel,,,,,,
Congo,Owando,,,,,,
Bangladesh,Palang,,,,,,
Philippines,Palayan,,,,,,
India,Paliyad,,,,,,
Unknown,Pattani,,,,,,
Brazil,Pederneiras,,,,,,
Pakistan,Phalia,,,,,,
United States of America,Macon,,,,,,
Burundi,Makamba,,,,,,
United States of America,Kings Park,,,,,,
Hungary,Kisujszallas,,,,,,
United Republic of Tanzania,Kitangari,,,,,,
Japan,Koga,,,,,,
Japan,Komatsushima,,,,,,
Finland,Kotka,,,,,,
Russian Federation,Krasnokamensk,,,,,,
Russian Federation,Krasnokumskoye,,,,,,
India,Kumhari,,,,,,
Peru,La Oroya,,,,,,
Spain,La Solana,,,,,,
Germany,Leinfelden Echterdingen,,,,,,
Russian Federation,Leninogorsk,,,,,,
United States of America,Lenoir,,,,,,
Belgium,Leopoldsburg,,,,,,
China,Liangxiang,,,,,,
United States of America,Libertyville,,,,,,
Zambia,Luanshya,,,,,,
United States of America,Lubbock,,,,,,
United States of America,Lumberton,,,,,,
Germany,Luneburg,,,,,,
United States of America,Macedonia,,,,,,
Kenya,Sirari,,,,,,
India,Sirsilla,,,,,,
India,Sivagiri,,,,,,
Germany,Rosbach,,,,,,
Germany,Rosenheim,,,,,,
Russian Federation,Rossosh,,,,,,
Italy,Rutigliano,,,,,,
Austria,Saalfelden,,,,,,
France,Saint Avold,,,,,,
France,Sainte Genevieve Des Bois,,,,,,
Mexico,San Juan Del Rio,,,,,,
India,Sancoale,,,,,,
Brazil,Santa Cruz Do Rio Pardo,,,,,,
Spain,Santona,,,,,,
Brazil,Sao Domingos Do Maranhao,,,,,,
Brazil,Sao Joao Evangelista,,,,,,
Brazil,Sao Marcos,,,,,,
India,Ranibennur,,,,,,
Argentina,Rio Tercero,,,,,,
Ecuador,Riobamba,,,,,,
Liberia,Robertsport,,,,,,
Italy,Piazza Armerina,,,,,,
Brazil,Pirai,,,,,,
France,Plouzane,,,,,,
Canada,Port Hope,,,,,,
Egypt,Port Said,,,,,,
Unknown,Porto Torres,,,,,,
Indonesia,Purwokerto,,,,,,
France,Puteaux,,,,,,
India,Qadian,,,,,,
India,Ramganj Mandi,,,,,,
Brazil,Gloria Do Goita,,,,,,
India,Godda,,,,,,
Brazil,Governador Valadares,,,,,,
Argentina,Goya,,,,,,
United States of America,Granite City,,,,,,
Austria,Graz,,,,,,
United States of America,Greenbelt,,,,,,
Brazil,Guarabira,,,,,,
Uzbekistan,Guliston,,,,,,
India,Guntakal,,,,,,
Pakistan,Hala,,,,,,
India,Haliyal,,,,,,
Japan,Hamamatsu,,,,,,
Germany,Heinsberg,,,,,,
Netherlands,Helmond,,,,,,
Sri Lanka,Hendala,,,,,,
Germany,Hennigsdorf,,,,,,
Germany,Herford,,,,,,
United States of America,Hopatcong,,,,,,
United States of America,Horsham,,,,,,
China,Huaibei,,,,,,
Brazil,Ibia,,,,,,
India,Idappadi,,,,,,
Germany,Illingen,,,,,,
Spain,Illora,,,,,,
Russian Federation,Irbit,,,,,,
Brazil,Itapipoca,,,,,,
Russian Federation,Ivangorod,,,,,,
Russian Federation,Izhevsk,,,,,,
United States of America,Jacksonville Beach,,,,,,
India,Jalalpur,,,,,,
India,Jaspur,,,,,,
Indonesia,Jatiroto,,,,,,
China,Jiamusi,,,,,,
Romania,Jilava,,,,,,
China,Jimo,,,,,,
Estonia,Johvi,,,,,,
United States of America,Jupiter,,,,,,
Honduras,Juticalpa,,,,,,
China,Kaifeng,,,,,,
Russian Federation,Kamenka,,,,,,
Kenya,Kangundo,,,,,,
Turkey,Karaman,,,,,,
India,Karimganj,,,,,,
India,Kasaragod,,,,,,
Sudan,Kassala,,,,,,
Mali,Kati,,,,,,
Japan,Kawai,,,,,,
Indonesia,Kefamenanu,,,,,,
India,Kenda,,,,,,
United States of America,Kentwood,,,,,,
India,Khambhat,,,,,,
India,Bahsuma,,,,,,
Thailand,Bang Phae,,,,,,
Indonesia,Banyuwangi,,,,,,
France,Bar Le Duc,,,,,,
Brazil,Barreiras,,,,,,
China,Beihai,,,,,,
India,Bellary,,,,,,
India,Belur,,,,,,
Croatia,Bjelovar,,,,,,
Russian Federation,Bogoroditsk,,,,,,
Brazil,Bom Despacho,,,,,,
Russian Federation,Bor,,,,,,
Republic of North Macedonia,Bosilovo,,,,,,
Central African Republic,Bouca,,,,,,
South Africa,Bredasdorp,,,,,,
Netherlands,Brummen,,,,,,
Spain,Calatayud,,,,,,
Italy,Campiglia Marittima,,,,,,
Cuba,Cardenas,,,,,,
Brazil,Carlos Chagas,,,,,,
France,Carrieres Sous Poissy,,,,,,
Brazil,Cassia,,,,,,
India,Chalala,,,,,,
India,Chamba,,,,,,
Cuba,Chambas,,,,,,
China,Changde,,,,,,
United Republic of Tanzania,Chanika,,,,,,
India,Charkhi Dadri,,,,,,
France,Chateau Gontier,,,,,,
France,Chaville,,,,,,
Russian Federation,Chelyabinsk 40,,,,,,
India,Cherrapunji,,,,,,
Peru,Chicama,,,,,,
Colombia,Circasia,,,,,,
United States of America,Citrus Park,,,,,,
El Salvador,Ciudad Arce,,,,,,
India,Clement Town,,,,,,
United Kingdom of Great Britain and Northern Ireland,Aberdare,,,,,,
Russian Federation,Achkhoy Martan,,,,,,
Italy,Albano Laziale,,,,,,
Italy,Anguillara Sabazia,,,,,,
United States of America,Apple Valley,,,,,,
Mexico,Ario,,,,,,
Greece,Arta,,,,,,
Belgium,Asse,,,,,,
Japan,Eniwa,,,,,,
South Africa,Ermelo,,,,,,
Russian Federation,Ertil,,,,,,
Germany,Eschborn,,,,,,
Cameroon,Eseka,,,,,,
Brazil,Estreito,,,,,,
United States of America,Euless,,,,,,
Unknown,Exmouth,,,,,,
Sweden,Solna,,,,,,
Portugal,Fafe,,,,,,
Colombia,Sonson,,,,,,
Morocco,Fez,,,,,,
Turkey,Sorgun,,,,,,
United States of America,Speedway,,,,,,
United States of America,State College,,,,,,
Tunisia,Subaytilah,,,,,,
Unknown,Gaeta,,,,,,
United Kingdom of Great Britain and Northern Ireland,Gainsborough,,,,,,
Indonesia,Gamping,,,,,,
Germany,Ganderkesee,,,,,,
France,Gap,,,,,,
Brazil,Garca,,,,,,
Armenia,Gavar,,,,,,
Germany,Gengenbach,,,,,,
Germany,Gernsbach,,,,,,
India,Giddalur,,,,,,
Philippines,Davao,,,,,,
France,Dax,,,,,,
Netherlands,Deventer,,,,,,
India,Dhamnod,,,,,,
Brazil,Dois Corregos,,,,,,
Romania,Draganesti Olt,,,,,,
Russian Federation,Drezna,,,,,,
Republic of Moldova,Drochia,,,,,,
Venezuela (Bolivarian Republic of),El Tocuyo,,,,,,
Germany,Emsdetten,,,,,,
France,Compiegne,,,,,,
United States of America,Coram,,,,,,
Italy,Correggio,,,,,,
Turkey,Corum,,,,,,
United States of America,Council Bluffs,,,,,,
Brazil,Custodia,,,,,,
Azerbaijan,Saray,,,,,,
Germany,Schwelm,,,,,,
Brazil,Serrinha,,,,,,
United States of America,Severn,,,,,,
Italy,Imola,,,,,,
Japan,Inuyama,,,,,,
Brazil,Ipero,,,,,,
Brazil,Itacoatiara,,,,,,
Czechia,Jesenik,,,,,,
Brazil,Jucas,,,,,,
India,Junagadh,,,,,,
Pakistan,Kahuta,,,,,,
Japan,Kakuda,,,,,,
Pakistan,Kalat,,,,,,
Serbia,Kaluderica,,,,,,
India,Kankon,,,,,,
United Republic of Tanzania,Katoro,,,,,,
Switzerland,Hinwil,,,,,,
Germany,Hunxe,,,,,,
India,Khed Brahma,,,,,,
Germany,Kirchlinteln,,,,,,
Poland,Klobuck,,,,,,
Japan,Kodama,,,,,,
Turkey,Korfez,,,,,,
India,Kosamba,,,,,,
United States of America,Shenandoah,,,,,,
China,Shenxian,,,,,,
Japan,Shiki,,,,,,
South Africa,Kriel,,,,,,
China,Shuiji,,,,,,
Thailand,Si Satchanalai,,,,,,
Guinea,Siguiri,,,,,,
United Republic of Tanzania,Kyaka,,,,,,
Spain,La Puebla De Cazalla,,,,,,
Indonesia,Labuhan,,,,,,
Belgium,Sint Genesius Rode,,,,,,
India,Siolim,,,,,,
India,Sirmaur,,,,,,
India,Laharpur,,,,,,
United States of America,Lake Shore,,,,,,
Russian Federation,Skovorodino,,,,,,
Serbia,Smederevska Palanka,,,,,,
Greece,Lamia,,,,,,
Germany,Langen,,,,,,
Viet Nam,Lao Cai,,,,,,
Philippines,Laoag,,,,,,
Mexico,Laredo,,,,,,
Germany,Leonberg,,,,,,
France,Les Pavillons Sous Bois,,,,,,
Italy,Leverano,,,,,,
India,Narwar,,,,,,
Russian Federation,Nevyansk,,,,,,
United States of America,New Philadelphia,,,,,,
New Zealand,New Plymouth,,,,,,
India,Neyyattinkara,,,,,,
Indonesia,Nganjuk,,,,,,
Germany,Nidda,,,,,,
Japan,Nihommatsu,,,,,,
United States of America,North Berwick,,,,,,
Burkina Faso,Nouna,,,,,,
Brazil,Nova Prata,,,,,,
Russian Federation,Novokuznetsk,,,,,,
Unknown,Nuevitas,,,,,,
Japan,Obihiro,,,,,,
Germany,Oerlinghausen,,,,,,
United States of America,Oil City,,,,,,
Netherlands,Oisterwijk,,,,,,
Germany,Erlensee,,,,,,
United States of America,Escondido,,,,,,
Mexico,Ezequiel Montes,,,,,,
United States of America,Fair Oaks,,,,,,
United States of America,Fairview Shores,,,,,,
India,Faridpur,,,,,,
Brazil,Franco Da Rocha,,,,,,
United States of America,Freeport,,,,,,
China,Fujin,,,,,,
Japan,Fukagawa,,,,,,
Brazil,Fundao,,,,,,
China,Fushan,,,,,,
Germany,Gardelegen,,,,,,
Israel,Gedera,,,,,,
Spain,Getafe,,,,,,
Italy,Gioia Del Colle,,,,,,
United States of America,Dallas,,,,,,
Iran (Islamic Republic of),Damavand,,,,,,
Turkmenistan,Dasoguz,,,,,,
Philippines,Del Pilar,,,,,,
Netherlands,Denekamp,,,,,,
Bangladesh,Dhamrai,,,,,,
Russian Federation,Dmitrov,,,,,,
Germany,Donaueschingen,,,,,,
Brazil,Dores Do Indaia,,,,,,
United Kingdom of Great Britain and Northern Ireland,Droylsden,,,,,,
China,Ducheng,,,,,,
United States of America,East Chicago,,,,,,
Greece,Edessa,,,,,,
Hungary,Eger,,,,,,
Spain,El Viso Del Alcor,,,,,,
United States of America,Rancho Cordova,,,,,,
India,Raurkela,,,,,,
Italy,Recanati,,,,,,
China,Renqiu,,,,,,
Republic of Moldova,Rezina,,,,,,
United States of America,Richfield,,,,,,
Netherlands,Rijssen,,,,,,
Philippines,Placer,,,,,,
Spain,Pozoblanco,,,,,,
China,Qingyuan,,,,,,
Israel,Qiryat Ono,,,,,,
Germany,Quedlinburg,,,,,,
South Africa,Queenstown,,,,,,
Azerbaijan,Qusar,,,,,,
India,Rahimatpur,,,,,,
United States of America,Ontario,,,,,,
Spain,Orihuela,,,,,,
Germany,Ottobrunn,,,,,,
Mexico,Pabellon De Arteaga,,,,,,
Cyprus,Pafos,,,,,,
United States of America,Palestine,,,,,,
United States of America,Palm City,,,,,,
United States of America,Palmer,,,,,,
Pakistan,Pattoki,,,,,,
India,Pedana,,,,,,
Russian Federation,Petrov Val,,,,,,
India,Banda,,,,,,
Iran (Islamic Republic of),Baneh,,,,,,
Colombia,Barbosa,,,,,,
Brazil,Barra Mansa,,,,,,
Japan,Ashikaga,,,,,,
Italy,Atessa,,,,,,
United States of America,Atlantic Beach,,,,,,
Romania,Avrig,,,,,,
China,Babu,,,,,,
Germany,Bad Wildungen,,,,,,
Mexico,Altepexi,,,,,,
Indonesia,Ambon,,,,,,
Brazil,Americana,,,,,,
Peru,Andahuaylas,,,,,,
Turkey,Solhan,,,,,,
Russian Federation,Somovo,,,,,,
Canada,Sorel,,,,,,
United States of America,South Saint Paul,,,,,,
India,Sriperumbudur,,,,,,
Russian Federation,Strelna,,,,,,
Czechia,Studenka,,,,,,
Germany,Stuhr,,,,,,
Brazil,Uniao Da Victoria,,,,,,
Russian Federation,Uvarovo,,,,,,
Bolivia (Plurinational State of),Uyuni,,,,,,
India,Valavanur,,,,,,
Unknown,Valvedditturai,,,,,,
Russian Federation,Velikiy Novgorod,,,,,,
Greece,Veroia,,,,,,
India,Vetapalem,,,,,,
France,Vichy,,,,,,
Italy,Trezzo,,,,,,
Philippines,Tubod,,,,,,
China,Tumen,,,,,,
Hungary,Ujfeherto,,,,,,
India,Tori Fatehpur,,,,,,
Spain,Torrejon De Ardoz,,,,,,
Italy,Tortoli,,,,,,
Brazil,Eusebio,,,,,,
Belgium,Evergem,,,,,,
Iran (Islamic Republic of),Faridan,,,,,,
Tajikistan,Farkhor,,,,,,
United States of America,Fergus Falls,,,,,,
Italy,Erice,,,,,,
Colombia,Guapi,,,,,,
Bosnia and Herzegovina,Gorazde,,,,,,
India,Kotaparh,,,,,,
Indonesia,Kraksaan,,,,,,
Serbia,Kraljevo,,,,,,
Indonesia,Kroya,,,,,,
Malaysia,Kuantan,,,,,,
Japan,Kurashiki,,,,,,
Japan,Kusatsu,,,,,,
Russian Federation,Kyzyl,,,,,,
Unknown,La Ciotat,,,,,,
United States of America,La Grange,,,,,,
Switzerland,Lausanne,,,,,,
Zimbabwe,Marondera,,,,,,
Cuba,Matanzas,,,,,,
Japan,Matsusaka,,,,,,
United Republic of Tanzania,Mbinga,,,,,,
Germany,Merseburg,,,,,,
Spain,Malaga,,,,,,
India,Mancheral,,,,,,
Democratic Republic of the Congo,Mangai,,,,,,
Zambia,Mansa,,,,,,
France,Mantes La Ville,,,,,,
Mexico,Pichucalco,,,,,,
Ecuador,Pinas,,,,,,
Germany,Planegg,,,,,,
Germany,Porta Westfalica,,,,,,
Brazil,Porteirinha,,,,,,
Brazil,Porto Velho,,,,,,
Indonesia,Poso,,,,,,
Russian Federation,Yashkino,,,,,,
China,Zhanjiang,,,,,,
Burkina Faso,Ziniare,,,,,,
Poland,Zlotoryja,,,,,,
Belgium,Zoersel,,,,,,
Niger,Zinder,,,,,,
India,Susner,,,,,,
Namibia,Swakopmund,,,,,,
Niger,Tahoua,,,,,,
China,Taian,,,,,,
Unknown,Takoradi,,,,,,
Mexico,Tamazunchale,,,,,,
Russian Federation,Tambov,,,,,,
India,Taramangalam,,,,,,
Russian Federation,Tatsinskaya,,,,,,
Mexico,Teapa,,,,,,
Mexico,Tekax,,,,,,
Indonesia,Temanggung,,,,,,
Mozambique,Tete,,,,,,
India,Thiruvananthapuram,,,,,,
United Kingdom of Great Britain and Northern Ireland,Thornaby,,,,,,
United States of America,Tinton Falls,,,,,,
Turkey,Tire,,,,,,
Mexico,Tixkokob,,,,,,
Mexico,Tixtla,,,,,,
Mexico,Tlaquiltenango,,,,,,
Japan,Tochio,,,,,,
Indonesia,Weru,,,,,,
United Kingdom of Great Britain and Northern Ireland,West Bromwich,,,,,,
United States of America,Wethersfield,,,,,,
Belgium,Wichelen,,,,,,
Germany,Wiefelstede,,,,,,
Netherlands,Willemstad,,,,,,
United Kingdom of Great Britain and Northern Ireland,Winsford,,,,,,
Netherlands,Winterswijk,,,,,,
China,Wuchang,,,,,,
Greece,Xanthi,,,,,,
Mexico,Xicohtzinco,,,,,,
China,Yaan,,,,,,
Ecuador,Yaguachi,,,,,,
China,Yakeshi,,,,,,
Japan,Fukuroi,,,,,,
United States of America,Fulton,,,,,,
Pakistan,Gambat,,,,,,
India,Gandevi,,,,,,
Georgia,Gardabani,,,,,,
Germany,Garmisch Partenkirchen,,,,,,
India,Gauripur,,,,,,
Unknown,Gelibolu,,,,,,
France,Gennevillers,,,,,,
Iran (Islamic Republic of),Gerash,,,,,,
Japan,Shinjo,,,,,,
India,Sholavandan,,,,,,
Turkey,Silifke,,,,,,
Netherlands,Sint Anthonis,,,,,,
Netherlands,Slochteren,,,,,,
Egypt,Sohag,,,,,,
India,Sardhana,,,,,,
France,Selestat,,,,,,
Russian Federation,Serov,,,,,,
China,Longhua,,,,,,
United States of America,Los Alamos,,,,,,
Unknown,Luis Correia,,,,,,
United Republic of Tanzania,Lukuledi,,,,,,
Switzerland,Lustenau,,,,,,
Brazil,Luzilandia,,,,,,
Slovakia,Michalovce,,,,,,
Russian Federation,Michurinsk,,,,,,
Netherlands,Mierlo,,,,,,
United States of America,Moberly,,,,,,
Russian Federation,Mokshan,,,,,,
Norway,Molde,,,,,,
Italy,Monteprandone,,,,,,
Italy,Morbegno,,,,,,
United States of America,Morganton,,,,,,
Pakistan,Naukot,,,,,,
Pakistan,Nawabshah,,,,,,
Côte d'Ivoire,Ndiekro,,,,,,
Russian Federation,Nefteyugansk,,,,,,
Germany,Neustrelitz,,,,,,
United States of America,New London,,,,,,
Germany,Niederkruchten,,,,,,
Brazil,Nisia Floresta,,,,,,
Nigeria,Nkwerre,,,,,,
Russian Federation,Noginsk,,,,,,
Czechia,Nove Mesto Na Morave,,,,,,
Bulgaria,Novi Iskar,,,,,,
Iran (Islamic Republic of),Nur,,,,,,
India,Nurmahal,,,,,,
Russian Federation,Oktyabrskoye,,,,,,
Russian Federation,Mozhaysk,,,,,,
Bangladesh,Muktagachha,,,,,,
Brazil,Mundo Novo,,,,,,
India,Muradnagar,,,,,,
Russian Federation,Nalchik,,,,,,
India,Naliya,,,,,,
China,Nanhai,,,,,,
Italy,Vigevano,,,,,,
Brazil,Vitoria,,,,,,
Russian Federation,Volgodonsk,,,,,,
Serbia,Vrbas,,,,,,
Switzerland,Waldshut Tiengen,,,,,,
Belgium,Wavre,,,,,,
Unknown,Harstad,,,,,,
Germany,Herborn,,,,,,
United States of America,Hermiston,,,,,,
Germany,Heusweiler,,,,,,
United States of America,High Point,,,,,,
United States of America,Saratoga,,,,,,
Hungary,Sarospatak,,,,,,
United States of America,Saugus,,,,,,
Japan,Sayama,,,,,,
Russian Federation,Sayanogorsk,,,,,,
Russian Federation,Semiluki,,,,,,
Malaysia,Senai,,,,,,
Russian Federation,Shadrinsk,,,,,,
Iran (Islamic Republic of),Shahr E Kord,,,,,,
United States of America,Shaker Heights,,,,,,
Russian Federation,Shakhty,,,,,,
India,Sheopur,,,,,,
Albania,Shijak,,,,,,
Russian Federation,Shimanovsk,,,,,,
Kazakhstan,Shubarkuduk,,,,,,
Poland,Skoczow,,,,,,
Belarus,Slonim,,,,,,
Brazil,Sombrio,,,,,,
India,Sopur,,,,,,
United States of America,South Salt Lake,,,,,,
Serbia,Srbobran,,,,,,
Indonesia,Stabat,,,,,,
Thailand,Sukhothai,,,,,,
Bosnia and Herzegovina,Sanski Most,,,,,,
Portugal,Santa Iria De Azoia,,,,,,
Iran (Islamic Republic of),Saqqez,,,,,,
Hungary,Godollo,,,,,,
Mauritius,Goodlands,,,,,,
India,Govardhan,,,,,,
India,Gurdaha,,,,,,
United States of America,Guymon,,,,,,
India,Hadgaon,,,,,,
Germany,Halver,,,,,,
Canada,Hawkesbury,,,,,,
France,Hayange,,,,,,
Belgium,Herzele,,,,,,
United States of America,Homewood,,,,,,
Japan,Honjo,,,,,,
Germany,Horb,,,,,,
Peru,Huamachuco,,,,,,
Slovakia,Humenne,,,,,,
United States of America,Hurst,,,,,,
United Kingdom of Great Britain and Northern Ireland,Hyde,,,,,,
Brazil,Ibitinga,,,,,,
Brazil,Igarapava,,,,,,
South Africa,Ilinge,,,,,,
Germany,Illertissen,,,,,,
Brazil,Iraucuba,,,,,,
Japan,Isshiki,,,,,,
Colombia,Istmina,,,,,,
Brazil,Itanhandu,,,,,,
Brazil,Itirapina,,,,,,
Brazil,Jacarezinho,,,,,,
Poland,Janow Lubelski,,,,,,
India,Jaora,,,,,,
Brazil,Jataizinho,,,,,,
Lebanon,Jazzin,,,,,,
State of Palestine,Jerusalem,,,,,,
Ethiopia,Jinka,,,,,,
India,Kanker,,,,,,
Hungary,Kaposvar,,,,,,
Turkey,Karakose,,,,,,
Zimbabwe,Karoi,,,,,,
Hungary,Kazincbarcika,,,,,,
India,Khaga,,,,,,
Russian Federation,Khanskaya,,,,,,
Thailand,Chom Bung,,,,,,
Switzerland,Chur,,,,,,
Italy,Collecchio,,,,,,
Germany,Cologne,,,,,,
United States of America,Connersville,,,,,,
Brazil,Cordeiro,,,,,,
United States of America,Covina,,,,,,
Serbia,Crvenka,,,,,,
China,Cuiluan,,,,,,
Paraguay,Curuguaty,,,,,,
Brazil,Cururupu,,,,,,
China,Caohai,,,,,,
Italy,Casal Di Principe,,,,,,
Italy,Casalmaggiore,,,,,,
Italy,Castelfranco Veneto,,,,,,
Venezuela (Bolivarian Republic of),Catia La Mar,,,,,,
Turkey,Ceyhan,,,,,,
Italy,Desio,,,,,,
Belgium,Dilbeek,,,,,,
Germany,Dinkelsbuhl,,,,,,
Mexico,Dolores Hidalgo,,,,,,
China,Dunhua,,,,,,
Russian Federation,Dzhalil,,,,,,
United States of America,East Peoria,,,,,,
United States of America,Eau Claire,,,,,,
United States of America,Edinburg,,,,,,
Germany,Eggenstein Leopoldshafen,,,,,,
United States of America,El Centro,,,,,,
Mexico,El Grullo,,,,,,
Russian Federation,Elkhotovo,,,,,,
Italy,Empoli,,,,,,
Italy,Torre Santa Susanna,,,,,,
Indonesia,Trucuk,,,,,,
Japan,Tsurugashima,,,,,,
Mexico,Tulancingo,,,,,,
Hungary,Turkeve,,,,,,
United Republic of Tanzania,Ulenje,,,,,,
Myanmar,Thongwa,,,,,,
India,Tilhar,,,,,,
Mexico,Tlapa,,,,,,
India,Toda Bhim,,,,,,
United States of America,Glassboro,,,,,,
Germany,Goppingen,,,,,,
United States of America,Grand Island,,,,,,
Germany,Greven,,,,,,
Germany,Grevenbroich,,,,,,
Italy,Grezzana,,,,,,
Netherlands,Groesbeek,,,,,,
United States of America,West Carson,,,,,,
United States of America,West Lafayette,,,,,,
Germany,Wetter,,,,,,
United States of America,White Oak,,,,,,
United States of America,Whitefish Bay,,,,,,
Netherlands,Wijchen,,,,,,
United States of America,Wilmington Island,,,,,,
United States of America,Windsor Locks,,,,,,
China,Xinqing,,,,,,
China,Xuzhou,,,,,,
Netherlands,Zandvoort,,,,,,
Czechia,Zatec,,,,,,
China,Zhoucheng,,,,,,
Mexico,Teoloyucan,,,,,,
India,Thalassery,,,,,,
Germany,Zulpich,,,,,,
Thailand,Pran Buri,,,,,,
United States of America,Prescott Valley,,,,,,
Mexico,Puerto Escondido,,,,,,
Croatia,Pula,,,,,,
China,Puqi,,,,,,
Chile,Quilpue,,,,,,
Iran (Islamic Republic of),Rafsanjan,,,,,,
United States of America,Rancho San Diego,,,,,,
Denmark,Randers,,,,,,
India,Ranir Bazar,,,,,,
Spain,Redondela,,,,,,
Iran (Islamic Republic of),Rehnan,,,,,,
Brazil,Rio Do Sul,,,,,,
Pakistan,Risalpur,,,,,,
Italy,Romano Di Lombardia,,,,,,
Germany,Ronnenberg,,,,,,
Mexico,Rosarito,,,,,,
Libya,Sabratah,,,,,,
France,Saint Etienne,,,,,,
France,Saint Saulve,,,,,,
United Republic of Tanzania,Same,,,,,,
United States of America,San Benito,,,,,,
Venezuela (Bolivarian Republic of),San Juan De Colon,,,,,,
Italy,San Martino Buon Albergo,,,,,,
Philippines,San Nicolas,,,,,,
India,Sandur,,,,,,
Spain,Sant Just Desvern,,,,,,
Italy,Santa Marinella,,,,,,
Brazil,Sao Paulo De Olivenca,,,,,,
United States of America,Sapulpa,,,,,,
Bangladesh,Satkhira,,,,,,
Brazil,Saubara,,,,,,
Thailand,Sawankhalok,,,,,,
Kazakhstan,Shakhtinsk,,,,,,
Russian Federation,Onokhoy,,,,,,
Germany,Ottweiler,,,,,,
Brazil,Palmeira,,,,,,
Romania,Pantelimon,,,,,,
United States of America,Park Forest,,,,,,
Brazil,Pato Branco,,,,,,
Indonesia,Payakumbuh,,,,,,
United States of America,Pflugerville,,,,,,
Brazil,Pilar Do Sul,,,,,,
India,Pilibanga,,,,,,
Italy,Polistena,,,,,,
India,Pollachi,,,,,,
Haiti,Port Au Prince,,,,,,
Japan,Shiojiri,,,,,,
India,Sikandarpur,,,,,,
Colombia,Sincelejo,,,,,,
India,Sirsi,,,,,,
United States of America,Smyrna,,,,,,
Madagascar,Soavinandriana,,,,,,
United States of America,Solana Beach,,,,,,
Unknown,Swampscott,,,,,,
United States of America,Swansea,,,,,,
United Kingdom of Great Britain and Northern Ireland,Swindon,,,,,,
Canada,Sylvan Lake,,,,,,
United States of America,Syosset,,,,,,
Japan,Takarazuka,,,,,,
Japan,Takeo,,,,,,
Japan,Taketa,,,,,,
Côte d'Ivoire,Tanda,,,,,,
Indonesia,Tanggulangin,,,,,,
Romania,Targu Neamt,,,,,,
Brazil,Nova Granada,,,,,,
Russian Federation,Novosineglazovskiy,,,,,,
Germany,Oberhausen,,,,,,
Venezuela (Bolivarian Republic of),Ocumare Del Tuy,,,,,,
Portugal,Olhao,,,,,,
United States of America,South Milwaukee,,,,,,
India,Srivilliputtur,,,,,,
Unknown,Stavanger,,,,,,
Republic of North Macedonia,Stip,,,,,,
India,Kannod,,,,,,
Austria,Kapfenberg,,,,,,
Zambia,Kapiri Mposhi,,,,,,
Bulgaria,Karlovo,,,,,,
Burundi,Karuzi,,,,,,
Russian Federation,Katav Ivanovsk,,,,,,
Sweden,Katrineholm,,,,,,
Russian Federation,Kayerkan,,,,,,
Iran (Islamic Republic of),Kermanshah,,,,,,
India,Sardarshahr,,,,,,
Thailand,Selaphum,,,,,,
Malaysia,Semenyih,,,,,,
Kazakhstan,Semey,,,,,,
United States of America,Shakopee,,,,,,
Italy,San Giovanni In Persiceto,,,,,,
Italy,San Lazzaro Di Savena,,,,,,
Spain,Sant Cugat Del Valles,,,,,,
Portugal,Sao Pedro Da Cova,,,,,,
Brazil,Sao Sebastiao Do Paraiso,,,,,,
Brazil,Sarandi,,,,,,
Romania,Reghin,,,,,,
Republic of North Macedonia,Resen,,,,,,
Guatemala,Retalhuleu,,,,,,
Chile,Rio Bueno,,,,,,
South Africa,Robertson,,,,,,
Ukraine,Romny,,,,,,
France,Provins,,,,,,
Argentina,Punta Alta,,,,,,
China,Putai,,,,,,
Pakistan,Loralai,,,,,,
Democratic Republic of the Congo,Lubumbashi,,,,,,
China,Mabai,,,,,,
United States of America,North Mankato,,,,,,
United Kingdom of Great Britain and Northern Ireland,North Shields,,,,,,
United States of America,Northport,,,,,,
Slovakia,Nove Zamky,,,,,,
United States of America,Nutley,,,,,,
Mexico,Navolato,,,,,,
Zambia,Nchelenge,,,,,,
Central African Republic,Ndele,,,,,,
Greece,Nea Alikarnassos,,,,,,
Russian Federation,Nikolsk,,,,,,
United States of America,Morton Grove,,,,,,
Germany,Muhlhausen,,,,,,
India,Nagapattinam,,,,,,
China,Nanma,,,,,,
China,Mianyang,,,,,,
South Africa,Midrand,,,,,,
United States of America,Mishawaka,,,,,,
Poland,Mogilno,,,,,,
Japan,Moka,,,,,,
France,Montesson,,,,,,
United States of America,Indiana,,,,,,
Japan,Ino,,,,,,
Brazil,Itabuna,,,,,,
Brazil,Jaguaruana,,,,,,
India,Jaleswar,,,,,,
Syrian Arab Republic,Jaramana,,,,,,
Brazil,Joanopolis,,,,,,
Brazil,Joao Neiva,,,,,,
India,Kakching,,,,,,
Democratic Republic of the Congo,Kindu,,,,,,
United States of America,King Of Prussia,,,,,,
Japan,Kitakami,,,,,,
Kenya,Kitui,,,,,,
South Africa,Knysna,,,,,,
Russian Federation,Korsakov,,,,,,
India,Paradwip,,,,,,
Brazil,Parnaiba,,,,,,
Colombia,Pasto,,,,,,
Brazil,Pedra,,,,,,
Thailand,Phak Hai,,,,,,
Thailand,Phanat Nikhom,,,,,,
United States of America,Omaha,,,,,,
Italy,Orbetello,,,,,,
Russian Federation,Ostrov,,,,,,
United States of America,Owatonna,,,,,,
Pakistan,Paharpur,,,,,,
Netherlands,Drimmelen,,,,,,
Germany,Dusseldorf,,,,,,
United States of America,Dyer,,,,,,
United States of America,East Orange,,,,,,
United Kingdom of Great Britain and Northern Ireland,East Retford,,,,,,
United States of America,El Mirage,,,,,,
Turkey,Emirdag,,,,,,
Italy,Francavilla Al Mare,,,,,,
Germany,Frankenthal,,,,,,
Italy,Fucecchio,,,,,,
Italy,Gallarate,,,,,,
Italy,Gardone Val Trompia,,,,,,
United States of America,Garfield,,,,,,
France,Garges Les Gonesse,,,,,,
France,Gien,,,,,,
Spain,Erandio,,,,,,
Pakistan,Faqirwali,,,,,,
Mexico,Felipe Carrillo Puerto,,,,,,
United States of America,Fort Lauderdale,,,,,,
Haiti,Gonaives,,,,,,
Poland,Gubin,,,,,,
Philippines,Guiljungan,,,,,,
Netherlands,Haarlemmermeer,,,,,,
Germany,Hammelburg,,,,,,
Romania,Harsova,,,,,,
United States of America,Harwich,,,,,,
Belgium,Herentals,,,,,,
China,Hohhot,,,,,,
Germany,Holzgerlingen,,,,,,
Angola,Huambo,,,,,,
China,Hulan,,,,,,
India,Idar,,,,,,
United Republic of Tanzania,Igurusi,,,,,,
Canada,Dawson Creek,,,,,,
China,Daye,,,,,,
Unknown,Dhuwaran,,,,,,
Pakistan,Diplo,,,,,,
India,Dirba,,,,,,
Iran (Islamic Republic of),Do Gonbadan,,,,,,
Brazil,Dois Vizinhos,,,,,,
Hungary,Pilisvorosvar,,,,,,
Brazil,Pirapora,,,,,,
Sri Lanka,Point Pedro,,,,,,
Brazil,Porto Uniao,,,,,,
Slovakia,Povazska Bystrica,,,,,,
China,Dangtu,,,,,,
Costa Rica,Daniel Flores,,,,,,
India,Daosa,,,,,,
Pakistan,Daud Khel,,,,,,
United Kingdom of Great Britain and Northern Ireland,Dawlish,,,,,,
Iran (Islamic Republic of),Dehloran,,,,,,
United States of America,Delano,,,,,,
Russian Federation,Derbent,,,,,,
India,Dergaon,,,,,,
India,Dhamtari,,,,,,
Unknown,Dragor,,,,,,
United States of America,Dumont,,,,,,
Unknown,Durres,,,,,,
United States of America,East Providence,,,,,,
Venezuela (Bolivarian Republic of),El Cafetal,,,,,,
South Africa,Empangeni,,,,,,
Brazil,Nao Me Toque,,,,,,
United States of America,Naples,,,,,,
Mexico,Naucalpan,,,,,,
Russian Federation,Neftegorsk,,,,,,
Romania,Negresti,,,,,,
Unknown,Nesoddtangen,,,,,,
United Republic of Tanzania,Newala,,,,,,
China,Nianzishan,,,,,,
Japan,Nichinan,,,,,,
Brazil,Niquelandia,,,,,,
Finland,Nivala,,,,,,
United States of America,Norton Shores,,,,,,
Slovenia,Novo Mesto,,,,,,
United States of America,Oak Forest,,,,,,
Japan,Ogawa,,,,,,
Japan,Okegawa,,,,,,
Slovakia,Roznava,,,,,,
Poland,Rumia,,,,,,
United States of America,Sachse,,,,,,
Afghanistan,Sahrak,,,,,,
United States of America,Saint Michael,,,,,,
Israel,Sakhnin,,,,,,
Oman,Salalah,,,,,,
Mexico,Salvatierra,,,,,,
Malta,San Gwann,,,,,,
Guatemala,Santa Maria De Jesus,,,,,,
Peru,Santa,,,,,,
Brazil,Sao Mateus Do Sul,,,,,,
Indonesia,Randudongkal,,,,,,
United States of America,Reidsville,,,,,,
France,Romilly Sur Seine,,,,,,
Mexico,Acala,,,,,,
Côte d'Ivoire,Agnibilekrou,,,,,,
Sweden,Akersberga,,,,,,
Japan,Akishima,,,,,,
Turkey,Aksehir,,,,,,
Malaysia,Alor Setar,,,,,,
India,Ambahta,,,,,,
Mexico,Ameca,,,,,,
Japan,Arai,,,,,,
Italy,Arcola,,,,,,
Italy,Argenta,,,,,,
India,Alwaye,,,,,,
Brazil,Anastacio,,,,,,
Brazil,Arcos,,,,,,
United States of America,Arecibo,,,,,,
Brazil,Altinho,,,,,,
Madagascar,Ambatofinandrahana,,,,,,
Italy,Angri,,,,,,
Equatorial Guinea,Anisoc,,,,,,
United Kingdom of Great Britain and Northern Ireland,Arbroath,,,,,,
Russian Federation,Arzgir,,,,,,
Unknown,Askoy,,,,,,
Brazil,Atalaia,,,,,,
Nigeria,Awka,,,,,,
Brazil,Bacabal,,,,,,
Germany,Bad Driburg,,,,,,
Pakistan,Lalian,,,,,,
Cyprus,Larnaca,,,,,,
Cuba,Las Tunas,,,,,,
Indonesia,Lasem,,,,,,
United States of America,Lawton,,,,,,
Germany,Leimen,,,,,,
Russian Federation,Leningradskaya,,,,,,
Poland,Libiaz,,,,,,
Netherlands,Lichtenvoorde,,,,,,
India,Kandi,,,,,,
Indonesia,Karangampel,,,,,,
Russian Federation,Karymskoye,,,,,,
Australia,Katherine,,,,,,
Lithuania,Kelme,,,,,,
Pakistan,Khuzdar,,,,,,
United Kingdom of Great Britain and Northern Ireland,Kilwinning,,,,,,
Slovakia,Kolarovo,,,,,,
Malaysia,Kota Bahru,,,,,,
Iran (Islamic Republic of),Kuhdasht,,,,,,
Zimbabwe,Kwekwe,,,,,,
United States of America,Laguna Niguel,,,,,,
United States of America,East Longmeadow,,,,,,
United Kingdom of Great Britain and Northern Ireland,Eaton Socon,,,,,,
Nigeria,Ede,,,,,,
Turkey,Edremit,,,,,,
South Africa,Ekangala,,,,,,
Unknown,Eleusis,,,,,,
Germany,Marienberg,,,,,,
United States of America,Marion,,,,,,
India,Maurawan,,,,,,
Russian Federation,Mesker Yurt,,,,,,
Iran (Islamic Republic of),Miandoab,,,,,,
United States of America,Middleton,,,,,,
India,Mihona,,,,,,
Turkey,Milas,,,,,,
China,Mingshui,,,,,,
Uganda,Mityana,,,,,,
France,Montmorency,,,,,,
Russian Federation,Moshkovo,,,,,,
United States of America,Moultrie,,,,,,
South Africa,Mpophomeni,,,,,,
United Republic of Tanzania,Mtimbira,,,,,,
Germany,Mullheim,,,,,,
India,Multai,,,,,,
Russian Federation,Murmashi,,,,,,
India,Naduvattam,,,,,,
Yemen,Zabid,,,,,,
Croatia,Zagreb,,,,,,
Republic of North Macedonia,Zajas,,,,,,
Poland,Zary,,,,,,
Germany,Zittau,,,,,,
Italy,Zola Predosa,,,,,,
Japan,Zushi,,,,,,
United States of America,Yonkers,,,,,,
China,Yumen,,,,,,
Ukraine,Yuzhne,,,,,,
Philippines,Iriga,,,,,,
United Republic of Tanzania,Itumba,,,,,,
Latvia,Jurmala,,,,,,
Poland,Gizycko,,,,,,
Norway,Gjovik,,,,,,
India,Gondal,,,,,,
Serbia,Gornji Milanovac,,,,,,
Senegal,Gossas,,,,,,
United Kingdom of Great Britain and Northern Ireland,Greenock,,,,,,
France,Grigny,,,,,,
Italy,Grottammare,,,,,,
Uzbekistan,Gurlan,,,,,,
Cyprus,Guzelyurt,,,,,,
United States of America,Haddonfield,,,,,,
Turkey,Hadimkoy,,,,,,
China,Hanzhong,,,,,,
United States of America,Hemet,,,,,,
India,Hoshiarpur,,,,,,
Germany,Hoyerswerda,,,,,,
Peru,Huaral,,,,,,
China,Hunchun,,,,,,
Unknown,Iguape,,,,,,
Denmark,Herning,,,,,,
Mexico,Hidalgo,,,,,,
Pakistan,Kharian,,,,,,
United Republic of Tanzania,Kibaha,,,,,,
United States of America,Kilgore,,,,,,
Democratic Republic of the Congo,Kinshasa,,,,,,
United Kingdom of Great Britain and Northern Ireland,Kirkby,,,,,,
Japan,Kitamoto,,,,,,
Sri Lanka,Kolonnawa,,,,,,
Russian Federation,Kostomuksha,,,,,,
Russian Federation,Shchuchye,,,,,,
Bangladesh,Shibganj,,,,,,
Lithuania,Siauliai,,,,,,
Turkey,Simav,,,,,,
Colombia,Since,,,,,,
Italy,Sinnai,,,,,,
Uganda,Sironko,,,,,,
India,Siswa Bazar,,,,,,
Netherlands,Werkendam,,,,,,
United States of America,West Babylon,,,,,,
United States of America,West Puente Valley,,,,,,
United States of America,West Sacramento,,,,,,
Germany,Winnenden,,,,,,
Poland,Wronki,,,,,,
China,Xian,,,,,,
France,Viry Chatillon,,,,,,
Sweden,Visby,,,,,,
Germany,Voerde,,,,,,
Greece,Voula,,,,,,
Republic of Moldova,Vulcanesti,,,,,,
New Zealand,Waitakere,,,,,,
South Africa,Warmbad,,,,,,
United States of America,Warner Robins,,,,,,
United States of America,Wausau,,,,,,
Turkey,Erdemli,,,,,,
Germany,Erftstadt,,,,,,
China,Fangshan,,,,,,
Italy,Fasano,,,,,,
United States of America,Findlay,,,,,,
Sweden,Finspang,,,,,,
Pakistan,Fort Abbas,,,,,,
Italy,Fossano,,,,,,
Germany,Friedrichshafen,,,,,,
Russian Federation,Georgiu Dezh,,,,,,
Ethiopia,Ginir,,,,,,
Indonesia,Madiun,,,,,,
India,Malappuram,,,,,,
India,Maler Kotla,,,,,,
Philippines,Mamburao,,,,,,
Philippines,Mankayan,,,,,,
Cuba,Mantua,,,,,,
Tunisia,Manzil Bu Ruqaybah,,,,,,
Iran (Islamic Republic of),Marand,,,,,,
Turkey,Mardin,,,,,,
Indonesia,Margasari,,,,,,
United Kingdom of Great Britain and Northern Ireland,Clydebank,,,,,,
United States of America,Cocoa,,,,,,
United States of America,Coffeyville,,,,,,
Honduras,Comayagua,,,,,,
United States of America,Culver City,,,,,,
Poland,Dabrowa Gornicza,,,,,,
Viet Nam,Phu Ly,,,,,,
Brazil,Pirapora Do Bom Jesus,,,,,,
Brazil,Piraquara,,,,,,
India,Pithoragarh,,,,,,
Germany,Plon,,,,,,
United States of America,Pooler,,,,,,
Mexico,Progreso,,,,,,
Chile,Puerto Varas,,,,,,
Poland,Pultusk,,,,,,
India,Purna,,,,,,
Canada,Quebec,,,,,,
Poland,Radom,,,,,,
India,Raichur,,,,,,
India,Raipur,,,,,,
United States of America,Opelika,,,,,,
Belarus,Orsha,,,,,,
Portugal,Ovar,,,,,,
Philippines,Padada,,,,,,
India,Palitana,,,,,,
United States of America,Palmdale,,,,,,
Brazil,Palmital,,,,,,
Italy,Palo Del Colle,,,,,,
Philippines,Panacan,,,,,,
India,Panchla,,,,,,
Greece,Patrai,,,,,,
Brazil,Pelotas,,,,,,
India,Periyapatti,,,,,,
Canada,Peterborough,,,,,,
France,Petit Bourg,,,,,,
United States of America,Morris,,,,,,
United Republic of Tanzania,Mtinko,,,,,,
Mexico,Muzquiz,,,,,,
Japan,Naka,,,,,,
United States of America,Nanuet,,,,,,
United Republic of Tanzania,Nanyamba,,,,,,
United States of America,Naugatuck,,,,,,
Japan,Niiza,,,,,,
United States of America,North Miami Beach,,,,,,
Italy,Novi Ligure,,,,,,
Mexico,Ojo Caliente,,,,,,
Netherlands,Oldebroek,,,,,,
India,Takhatgarh,,,,,,
Brazil,Tanabi,,,,,,
Philippines,Tanauan,,,,,,
Spain,Tarazona,,,,,,
Indonesia,Tasikmalaya,,,,,,
United States of America,Temple,,,,,,
China,Tengzhou,,,,,,
Mexico,Tesistan,,,,,,
Myanmar,Thayetmyo,,,,,,
Mexico,Tihuatlan,,,,,,
Canada,Timmins,,,,,,
India,Tiruvallur,,,,,,
Japan,Toba,,,,,,
Venezuela (Bolivarian Republic of),Villa Bruzual,,,,,,
United States of America,Virginia Beach,,,,,,
Brazil,Vitoria Do Mearim,,,,,,
Czechia,Vlasim,,,,,,
Russian Federation,Vostochnyy,,,,,,
United States of America,Wantagh,,,,,,
Nigeria,Warri,,,,,,
France,We,,,,,,
Spain,Tortosa,,,,,,
Japan,Toyoshina,,,,,,
Italy,Travagliato,,,,,,
Bosnia and Herzegovina,Travnik,,,,,,
Italy,Trentola Ducenta,,,,,,
Brazil,Trindade,,,,,,
Czechia,Trutnov,,,,,,
Turkey,Turgutlu,,,,,,
Unknown,Tutoia,,,,,,
Nigeria,Uga,,,,,,
Portugal,Unhos,,,,,,
Russian Federation,Ustyuzhna,,,,,,
France,Vanves,,,,,,
Russian Federation,Verkhnyaya Salda,,,,,,
Nigeria,Onitsha,,,,,,
Romania,Otopeni,,,,,,
Hungary,Ozd,,,,,,
Brazil,Pacaembu,,,,,,
United Kingdom of Great Britain and Northern Ireland,Paisley,,,,,,
Guatemala,Palin,,,,,,
Greece,Pallini,,,,,,
United States of America,Palm Harbor,,,,,,
Thailand,Prachuap Khiri Khan,,,,,,
Brazil,Presidente Medici,,,,,,
Unknown,Puerto Princesa,,,,,,
Colombia,Puerto Wilches,,,,,,
Indonesia,Purwodadi,,,,,,
Italy,Qualiano,,,,,,
India,Raisen,,,,,,
Finland,Raisio,,,,,,
Estonia,Rakvere,,,,,,
Poland,Rawa Mazowiecka,,,,,,
India,Rayachoti,,,,,,
Italy,Reggello,,,,,,
Germany,Renningen,,,,,,
United States of America,Richton Park,,,,,,
United States of America,Rockville,,,,,,
United Kingdom of Great Britain and Northern Ireland,Royal Tunbridge Wells,,,,,,
Albania,Rreshen,,,,,,
Japan,Ryuo,,,,,,
Russian Federation,Rzhev,,,,,,
France,Salon De Provence,,,,,,
Italy,Saluzzo,,,,,,
Guatemala,San Pedro Carcha,,,,,,
Japan,Sanjo,,,,,,
Brazil,Santana Do Ipanema,,,,,,
Brazil,Sao Joao De Pirabas,,,,,,
United States of America,Westbrook,,,,,,
Uganda,Wobulenzi,,,,,,
Germany,Wolfhagen,,,,,,
United States of America,Wooster,,,,,,
China,Yangcun,,,,,,
Nigeria,Yenagoa,,,,,,
China,Yibin,,,,,,
Mali,Yorosso,,,,,,
Russian Federation,Yuzhnouralsk,,,,,,
Russian Federation,Zheleznodorozhnyy,,,,,,
Brazil,Paracambi,,,,,,
Benin,Parakou,,,,,,
Brazil,Paratinga,,,,,,
Brazil,Passo Fundo,,,,,,
Indonesia,Pati,,,,,,
France,Pau,,,,,,
United States of America,Pecan Grove,,,,,,
Italy,Piazzola Sul Brenta,,,,,,
Italy,Pietrasanta,,,,,,
Philippines,Pililla,,,,,,
United States of America,Plantation,,,,,,
Spain,Plasencia,,,,,,
Germany,Plochingen,,,,,,
Italy,Scordia,,,,,,
United States of America,Seminole,,,,,,
Russian Federation,Sergiyev Posad,,,,,,
Pakistan,Shujaabad,,,,,,
Germany,Sinzig,,,,,,
Armenia,Artashat,,,,,,
Iran (Islamic Republic of),Ashtian,,,,,,
Kyrgyzstan,At Bashi,,,,,,
United States of America,Avon,,,,,,
Romania,Baicoi,,,,,,
Ukraine,Balta,,,,,,
India,Baragaon,,,,,,
India,Barpali,,,,,,
United States of America,Barstow,,,,,,
United States of America,Bay City,,,,,,
France,Bernissart,,,,,,
Madagascar,Betioky,,,,,,
Germany,Birkenfeld,,,,,,
Democratic Republic of the Congo,Bondo,,,,,,
Central African Republic,Bouar,,,,,,
Belgium,Brugge,,,,,,
Uganda,Bugiri,,,,,,
Netherlands,Bunnik,,,,,,
Brazil,Buri,,,,,,
Turkmenistan,Buzmeyin,,,,,,
Ecuador,Calceta,,,,,,
Italy,Campobasso,,,,,,
Brazil,Campos Novos,,,,,,
Brazil,Capinopolis,,,,,,
Turkey,Carsamba,,,,,,
Brazil,Castelo,,,,,,
Spain,Castrillon,,,,,,
Lao People's Democratic Republic,Champasak,,,,,,
Thailand,Chon Buri,,,,,,
United States of America,South Sioux City,,,,,,
Canada,Spruce Grove,,,,,,
India,Srivardhan,,,,,,
Germany,Stuttgart,,,,,,
Japan,Suita,,,,,,
United States of America,Sumter,,,,,,
India,Achalpur,,,,,,
Mexico,Agua Prieta,,,,,,
Pakistan,Ahmadpur Sial,,,,,,
Japan,Ako,,,,,,
Spain,Albal,,,,,,
India,Ambajogai,,,,,,
Madagascar,Arivonimamo,,,,,,
United States of America,Vadnais Heights,,,,,,
Finland,Vammala,,,,,,
Finland,Varkaus,,,,,,
Sweden,Vasterhaninge,,,,,,
Madagascar,Vavatenina,,,,,,
Germany,Velen,,,,,,
Spain,Velez Malaga,,,,,,
Russian Federation,Velikie Luki,,,,,,
Russian Federation,Velsk,,,,,,
Germany,Verl,,,,,,
Poland,Debno,,,,,,
Germany,Ditzingen,,,,,,
Canada,Duncan,,,,,,
United States of America,East Bridgewater,,,,,,
Brazil,Itabaiana,,,,,,
Brazil,Ituverava,,,,,,
South Africa,Jan Kempdorp,,,,,,
Serbia,Gnjilane,,,,,,
India,Gola Bazar,,,,,,
Mexico,Gomez Palacio,,,,,,
Portugal,Grijo,,,,,,
United States of America,Gulf Gate Estates,,,,,,
India,Masila,,,,,,
Senegal,Matam,,,,,,
United Republic of Tanzania,Matamba,,,,,,
Brazil,Matozinhos,,,,,,
United Republic of Tanzania,Matui,,,,,,
India,Mauganj,,,,,,
Russian Federation,Mayma,,,,,,
Russian Federation,Mayskiy,,,,,,
United States of America,Melbourne,,,,,,
Malaysia,Mersing,,,,,,
Poland,Miastko,,,,,,
United States of America,Missoula,,,,,,
Pakistan,Mithi,,,,,,
Myanmar,Mogok,,,,,,
France,Mont De Marsan,,,,,,
Switzerland,Montreux,,,,,,
Unknown,Montrose,,,,,,
Spain,Monzon,,,,,,
United States of America,Lake Ronkonkoma,,,,,,
Unknown,Le Pradet,,,,,,
India,Leh,,,,,,
United States of America,Leisure City,,,,,,
Poland,Leszno,,,,,,
United States of America,Louisville,,,,,,
Czechia,Louny,,,,,,
India,Mahalingpur,,,,,,
Nepal,Mahendranagar,,,,,,
India,Majalgaon,,,,,,
India,Malaut,,,,,,
Unknown,Malibu,,,,,,
India,Mamallapuram,,,,,,
Turkey,Manavgat,,,,,,
Brazil,Maraial,,,,,,
India,Kannad,,,,,,
India,Katangi,,,,,,
United States of America,Kennett,,,,,,
France,Illkirch Graffenstaden,,,,,,
Turkey,Imamoglu,,,,,,
United States of America,Irondequoit,,,,,,
Japan,Isawa,,,,,,
United States of America,Issaquah,,,,,,
Brazil,Itaberaba,,,,,,
Japan,Iwatsuki,,,,,,
India,Jammalamadugu,,,,,,
Poland,Jaroslaw,,,,,,
Cuba,Jatibonico,,,,,,
United States of America,Jenks,,,,,,
India,Jhusi,,,,,,
Romania,Jimbolia,,,,,,
Jordan,Judayta,,,,,,
Argentina,Jujuy,,,,,,
Philippines,Kabacan,,,,,,
Afghanistan,Kabul,,,,,,
Japan,Hadano,,,,,,
United States of America,Hanford,,,,,,
Germany,Harsum,,,,,,
Belgium,Herstal,,,,,,
Côte d'Ivoire,Hire,,,,,,
India,Igatpuri,,,,,,
India,Kopaganj,,,,,,
Russian Federation,Kovdor,,,,,,
Serbia,Kovin,,,,,,
Unknown,Kronshtadt,,,,,,
Russian Federation,Kurgan,,,,,,
United States of America,La Canada Flintridge,,,,,,
United States of America,La Riviera,,,,,,
France,La Roche Sur Yon,,,,,,
Pakistan,Topi,,,,,,
Azerbaijan,Tovuz,,,,,,
Japan,Toyooka,,,,,,
Australia,Traralgon,,,,,,
Brazil,Tres Coroas,,,,,,
Togo,Tsevie,,,,,,
Japan,Tsubame,,,,,,
United States of America,Tuskegee,,,,,,
Philippines,Tuyom,,,,,,
Netherlands,Tynaarlo,,,,,,
Costa Rica,Esparta,,,,,,
Ukraine,Feodosiya,,,,,,
Italy,Fermo,,,,,,
Unknown,Ficarazzi,,,,,,
Comoros,Fomboni,,,,,,
Russian Federation,Gzhatsk,,,,,,
Bangladesh,Habiganj,,,,,,
India,Akhnur,,,,,,
Cuba,Alquizar,,,,,,
United States of America,Amarillo,,,,,,
Germany,Amberg,,,,,,
United States of America,Anaheim,,,,,,
France,Annecy Le Vieux,,,,,,
Chile,Antofagasta,,,,,,
Belgium,Antwerp,,,,,,
Indonesia,Astanajapura,,,,,,
Italy,Avigliana,,,,,,
Turkey,Babaeski,,,,,,
Russian Federation,Bachatskiy,,,,,,
India,Baduria,,,,,,
France,Baie Mahault,,,,,,
China,Baiyin,,,,,,
Russian Federation,Balashov,,,,,,
Russian Federation,Balezino,,,,,,
Brazil,Balsas,,,,,,
Venezuela (Bolivarian Republic of),Barcelona,,,,,,
India,Barwaha,,,,,,
Uruguay,Canelones,,,,,,
Italy,Cassano Delle Murge,,,,,,
Italy,Castel San Giorgio,,,,,,
Myanmar,Chauk,,,,,,
Sri Lanka,Chavakachcheri,,,,,,
Zimbabwe,Chegutu,,,,,,
Italy,Chieti,,,,,,
Zambia,Chililabombwe,,,,,,
Guatemala,Chimaltenango,,,,,,
Indonesia,Cikarang,,,,,,
Canada,Collingwood,,,,,,
United States of America,Columbine,,,,,,
France,Comines,,,,,,
Brazil,Conceicao Da Feira,,,,,,
Italy,Cormano,,,,,,
Italy,Cortona,,,,,,
Brazil,Cruzilia,,,,,,
Ghana,Akwatia,,,,,,
United States of America,Alameda,,,,,,
Pakistan,Alipur Chatha,,,,,,
Italy,Alzano Lombardo,,,,,,
Ecuador,Ambato,,,,,,
Afghanistan,Anar Darreh,,,,,,
Unknown,Angra Dos Reis,,,,,,
Belgium,Ans,,,,,,
Unknown,Armacao Dos Buzios,,,,,,
Belgium,Aywaille,,,,,,
Philippines,Baculongan,,,,,,
Germany,Bad Oldesloe,,,,,,
Switzerland,Bad Sackingen,,,,,,
Thailand,Ban Tak,,,,,,
China,Baoding,,,,,,
Italy,Baronissi,,,,,,
Indonesia,Batu,,,,,,
United States of America,Beacon,,,,,,
Belgium,Vilvoorde,,,,,,
Netherlands,Voerendaal,,,,,,
Croatia,Vukovar,,,,,,
Pakistan,Warburton,,,,,,
Germany,Weingarten,,,,,,
Germany,Wertheim,,,,,,
United States of America,West Freehold,,,,,,
United States of America,Whitman,,,,,,
China,Wuda,,,,,,
China,Xifeng,,,,,,
China,Yantai,,,,,,
Russian Federation,Yaroslavskiy,,,,,,
United States of America,Yorba Linda,,,,,,
Azerbaijan,Zabrat,,,,,,
Poland,Zyrardow,,,,,,
Switzerland,Thalwil,,,,,,
Myanmar,Tharrawaddy,,,,,,
France,Thionville,,,,,,
Mexico,Tianguistenco,,,,,,
Greece,Tirnavos,,,,,,
Japan,Tobe,,,,,,
Japan,Tomiya,,,,,,
Iran (Islamic Republic of),Tonekabon,,,,,,
Spain,Torre Del Campo,,,,,,
Russian Federation,Totma,,,,,,
Italy,Treviglio,,,,,,
China,Tucheng,,,,,,
Latvia,Tukums,,,,,,
Kyrgyzstan,Tyup,,,,,,
Netherlands,Uitgeest,,,,,,
India,Unnao,,,,,,
Russian Federation,Ust Ilimsk,,,,,,
Pakistan,Utmanzai,,,,,,
India,Vadakku Valliyur,,,,,,
Mexico,Valle De Santiago,,,,,,
Denmark,Varde,,,,,,
Ukraine,Vasylivka,,,,,,
Malaysia,Bedong,,,,,,
Russian Federation,Beloyarskiy,,,,,,
India,Belsand,,,,,,
Turkey,Bergama,,,,,,
United Republic of Tanzania,Biharamulo,,,,,,
India,Bijnor,,,,,,
Unknown,Bognor Regis,,,,,,
Italy,Bologna,,,,,,
Turkey,Bozova,,,,,,
United States of America,Brewster,,,,,,
United States of America,Broadview Heights,,,,,,
Germany,Buchen,,,,,,
Ukraine,Burshtyn,,,,,,
Chile,Calera,,,,,,
Italy,Caltanissetta,,,,,,
Philippines,Calumpit,,,,,,
Romania,Giurgiu,,,,,,
Pakistan,Gojra,,,,,,
India,Gokak,,,,,,
Canada,Grosse Ile,,,,,,
Brazil,Guaruja,,,,,,
United States of America,Guthrie,,,,,,
United States of America,Hamden,,,,,,
Belgium,Hamme,,,,,,
India,Hirakud,,,,,,
Netherlands,Hoorn,,,,,,
United States of America,Horn Lake,,,,,,
Nigeria,Igede,,,,,,
Nigeria,Ikorodu,,,,,,
Brazil,Indaiatuba,,,,,,
Poland,Inowroclaw,,,,,,
Brazil,Ipanema,,,,,,
Brazil,Iracemapolis,,,,,,
Russian Federation,Ivdel,,,,,,
Japan,Iwai,,,,,,
India,Jaggayyapeta,,,,,,
Brazil,Jandaia Do Sul,,,,,,
China,Jiuquan,,,,,,
Afghanistan,Jurm,,,,,,
India,Kallidaikurichchi,,,,,,
Japan,Kamiiso,,,,,,
United Republic of Tanzania,Kasamwa,,,,,,
Russian Federation,Kashin,,,,,,
Poland,Kedzierzyn Kozle,,,,,,
Nigeria,Duku,,,,,,
Philippines,Dulag,,,,,,
Canada,Elliot Lake,,,,,,
Myanmar,Dawei,,,,,,
Romania,Dej,,,,,,
Spain,Denia,,,,,,
Ethiopia,Dilla,,,,,,
Thailand,Photharam,,,,,,
Italy,Pioltello,,,,,,
Bulgaria,Popovo,,,,,,
Cambodia,Pousat,,,,,,
Croatia,Pozega,,,,,,
Unknown,Probolinggo,,,,,,
Colombia,Puerto Colombia,,,,,,
India,Pullampadi,,,,,,
Peru,Puno,,,,,,
Tunisia,Qabis,,,,,,
India,Rajpipla,,,,,,
France,Rambouillet,,,,,,
United Kingdom of Great Britain and Northern Ireland,Omagh,,,,,,
Burkina Faso,Orodara,,,,,,
Kazakhstan,Oskemen,,,,,,
Poland,Ostrowiec Swietokrzyski,,,,,,
Brazil,Otacilio Costa,,,,,,
Nigeria,Ozubulu,,,,,,
Afghanistan,Pagman,,,,,,
Philippines,Pamplona,,,,,,
United States of America,Peoria,,,,,,
Unknown,Permatang Kuching,,,,,,
Russian Federation,Persianovskiy,,,,,,
Brazil,Pesqueira,,,,,,
Viet Nam,Phan Rang,,,,,,
United States of America,Rancho Palos Verdes,,,,,,
Germany,Ratisbon,,,,,,
Belgium,Ravels,,,,,,
United States of America,Raytown,,,,,,
Bulgaria,Razlog,,,,,,
Brazil,Realeza,,,,,,
Germany,Recklinghausen,,,,,,
India,Renukut,,,,,,
Italy,Rezzato,,,,,,
Belgium,Rijkevorsel,,,,,,
United States of America,River Falls,,,,,,
Brazil,Rolante,,,,,,
Russian Federation,Roshal,,,,,,
Unknown,Rovinj,,,,,,
China,Rucheng,,,,,,
Guatemala,Sacapulas,,,,,,
Japan,Sagae,,,,,,
Canada,Saint Georges,,,,,,
France,Saint Maurice,,,,,,
France,Saint Nazaire,,,,,,
France,Saint Pierre Des Corps,,,,,,
India,Sakti,,,,,,
Philippines,Sampaloc,,,,,,
Tunisia,Qurbah,,,,,,
Chile,Temuco,,,,,,
Mexico,Tenosique,,,,,,
Russian Federation,Tikhvin,,,,,,
Russian Federation,Lakinsk,,,,,,
Unknown,Lamu,,,,,,
France,Laval,,,,,,
United States of America,Los Alamitos,,,,,,
Spain,Los Corrales De Buelna,,,,,,
Italy,Lugo,,,,,,
United Kingdom of Great Britain and Northern Ireland,Lurgan,,,,,,
Netherlands,Maasbracht,,,,,,
United States of America,Madison,,,,,,
United States of America,Madisonville,,,,,,
India,Mahad,,,,,,
Pakistan,Malakwal,,,,,,
India,Manchar,,,,,,
United States of America,Manitowoc,,,,,,
Sudan,Marabba,,,,,,
Brazil,Maracaju,,,,,,
Brazil,Maracana,,,,,,
Niger,Mayahi,,,,,,
India,Mehnagar,,,,,,
Germany,Meppen,,,,,,
Belgium,Middelkerke,,,,,,
Germany,Monheim,,,,,,
Switzerland,Monthey,,,,,,
United States of America,Mount Dora,,,,,,
India,Munak,,,,,,
India,Naenwa,,,,,,
Hungary,Nagykallo,,,,,,
United States of America,New Brunswick,,,,,,
India,Nihtaur,,,,,,
China,Ningbo,,,,,,
Brazil,Niteroi,,,,,,
Unknown,Kanniyakumari,,,,,,
Poland,Ketrzyn,,,,,,
India,Khem Karan,,,,,,
Serbia,Kikinda,,,,,,
India,Kiratpur,,,,,,
United Republic of Tanzania,Kitama,,,,,,
Russian Federation,Kolchugino,,,,,,
Burkina Faso,Kombissiri,,,,,,
Norway,Kongsberg,,,,,,
Greece,Korinthos,,,,,,
Uzbekistan,Kosonsoy,,,,,,
South Africa,Ladybrand,,,,,,
Thailand,Laem Sing,,,,,,
Sweden,Norrtalje,,,,,,
United Kingdom of Great Britain and Northern Ireland,Northwich,,,,,,
Ukraine,Nova Kakhovka,,,,,,
Russian Federation,Novaya Usman,,,,,,
Russian Federation,Novotroitsk,,,,,,
Philippines,Obando,,,,,,
United States of America,Oildale,,,,,,
China,Jinchang,,,,,,
United States of America,Justice,,,,,,
Sierra Leone,Kabala,,,,,,
Japan,Kainan,,,,,,
Japan,Kamiichi,,,,,,
Japan,Kaminoyama,,,,,,
United Republic of Tanzania,Morogoro,,,,,,
United Republic of Tanzania,Musoma,,,,,,
Democratic Republic of the Congo,Mwene Ditu,,,,,,
India,Nahan,,,,,,
Japan,Nakamura,,,,,,
Zambia,Nakonde,,,,,,
Belgium,Namur,,,,,,
Colombia,Natagaima,,,,,,
United States of America,New Brighton,,,,,,
United States of America,Newberry,,,,,,
Belgium,Nijlen,,,,,,
India,Nilokheri,,,,,,
Germany,Donzdorf,,,,,,
United Kingdom of Great Britain and Northern Ireland,Dorchester,,,,,,
United States of America,Easthampton,,,,,,
Austria,Eisenstadt,,,,,,
United States of America,Elk River,,,,,,
Central African Republic,Mobaye,,,,,,
Ghana,Sunyani,,,,,,
Hungary,Szigetszentmiklos,,,,,,
Brazil,Tambau,,,,,,
Pakistan,Tando Ghulam Ali,,,,,,
Brazil,Tapes,,,,,,
Germany,Viersen,,,,,,
Netherlands,Vlaardingen,,,,,,
Panama,Volcan,,,,,,
Germany,Waltrop,,,,,,
Democratic Republic of the Congo,Wamba,,,,,,
Somalia,Wanlaweyn,,,,,,
Algeria,Warqla,,,,,,
China,Huanren,,,,,,
Mexico,Huauchinango,,,,,,
United States of America,Huntsville,,,,,,
Brazil,Ibimirim,,,,,,
Nigeria,Ilawe,,,,,,
Russian Federation,Ostrogozhsk,,,,,,
Spain,Osuna,,,,,,
Brazil,Ouro Branco,,,,,,
Chile,Ovalle,,,,,,
Gabon,Oyem,,,,,,
India,Palasa,,,,,,
Mexico,Palenque,,,,,,
United States of America,Paradise,,,,,,
Brazil,Paraiba Do Sul,,,,,,
Brazil,Passos,,,,,,
Ukraine,Pavlohrad,,,,,,
Unknown,Perai,,,,,,
France,Pessac,,,,,,
Italy,Pianoro,,,,,,
United States of America,Pine Bluff,,,,,,
Poland,Piotrkow Trybunalski,,,,,,
Greece,Pirgos,,,,,,
Jamaica,Portmore,,,,,,
South Africa,Potgietersrus,,,,,,
Slovakia,Presov,,,,,,
Uzbekistan,Pskent,,,,,,
China,Puli,,,,,,
India,Pushkar,,,,,,
China,Qinggang,,,,,,
China,Qixingtai,,,,,,
Germany,Reichenbach,,,,,,
United States of America,Reno,,,,,,
Austria,Ried,,,,,,
Italy,Rivarolo Canavese,,,,,,
Czechia,Rychnov Nad Kneznou,,,,,,
France,Saint Remy De Provence,,,,,,
France,Sainte Suzanne,,,,,,
Austria,Salzburg,,,,,,
Mexico,San Buenaventura,,,,,,
Mexico,San Salvador El Seco,,,,,,
United States of America,San Sebastian,,,,,,
Italy,Santeramo In Colle,,,,,,
Brazil,Sao Francisco,,,,,,
Brazil,Sao Jose Dos Pinhais,,,,,,
France,Sarrebourg,,,,,,
India,Satna,,,,,,
Indonesia,Sawangan,,,,,,
Germany,Schwabisch Gmund,,,,,,
Russian Federation,Shalushka,,,,,,
India,Shirwal,,,,,,
United States of America,Sylacauga,,,,,,
China,Taipei,,,,,,
China,Taiyuan,,,,,,
Spain,Talavera De La Reina,,,,,,
Ukraine,Stakhanov,,,,,,
United States of America,Statesboro,,,,,,
China,Suao,,,,,,
Japan,Sukumo,,,,,,
United States of America,Westmont,,,,,,
Germany,Wolgast,,,,,,
United Kingdom of Great Britain and Northern Ireland,Wolverhampton,,,,,,
China,Yangmei,,,,,,
United States of America,Zachary,,,,,,
Myanmar,Ye,,,,,,
China,Yichun,,,,,,
Mexico,Zacatecas,,,,,,
Mexico,Zacatelco,,,,,,
Croatia,Zadar,,,,,,
Philippines,Zamboanga,,,,,,
Peru,Zarumilla,,,,,,
Kazakhstan,Zaysan,,,,,,
Ukraine,Zhovkva,,,,,,
Spain,Zumarraga,,,,,,
Netherlands,Zeist,,,,,,
Russian Federation,Zelenokumsk,,,,,,
Czechia,Frenstat,,,,,,
Colombia,Fresno,,,,,,
Japan,Fukumitsu,,,,,,
China,Gaoyou,,,,,,
Mexico,Garza Garcia,,,,,,
Turkmenistan,Gazojak,,,,,,
Germany,Georgsmarienhutte,,,,,,
Turkey,Gerede,,,,,,
Turkey,Goksun,,,,,,
United States of America,Greeley,,,,,,
Australia,Goulburn,,,,,,
South Africa,Boksburg,,,,,,
Sweden,Bollnas,,,,,,
Bosnia and Herzegovina,Bosanska Krupa,,,,,,
Netherlands,Boxtel,,,,,,
United States of America,Brent,,,,,,
Netherlands,Breukelen,,,,,,
United States of America,Buffalo,,,,,,
India,Bundu,,,,,,
United Kingdom of Great Britain and Northern Ireland,Bury Saint Edmunds,,,,,,
Tajikistan,Buston,,,,,,
United Republic of Tanzania,Butiama,,,,,,
Colombia,Carepa,,,,,,
Italy,Cascina,,,,,,
Uganda,Fort Portal,,,,,,
United States of America,Franklin Square,,,,,,
Denmark,Fredericia,,,,,,
China,Fuxin,,,,,,
Philippines,Gapan,,,,,,
Belgium,Gerpinnes,,,,,,
Italy,Giffoni Valle Piana,,,,,,
Spain,Gijon,,,,,,
Côte d'Ivoire,Daloa,,,,,,
Germany,Dassel,,,,,,
Belgium,De Haan,,,,,,
Indonesia,Denpasar,,,,,,
Russian Federation,Devyatka,,,,,,
India,Dharmanagar,,,,,,
India,Dhuburi,,,,,,
India,Dhulagari,,,,,,
Brazil,Dom Pedro,,,,,,
India,Channagiri,,,,,,
France,Charenton Le Pont,,,,,,
Russian Federation,Chegdomyn,,,,,,
Guatemala,Chicacao,,,,,,
Ecuador,Chone,,,,,,
United States of America,Citrus,,,,,,
Italy,Civita Castellana,,,,,,
Brazil,Colinas,,,,,,
Mexico,Comitan,,,,,,
Guatemala,Comitancillo,,,,,,
Brazil,Conselheiro Lafaiete,,,,,,
Côte d'Ivoire,Duekoue,,,,,,
Belgium,Eghezee,,,,,,
United States of America,El Paso,,,,,,
Brazil,Espumoso,,,,,,
United States of America,Eufaula,,,,,,
Portugal,Fanzeres,,,,,,
Russian Federation,Berezniki,,,,,,
Cameroon,Betare Oya,,,,,,
United States of America,Bettendorf,,,,,,
Kazakhstan,Beyneu,,,,,,
India,Bhusawal,,,,,,
Germany,Schermbeck,,,,,,
Germany,Schweinfurt,,,,,,
Romania,Scornicesti,,,,,,
France,Seclin,,,,,,
China,Shaping,,,,,,
Russian Federation,Shushary,,,,,,
India,Singur,,,,,,
Unknown,Sitangkai,,,,,,
South Africa,Siyabuswa,,,,,,
Colombia,Soledad,,,,,,
Costa Rica,San Isidro,,,,,,
Colombia,San Juan Nepomuceno,,,,,,
Mexico,San Miguel El Alto,,,,,,
Mexico,Santa Rosalia,,,,,,
Russian Federation,Solikamsk,,,,,,
Indonesia,Sooko,,,,,,
Greece,Sparti,,,,,,
South Africa,Standerton,,,,,,
Poland,Starachowice,,,,,,
Poland,Strzegom,,,,,,
Japan,Sueyoshi,,,,,,
Indonesia,Jatiwangi,,,,,,
Ukraine,Kaharlyk,,,,,,
United Republic of Tanzania,Kaliua,,,,,,
Germany,Kalkar,,,,,,
India,Kamalganj,,,,,,
Unknown,Dalianwan,,,,,,
Netherlands,Deurne,,,,,,
India,Dig,,,,,,
Cameroon,Djang,,,,,,
Brazil,Coaraci,,,,,,
Brazil,Conceicao Do Mato Dentro,,,,,,
Nicaragua,Condega,,,,,,
United States of America,Cudahy,,,,,,
Republic of Moldova,Glodeni,,,,,,
Poland,Glogow,,,,,,
Azerbaijan,Goycay,,,,,,
Colombia,Envigado,,,,,,
India,Falakata,,,,,,
India,Farakka,,,,,,
Germany,Felsberg,,,,,,
Paraguay,Fernando De La Mora,,,,,,
Estonia,Haapsalu,,,,,,
China,Hecun,,,,,,
Russian Federation,Uryupinsk,,,,,,
Spain,Valdemoro,,,,,,
Lithuania,Varena,,,,,,
Brazil,Vassouras,,,,,,
United States of America,Verona,,,,,,
Brazil,Viamao,,,,,,
Italy,Vibo Valentia,,,,,,
Germany,Tornesch,,,,,,
Uganda,Tororo,,,,,,
China,Toucheng,,,,,,
France,Trappes,,,,,,
Madagascar,Tsiroanomandidy,,,,,,
China,Tuku,,,,,,
Russian Federation,Tulun,,,,,,
Russian Federation,Udachnyy,,,,,,
United States of America,West Hempstead,,,,,,
United States of America,Whitehall,,,,,,
Austria,Wiener Neustadt,,,,,,
United States of America,Williston,,,,,,
Namibia,Windhoek,,,,,,
United Kingdom of Great Britain and Northern Ireland,Witney,,,,,,
Germany,Wittstock,,,,,,
United States of America,Wood Dale,,,,,,
China,Xihe,,,,,,
Philippines,Vinzons,,,,,,
Germany,Vlotho,,,,,,
Russian Federation,Volchikha,,,,,,
South Africa,Warrenton,,,,,,
United States of America,Wauwatosa,,,,,,
Ukraine,Kaniv,,,,,,
Zambia,Kansanshi,,,,,,
Japan,Karasuyama,,,,,,
United States of America,Kearny,,,,,,
Chad,Kelo,,,,,,
India,Pilani,,,,,,
United States of America,Pinehurst,,,,,,
United States of America,Pittsburg,,,,,,
Spain,Paterna,,,,,,
Canada,Kingston,,,,,,
Zambia,Kitwe,,,,,,
Russian Federation,Korenovsk,,,,,,
Italy,Rovereto,,,,,,
Kenya,Ruiru,,,,,,
France,Rumilly,,,,,,
France,Saint Denis,,,,,,
France,Sainte Marie,,,,,,
Turkey,Salihli,,,,,,
Serbia,Presevo,,,,,,
Iran (Islamic Republic of),Qom,,,,,,
Poland,Rogozno,,,,,,
Spain,Santa Brigida,,,,,,
Colombia,Santa Marta,,,,,,
Brazil,Santo Amaro,,,,,,
Brazil,Santo Antonio,,,,,,
United States of America,Sartell,,,,,,
Italy,Sasso Marconi,,,,,,
Italy,Scandiano,,,,,,
Russian Federation,Schlusselburg,,,,,,
France,Sens,,,,,,
India,Pihani,,,,,,
Philippines,Pio Duran,,,,,,
Russian Federation,Platnirovskaya,,,,,,
South Africa,Plettenberg Bay,,,,,,
Slovakia,Poprad,,,,,,
United States of America,Port Lavaca,,,,,,
India,Patamundai,,,,,,
United States of America,Pell City,,,,,,
United Kingdom of Great Britain and Northern Ireland,Peterlee,,,,,,
Germany,Petershagen,,,,,,
Poland,Skarzysko Kamienna,,,,,,
Poland,Slubice,,,,,,
Indonesia,Soe,,,,,,
Germany,Schwabach,,,,,,
India,Seohara,,,,,,
Turkey,Sereflikochisar,,,,,,
Uganda,Kisoro,,,,,,
Japan,Kitaibaraki,,,,,,
India,Kombai,,,,,,
Russian Federation,Krasnyy Kut,,,,,,
Lithuania,Kretinga,,,,,,
India,Kumbakonam,,,,,,
Unknown,Kupang,,,,,,
Serbia,Kursumlija,,,,,,
Spain,La Puebla Del Rio,,,,,,
Brazil,Laguna,,,,,,
United States of America,Lake Ridge,,,,,,
United States of America,Lakewood,,,,,,
France,Lamentin,,,,,,
Belgium,Landen,,,,,,
Italy,Laterza,,,,,,
United States of America,Lemay,,,,,,
Germany,Lennestadt,,,,,,
Haiti,Les Cayes,,,,,,
France,Les Herbiers,,,,,,
United States of America,Lexington,,,,,,
Portugal,Lisbon,,,,,,
France,Lons Le Saunier,,,,,,
India,Lormi,,,,,,
Portugal,Loule,,,,,,
Russian Federation,Lysva,,,,,,
Netherlands,Maasbree,,,,,,
China,Maba,,,,,,
Italy,Sassari,,,,,,
Germany,Schmalkalden,,,,,,
Germany,Schwabmunchen,,,,,,
Philippines,Seit,,,,,,
Germany,Seligenstadt,,,,,,
South Africa,Senekal,,,,,,
Pakistan,Setharja,,,,,,
China,Shalu,,,,,,
China,Shashi,,,,,,
Portugal,Beja,,,,,,
Italy,Bernalda,,,,,,
Germany,Bestwig,,,,,,
Bosnia and Herzegovina,Bijeljina,,,,,,
Belgium,Bilzen,,,,,,
Spain,Boadilla Del Monte,,,,,,
Panama,Changuinola,,,,,,
India,Chapar,,,,,,
Thailand,Chiang Khong,,,,,,
Poland,Chrzanow,,,,,,
United States of America,Claremont,,,,,,
Mexico,Coatepec,,,,,,
United States of America,Crawfordsville,,,,,,
Brazil,Cristalina,,,,,,
Mexico,Cuilapam,,,,,,
Kazakhstan,Balkhash,,,,,,
Syrian Arab Republic,Baniyas,,,,,,
India,Bardoli,,,,,,
United States of America,Bardstown,,,,,,
Brazil,Barreiros,,,,,,
Ecuador,Cariamanga,,,,,,
United States of America,Cartersville,,,,,,
United States of America,Carthage,,,,,,
Brazil,Catende,,,,,,
Brazil,Caxias,,,,,,
South Africa,Bronkhorstspruit,,,,,,
India,Budhlada,,,,,,
United States of America,Bakersfield,,,,,,
Thailand,Bamnet Narong,,,,,,
India,Banapur,,,,,,
Unknown,Bang Lamung,,,,,,
Slovakia,Bardejov,,,,,,
Philippines,Bislig,,,,,,
Indonesia,Blora,,,,,,
Sweden,Boden,,,,,,
Poland,Boleslawiec,,,,,,
Brazil,Boqueirao,,,,,,
Mali,Bougouni,,,,,,
Germany,Bretzfeld,,,,,,
Serbia,Becej,,,,,,
Ukraine,Berezhany,,,,,,
Germany,Bergneustadt,,,,,,
Turkey,Besikduzu,,,,,,
India,Aurad,,,,,,
Germany,Bad Bramstedt,,,,,,
Germany,Bad Soden Salmunster,,,,,,
Togo,Badou,,,,,,
Italy,Arluno,,,,,,
Egypt,Asyut,,,,,,
Togo,Bafilo,,,,,,
France,Bailleul,,,,,,
India,Baripada,,,,,,
Belize,Belmopan,,,,,,
United States of America,Berkeley Heights,,,,,,
United States of America,Billerica,,,,,,
Brazil,Boca Do Acre,,,,,,
Romania,Bolintinu Din Vale,,,,,,
Brazil,Brasileia,,,,,,
United Kingdom of Great Britain and Northern Ireland,Bridlington,,,,,,
Turkey,Bucak,,,,,,
Colombia,Buga,,,,,,
Kenya,Butere,,,,,,
United States of America,Butte,,,,,,
Italy,Carovigno,,,,,,
Spain,Cartama,,,,,,
Portugal,Charneca De Caparica,,,,,,
France,Chateauroux,,,,,,
United Kingdom of Great Britain and Northern Ireland,Cheshunt,,,,,,
India,Chhatarpur,,,,,,
United States of America,Claremore,,,,,,
Portugal,Abrantes,,,,,,
Brazil,Acarau,,,,,,
Eritrea,Addi Ugri,,,,,,
Benin,Allada,,,,,,
United States of America,Allouez,,,,,,
Spain,Muros,,,,,,
Myanmar,Myanaung,,,,,,
India,Narayanavanam,,,,,,
Spain,Naron,,,,,,
United States of America,Nashua,,,,,,
United States of America,Newton,,,,,,
United States of America,Norman,,,,,,
Cameroon,Obala,,,,,,
Uzbekistan,Ohangaron,,,,,,
China,Linshui,,,,,,
Germany,Lubbenau,,,,,,
France,Luce,,,,,,
Russian Federation,Lyubinskiy,,,,,,
South Africa,Mabopane,,,,,,
India,Mahbubnagar,,,,,,
Croatia,Makarska,,,,,,
United States of America,Manassas,,,,,,
Unknown,Marina,,,,,,
Germany,Marl,,,,,,
Egypt,Marsa Matruh,,,,,,
India,Medak,,,,,,
United States of America,Medford,,,,,,
United States of America,Melrose Park,,,,,,
United States of America,Mililani Town,,,,,,
United States of America,Millville,,,,,,
Myanmar,Minbu,,,,,,
Dominican Republic,Monte Cristi,,,,,,
France,Montelimar,,,,,,
United States of America,Morgan City,,,,,,
Brazil,Presidente Olegario,,,,,,
Egypt,Qena,,,,,,
Israel,Qiryat Bialik,,,,,,
Brazil,Quixeramobim,,,,,,
Tunisia,Qurunbaliyah,,,,,,
Republic of North Macedonia,Lipkovo,,,,,,
United States of America,Little Ferry,,,,,,
Russian Federation,Lokomotivnyy,,,,,,
Brazil,Luz,,,,,,
Belgium,Machelen,,,,,,
Myanmar,Mae Sai,,,,,,
Russian Federation,Magdagachi,,,,,,
Indonesia,Majalaya,,,,,,
India,Malkangiri,,,,,,
Turkey,Manisa,,,,,,
United States of America,Rosedale,,,,,,
United States of America,Rutherford,,,,,,
Japan,Sadowara,,,,,,
Mexico,Ramos Arizpe,,,,,,
Italy,Ravenna,,,,,,
France,Rennes,,,,,,
Switzerland,Richterswil,,,,,,
Brazil,Rio Claro,,,,,,
Colombia,Riohacha,,,,,,
United States of America,Rogers,,,,,,
Viet Nam,Son Tay,,,,,,
Belgium,Sprimont,,,,,,
Bulgaria,Stara Zagora,,,,,,
Russian Federation,Stavropol,,,,,,
United States of America,Lake Mary,,,,,,
United States of America,Lakeland,,,,,,
France,Le Kremlin Bicetre,,,,,,
South Africa,Lebowakgomo,,,,,,
Sweden,Lerum,,,,,,
Brazil,Missao Velha,,,,,,
Guatemala,Mixco,,,,,,
United Republic of Tanzania,Mkuranga,,,,,,
Central African Republic,Mongoumba,,,,,,
Russian Federation,Monino,,,,,,
United States of America,Montclair,,,,,,
Mali,Markala,,,,,,
Morocco,Marrakesh,,,,,,
Jamaica,May Pen,,,,,,
Germany,Merzig,,,,,,
Uganda,Mukono,,,,,,
United Republic of Tanzania,Muriti,,,,,,
United States of America,Muskegon Heights,,,,,,
Zimbabwe,Mutare,,,,,,
Burundi,Muyinga,,,,,,
United Republic of Tanzania,Namikupa,,,,,,
Unknown,Naruto,,,,,,
Japan,Natori,,,,,,
India,Navsari,,,,,,
France,Neuilly Sur Marne,,,,,,
United States of America,New Bern,,,,,,
Poland,Nidzica,,,,,,
Belgium,Ninove,,,,,,
Japan,Ome,,,,,,
Italy,Opera,,,,,,
Philippines,Orion,,,,,,
Russian Federation,Osinniki,,,,,,
Sweden,Oskarshamn,,,,,,
Portugal,Ourem,,,,,,
India,Pakaur,,,,,,
Italy,Palagonia,,,,,,
Indonesia,Palimanan,,,,,,
Ghana,Kpandu,,,,,,
Unknown,Kristiansund,,,,,,
Spain,La Baneza,,,,,,
France,La Garenne Colombes,,,,,,
United States of America,La Puente,,,,,,
Indonesia,Labuhan Deli,,,,,,
Germany,Norden,,,,,,
United States of America,North Branch,,,,,,
United States of America,North Creek,,,,,,
United States of America,North Las Vegas,,,,,,
Philippines,Noveleta,,,,,,
Ukraine,Novyy Buh,,,,,,
United States of America,Odenton,,,,,,
United States of America,San Fernando,,,,,,
Guatemala,San Francisco Zapotitlan,,,,,,
Guatemala,San Juan Cotzal,,,,,,
Argentina,San Juan,,,,,,
Italy,San Martino Di Lupari,,,,,,
Portugal,Santarem,,,,,,
Brazil,Sao Bernardo,,,,,,
Brazil,Sao Jeronimo,,,,,,
Brazil,Sao Jose Do Rio Preto,,,,,,
Japan,Shimminato,,,,,,
Japan,Shiroi,,,,,,
United States of America,Shively,,,,,,
United States of America,Sidney,,,,,,
Italy,Siena,,,,,,
Sudan,Sinkat,,,,,,
Belgium,Sint Truiden,,,,,,
United States of America,Skokie,,,,,,
Croatia,Slavonski Brod,,,,,,
Bulgaria,Sliven,,,,,,
France,Sotteville Les Rouen,,,,,,
France,Sucy En Brie,,,,,,
Poland,Swietochlowice,,,,,,
China,Tainan,,,,,,
India,Tajpur,,,,,,
Chile,Talcahuano,,,,,,
Estonia,Tallinn,,,,,,
Mexico,Tamuin,,,,,,
Brazil,Taquari,,,,,,
Russian Federation,Tbilisskaya,,,,,,
Mexico,Tecate,,,,,,
Belgium,Temse,,,,,,
France,Issoudun,,,,,,
Brazil,Itajuipe,,,,,,
India,Jaitaran,,,,,,
Finland,Jamsa,,,,,,
India,Jansath,,,,,,
Brazil,Jarinu,,,,,,
Germany,Nordhorn,,,,,,
United States of America,Normal,,,,,,
United States of America,North Royalton,,,,,,
France,Noumea,,,,,,
Slovakia,Nova Dubnica,,,,,,
Germany,Nuremberg,,,,,,
United States of America,Oak Ridge,,,,,,
Japan,Ogaki,,,,,,
Japan,Ogori,,,,,,
Italy,Oleggio,,,,,,
India,Ondal,,,,,,
India,Palia Kalan,,,,,,
Uganda,Pallisa,,,,,,
Netherlands,Enkhuizen,,,,,,
Germany,Eschwege,,,,,,
Somalia,Eyl,,,,,,
United States of America,Farragut,,,,,,
China,Fengkou,,,,,,
China,Fengrun,,,,,,
Brazil,Florestopolis,,,,,,
India,Fort Gloster,,,,,,
United States of America,Foxborough,,,,,,
United States of America,Franklin Park,,,,,,
Italy,Frosinone,,,,,,
Japan,Fujioka,,,,,,
United States of America,Gary,,,,,,
Nigeria,Gbongan,,,,,,
Belgium,Genappe,,,,,,
Russian Federation,Sovetskaya Gavan,,,,,,
United States of America,Starkville,,,,,,
United States of America,Steger,,,,,,
United Kingdom of Great Britain and Northern Ireland,Stockton On Tees,,,,,,
Mexico,Suchiapa,,,,,,
Georgia,Sukhumi,,,,,,
Israel,Tayibe,,,,,,
Brazil,Terra Nova,,,,,,
Mexico,Teziutlan,,,,,,
Mexico,Tezoyuca,,,,,,
Philippines,Tigaon,,,,,,
Hungary,Tiszafured,,,,,,
Hungary,Tiszaujvaros,,,,,,
Mexico,Tlaxiaco,,,,,,
Colombia,Tocaima,,,,,,
Japan,Towada,,,,,,
Brazil,Tres Lagoas,,,,,,
Japan,Tsuchiura,,,,,,
Libya,Tukrah,,,,,,
United States of America,Ukiah,,,,,,
Malaysia,Sungai Udang,,,,,,
India,Suriapet,,,,,,
China,Taicheng,,,,,,
Indonesia,Tarakan,,,,,,
Spain,Tarifa,,,,,,
South Africa,Umkomaas,,,,,,
Russian Federation,Ust Katav,,,,,,
Brazil,Vazante,,,,,,
France,Vendome,,,,,,
Cuba,Venezuela,,,,,,
Mexico,Veracruz,,,,,,
Japan,Kani,,,,,,
United States of America,Kapaa,,,,,,
United Kingdom of Great Britain and Northern Ireland,Kendal,,,,,,
United States of America,Grand Prairie,,,,,,
United States of America,Groveton,,,,,,
Costa Rica,Guacimo,,,,,,
Mexico,Guerrero Negro,,,,,,
Unknown,Gwadar,,,,,,
Jamaica,Half Way Tree,,,,,,
United Kingdom of Great Britain and Northern Ireland,Hinckley,,,,,,
Germany,Hockenheim,,,,,,
Germany,Holzwickede,,,,,,
Mexico,Huamantla,,,,,,
United States of America,Huntington Beach,,,,,,
United States of America,Huron,,,,,,
Italy,Iesolo,,,,,,
United Republic of Tanzania,Igurubi,,,,,,
Brazil,Ipojuca,,,,,,
Brazil,Itatiaia,,,,,,
Russian Federation,Kamen Na Obi,,,,,,
France,Frejus,,,,,,
Spain,Galapagar,,,,,,
United States of America,Galena Park,,,,,,
Sweden,Falkenberg,,,,,,
Portugal,Feira,,,,,,
India,Lalsot,,,,,,
Germany,Langenfeld,,,,,,
United States of America,Lawrence,,,,,,
France,Le Creusot,,,,,,
United States of America,Leeds,,,,,,
Unknown,Leirvik,,,,,,
Italy,Leonforte,,,,,,
United States of America,Lexington Fayette,,,,,,
China,Luancheng,,,,,,
Japan,Maebaru,,,,,,
India,Mailani,,,,,,
India,Makum,,,,,,
Cuba,Manati,,,,,,
India,Mandapam,,,,,,
India,Mandapeta,,,,,,
Tunisia,Manzil Tamim,,,,,,
Russian Federation,Yemelyanovo,,,,,,
South Sudan,Yirol,,,,,,
United States of America,Youngstown,,,,,,
Netherlands,Zaanstad,,,,,,
Pakistan,Zahir Pir,,,,,,
Pakistan,Zaida,,,,,,
Netherlands,Zuidhorn,,,,,,
United States of America,Hillside,,,,,,
India,Hiriyur,,,,,,
Mexico,Huixtla,,,,,,
United States of America,Humacao,,,,,,
Yemen,Ibb,,,,,,
Brazil,Ibiruba,,,,,,
Peru,Ica,,,,,,
Nigeria,Ikole,,,,,,
Sierra Leone,Freetown,,,,,,
Russian Federation,Furmanov,,,,,,
South Africa,Marquard,,,,,,
Zambia,Mazabuka,,,,,,
United States of America,Memphis,,,,,,
South Africa,Krugersdorp,,,,,,
United States of America,La Grande,,,,,,
Italy,Adria,,,,,,
India,Alandur,,,,,,
Brazil,Alta Floresta,,,,,,
Brazil,Amarante Do Maranhao,,,,,,
Iran (Islamic Republic of),Azar Shahr,,,,,,
China,Badaojiang,,,,,,
Bangladesh,Badarganj,,,,,,
India,Buldana,,,,,,
Germany,Burgkirchen,,,,,,
Chile,Cabildo,,,,,,
Brazil,Caico,,,,,,
Australia,Cairns,,,,,,
United States of America,Caledonia,,,,,,
Brazil,Cangucu,,,,,,
Philippines,Carigara,,,,,,
United States of America,Chesapeake,,,,,,
India,Chittur,,,,,,
United States of America,Chowchilla,,,,,,
United States of America,Colonial Park,,,,,,
Italy,Conegliano,,,,,,
Poland,Czechowice Dziedzice,,,,,,
Italy,Corigliano Calabro,,,,,,
Russian Federation,Dalnerechensk,,,,,,
Egypt,Damietta,,,,,,
India,Dandeli,,,,,,
South Africa,De Aar,,,,,,
Netherlands,Delft,,,,,,
Democratic Republic of the Congo,Demba,,,,,,
India,Digapahandi,,,,,,
Côte d'Ivoire,Dimbokro,,,,,,
Germany,Donauworth,,,,,,
United Kingdom of Great Britain and Northern Ireland,Dalkeith,,,,,,
India,Deoli,,,,,,
India,Dharampuri,,,,,,
Greece,Diavata,,,,,,
Belgium,Dinant,,,,,,
Mali,Dire,,,,,,
Ukraine,Dzhankoy,,,,,,
Bulgaria,Elhovo,,,,,,
Russian Federation,Novomoskovsk,,,,,,
Russian Federation,Novopodrezkovo,,,,,,
Pakistan,Nowshera,,,,,,
Russian Federation,Noyabrsk,,,,,,
Uzbekistan,Nurota,,,,,,
Germany,Oberkirch,,,,,,
Serbia,Nova Pazova,,,,,,
Japan,Yuki,,,,,,
Venezuela (Bolivarian Republic of),Zaraza,,,,,,
Russian Federation,Zarechnyy,,,,,,
United States of America,Yeehaw Junction,,,,,,
Ukraine,Berdychiv,,,,,,
India,Bodhan,,,,,,
France,Chateaudun,,,,,,
United States of America,Chattanooga,,,,,,
Russian Federation,Chernyakhovsk,,,,,,
United Kingdom of Great Britain and Northern Ireland,Chesham,,,,,,
India,Chettipalaiyam,,,,,,
China,Chupei,,,,,,
Cuba,Ciego De Avila,,,,,,
Mexico,Compostela,,,,,,
China,Baijiantan,,,,,,
India,Baloda,,,,,,
